"","Vaccine.Exemption","Dose","Geography.Type","Geography","School.Year","Estimate....","Population.Size","Percent.Surveyed","Footnotes","Number.of.Exemptions","Survey.Type"
"1","MMR","","States","Kansas","2022-23","91.6",35543,30.8,"†. ‡. §",NA,"Stratified 1-stage cluster sample"
"2","MMR","","States","Kentucky","2022-23","90.1",54742,96.9,">=. ‡. §",NA,"Census"
"3","MMR","","States","Louisiana","2022-23","92.2",54314,100,"*",NA,"Census"
"4","MMR","","States","Maine","2022-23","96.8",12403,93.9,"",NA,"Census"
"5","MMR","","States","Maryland","2022-23","96.7",59684,100,"*. ‡",NA,"Census"
"6","MMR","","States","Massachusetts","2022-23","96.5",66041,100,"*. ‡",NA,"Census"
"7","MMR","","States","Michigan","2022-23","92.9",113678,100,"*",NA,"Census"
"8","MMR","","States","Minnesota","2022-23","87.6",68152,97.9,"",NA,"Census"
"9","MMR","","States","Mississippi","2022-23","98.4",36048,100,">=. *",NA,"Census"
"10","MMR","","States","Missouri","2022-23","91.3",69126,100,"*",NA,"Census"
"11","MMR","","States","Nebraska","2022-23","95.1",23176,100,"*. ‡",NA,"Census"
"12","MMR","","States","Nevada","2022-23","92.8",34333,89.1,"",NA,"Vol. response (pub.), census (pvt.)"
"13","MMR","","States","New Hampshire","2022-23","89.4",11332,100,">=. §. *",NA,"Census"
"14","MMR","","States","New Jersey","2022-23","94.3",104468,100,">=. §. *",NA,"Census"
"15","MMR","","States","New Mexico","2022-23","94.9",21068,100,"*",NA,"Census"
"16","MMR","","States","New York","2022-23","97.9",205906,96.6,"",NA,"Census (pub.), vol. response (pvt.)"
"17","MMR","","States","NY-City of New York","2022-23","97.3",85379,97.6,"",NA,"Census (pub.), vol. response (pvt.)"
"18","MMR","","States","North Carolina","2022-23","94.0",125679,83.1,"§. ‡",NA,"Vol. response"
"19","MMR","","States","North Dakota","2022-23","92.0",10554,99.4,"",NA,"Census"
"20","MMR","","States","Ohio","2022-23","89.3",134893,93.7,"",NA,"Census (pub.), vol. response (pvt.)"
"21","MMR","","States","Oklahoma","2022-23","89.6",52548,89.5,"‡",NA,"Census (pub.), vol. response (pvt.)"
"22","MMR","","States","Oregon","2022-23","91.9",40963,100,"*. ‡",NA,"Census"
"23","MMR","","States","Pennsylvania","2022-23","94.0",137259,97.2,"",NA,"Census (pub.), vol. response (pvt.)"
"24","MMR","","States","Rhode Island","2022-23","96.9",10532,96.5,"‡. §",NA,"Census"
"25","MMR","","States","South Carolina","2022-23","93.2",58878,28.1,"†",NA,"Stratified 1-stage cluster sample"
"26","MMR","","National","United States","2022-23","93.1",3832381,92.9,"",NA,""
"27","MMR","","States","South Dakota","2022-23","92.5",12081,100,"*",NA,"Census"
"28","MMR","","States","Tennessee","2022-23","95.4",79692,100,"§. *",NA,"Census"
"29","MMR","","States","Texas","2022-23","94.2",381680,98,"‡. §",NA,"Census"
"30","MMR","","States","Utah","2022-23","90.0",46635,100,"*",NA,"Census"
"31","MMR","","States","Vermont","2022-23","93.1",5816,100,"*",NA,"Census"
"32","MMR","","States","Virginia","2022-23","95.8",93271,1.6,"†",NA,"Stratified 2-stage cluster sample"
"33","MMR","","States","Washington","2022-23","91.4",86284,97.9,"§",NA,"Census"
"34","MMR","","States","West Virginia","2022-23","95.6",19175,86.1,">=. ‡. §",NA,"Vol. response (pub.), census (pvt.)"
"35","MMR","","States","Wisconsin","2022-23","86.5",63593,93.9,"‡",NA,"Census (pub.), vol. response (pvt.)"
"36","MMR","","States","Wyoming","2022-23","90.8",7060,100,"*",NA,"Census"
"37","DTP, DTaP, or DT","","States","Alabama","2022-23","93.9",59113,100,">=. *",NA,"Census"
"38","DTP, DTaP, or DT","","States","Alaska","2022-23","83.8",9650,88.8,"¶",NA,"Vol. response (pub.), not conducted (pvt.)"
"39","DTP, DTaP, or DT","","States","Arizona","2022-23","89.6",80814,97.7,"",NA,"Census"
"40","DTP, DTaP, or DT","","States","Arkansas","2022-23","90.6",38358,95.8,"",NA,"Census (pub.), vol. response (pvt.)"
"41","DTP, DTaP, or DT","","States","California","2022-23","95.6",541132,100,"‡",NA,"Census"
"42","DTP, DTaP, or DT","","States","Colorado","2022-23","87.2",65576,97.2,"",NA,"Census"
"43","DTP, DTaP, or DT","","States","Connecticut","2022-23","97.3",35580,100,"*",NA,"Census"
"44","DTP, DTaP, or DT","","States","Delaware","2022-23","93.8",10674,9.7,"‡",NA,"Stratified 2-stage cluster sample"
"45","DTP, DTaP, or DT","","States","District of Columbia","2022-23","85.0",8064,100,"*",NA,"Census"
"46","DTP, DTaP, or DT","","States","Florida","2022-23","90.6",230309,97.7,">=",NA,"Census"
"47","DTP, DTaP, or DT","","States","Georgia","2022-23","88.1",123771,100,">=. *",NA,"Census"
"48","DTP, DTaP, or DT","","States","Hawaii","2022-23","87.0",13195,8.1,"",NA,"Stratified 2-stage cluster sample"
"49","DTP, DTaP, or DT","","States","Idaho","2022-23","81.0",23721,99.3,"",NA,"Census"
"50","DTP, DTaP, or DT","","States","Illinois","2022-23","91.5",135332,100,"*",NA,"Census"
"51","DTP, DTaP, or DT","","States","Indiana","2022-23","83.0",81307,87.5,"§",NA,"Vol. response (pub.), census (pvt.)"
"52","DTP, DTaP, or DT","","States","Iowa","2022-23","89.9",39178,100,">=. *",NA,"Census"
"53","DTP, DTaP, or DT","","States","Kansas","2022-23","90.5",35543,30.8,"†. ‡. §",NA,"Stratified 1-stage cluster sample"
"54","DTP, DTaP, or DT","","States","Kentucky","2022-23","90.6",54742,96.9,">=. ‡. §",NA,"Census"
"55","DTP, DTaP, or DT","","States","Louisiana","2022-23","93.1",54314,100,"*",NA,"Census"
"56","DTP, DTaP, or DT","","States","Maine","2022-23","96.6",12403,93.9,"",NA,"Census"
"57","DTP, DTaP, or DT","","States","Maryland","2022-23","96.9",59684,100,"*. ‡",NA,"Census"
"58","DTP, DTaP, or DT","","States","Massachusetts","2022-23","96.2",66041,100,"*. ‡",NA,"Census"
"59","DTP, DTaP, or DT","","States","Michigan","2022-23","93.1",113678,100,"*",NA,"Census"
"60","DTP, DTaP, or DT","","States","Minnesota","2022-23","88.3",68152,97.9,"",NA,"Census"
"61","DTP, DTaP, or DT","","States","Mississippi","2022-23","98.4",36048,100,">=. *",NA,"Census"
"62","DTP, DTaP, or DT","","States","Missouri","2022-23","91.1",69126,100,"*",NA,"Census"
"63","DTP, DTaP, or DT","","States","Nebraska","2022-23","95.7",23176,100,"*. ‡",NA,"Census"
"64","DTP, DTaP, or DT","","States","Nevada","2022-23","92.2",34333,89.1,"",NA,"Vol. response (pub.), census (pvt.)"
"65","DTP, DTaP, or DT","","States","New Hampshire","2022-23","89.4",11332,100,">=. §. *",NA,"Census"
"66","DTP, DTaP, or DT","","States","New Jersey","2022-23","94.3",104468,100,">=. §. *",NA,"Census"
"67","DTP, DTaP, or DT","","States","New Mexico","2022-23","94.7",21068,100,"*",NA,"Census"
"68","DTP, DTaP, or DT","","States","New York","2022-23","97.2",205906,96.6,"",NA,"Census (pub.), vol. response (pvt.)"
"69","DTP, DTaP, or DT","","States","NY-City of New York","2022-23","96.3",85379,97.6,"",NA,"Census (pub.), vol. response (pvt.)"
"70","DTP, DTaP, or DT","","States","North Carolina","2022-23","93.7",125679,83.1,"§. ‡",NA,"Vol. response"
"71","DTP, DTaP, or DT","","States","North Dakota","2022-23","91.8",10554,99.4,"",NA,"Census"
"72","DTP, DTaP, or DT","","States","Ohio","2022-23","89.4",134893,93.7,"",NA,"Census (pub.), vol. response (pvt.)"
"73","DTP, DTaP, or DT","","States","Oklahoma","2022-23","90.0",52548,89.5,"‡",NA,"Census (pub.), vol. response (pvt.)"
"74","DTP, DTaP, or DT","","States","Oregon","2022-23","90.9",40963,100,"*. ‡",NA,"Census"
"75","DTP, DTaP, or DT","","States","Pennsylvania","2022-23","94.3",137259,97.2,"",NA,"Census (pub.), vol. response (pvt.)"
"76","Varicella","1 Dose (or disease history)","States","Arkansas","2022-23","NReq",38358,95.8,"",NA,"Census (pub.), vol. response (pvt.)"
"77","Varicella","1 Dose (or disease history)","States","California","2022-23","NReq",541132,100,"‡",NA,"Census"
"78","Varicella","1 Dose (or disease history)","States","Colorado","2022-23","NReq",65576,97.2,"",NA,"Census"
"79","Varicella","1 Dose (or disease history)","States","Connecticut","2022-23","NReq",35580,100,"*",NA,"Census"
"80","Varicella","1 Dose (or disease history)","States","Delaware","2022-23","NReq",10674,9.7,"‡",NA,"Stratified 2-stage cluster sample"
"81","Varicella","1 Dose (or disease history)","States","District of Columbia","2022-23","NReq",8064,100,"*",NA,"Census"
"82","Varicella","1 Dose (or disease history)","States","Florida","2022-23","NReq",230309,97.7,">=",NA,"Census"
"83","Varicella","1 Dose (or disease history)","States","Georgia","2022-23","NReq",123771,100,">=. *",NA,"Census"
"84","Varicella","1 Dose (or disease history)","States","Hawaii","2022-23","NReq",13195,8.1,"",NA,"Stratified 2-stage cluster sample"
"85","Varicella","1 Dose (or disease history)","States","Idaho","2022-23","NReq",23721,99.3,"",NA,"Census"
"86","Varicella","1 Dose (or disease history)","States","Illinois","2022-23","NReq",135332,100,"*",NA,"Census"
"87","Varicella","1 Dose (or disease history)","States","Indiana","2022-23","NReq",81307,87.5,"§",NA,"Vol. response (pub.), census (pvt.)"
"88","Varicella","1 Dose (or disease history)","States","Iowa","2022-23","NReq",39178,100,">=. *",NA,"Census"
"89","Varicella","1 Dose (or disease history)","States","Kansas","2022-23","NReq",35543,30.8,"†. ‡. §",NA,"Stratified 1-stage cluster sample"
"90","Varicella","1 Dose (or disease history)","States","Kentucky","2022-23","NReq",54742,96.9,">=. ‡. §",NA,"Census"
"91","Varicella","1 Dose (or disease history)","States","Louisiana","2022-23","NReq",54314,100,"*",NA,"Census"
"92","Varicella","1 Dose (or disease history)","States","Maine","2022-23","NReq",12403,93.9,"",NA,"Census"
"93","Varicella","1 Dose (or disease history)","States","Maryland","2022-23","NReq",59684,100,"*. ‡",NA,"Census"
"94","Varicella","1 Dose (or disease history)","States","Massachusetts","2022-23","NReq",66041,100,"*. ‡",NA,"Census"
"95","Varicella","1 Dose (or disease history)","States","Michigan","2022-23","NReq",113678,100,"*",NA,"Census"
"96","Varicella","1 Dose (or disease history)","States","Minnesota","2022-23","NReq",68152,97.9,"",NA,"Census"
"97","Varicella","1 Dose (or disease history)","States","Mississippi","2022-23","NReq",36048,100,">=. *",NA,"Census"
"98","Varicella","1 Dose (or disease history)","States","Missouri","2022-23","NReq",69126,100,"*",NA,"Census"
"99","Varicella","1 Dose (or disease history)","States","Nebraska","2022-23","NReq",23176,100,"*. ‡",NA,"Census"
"100","Varicella","1 Dose (or disease history)","States","Nevada","2022-23","NReq",34333,89.1,"",NA,"Vol. response (pub.), census (pvt.)"
"101","Varicella","1 Dose (or disease history)","States","New Hampshire","2022-23","NReq",11332,100,">=. §. *",NA,"Census"
"102","Varicella","1 Dose (or disease history)","States","New Jersey","2022-23","94.3",104468,100,">=. §. *",NA,"Census"
"103","Varicella","1 Dose (or disease history)","States","New Mexico","2022-23","NReq",21068,100,"*",NA,"Census"
"104","Varicella","1 Dose (or disease history)","States","New York","2022-23","NReq",205906,96.6,"",NA,"Census (pub.), vol. response (pvt.)"
"105","Varicella","1 Dose (or disease history)","States","NY-City of New York","2022-23","NReq",85379,97.6,"",NA,"Census (pub.), vol. response (pvt.)"
"106","Varicella","1 Dose (or disease history)","States","North Carolina","2022-23","NReq",125679,83.1,"§. ‡",NA,"Vol. response"
"107","Varicella","1 Dose (or disease history)","States","North Dakota","2022-23","NReq",10554,99.4,"",NA,"Census"
"108","Varicella","1 Dose (or disease history)","States","Ohio","2022-23","NReq",134893,93.7,"",NA,"Census (pub.), vol. response (pvt.)"
"109","Varicella","1 Dose (or disease history)","States","Oklahoma","2022-23","94.6",52548,89.5,"‡",NA,"Census (pub.), vol. response (pvt.)"
"110","Varicella","1 Dose (or disease history)","States","Oregon","2022-23","94.1",40963,100,"*. ‡",NA,"Census"
"111","Varicella","1 Dose (or disease history)","States","Pennsylvania","2022-23","NReq",137259,97.2,"",NA,"Census (pub.), vol. response (pvt.)"
"112","Varicella","1 Dose (or disease history)","States","Rhode Island","2022-23","NReq",10532,96.5,"‡. §",NA,"Census"
"113","Varicella","1 Dose (or disease history)","States","South Carolina","2022-23","NReq",58878,28.1,"†",NA,"Stratified 1-stage cluster sample"
"114","Varicella","1 Dose (or disease history)","States","South Dakota","2022-23","NReq",12081,100,"*",NA,"Census"
"115","Varicella","1 Dose (or disease history)","States","Tennessee","2022-23","NReq",79692,100,"§. *",NA,"Census"
"116","Varicella","1 Dose (or disease history)","States","Texas","2022-23","NReq",381680,98,"‡. §",NA,"Census"
"117","Varicella","1 Dose (or disease history)","States","Utah","2022-23","NReq",46635,100,"*",NA,"Census"
"118","Varicella","1 Dose (or disease history)","States","Vermont","2022-23","NReq",5816,100,"*",NA,"Census"
"119","Varicella","1 Dose (or disease history)","States","Virginia","2022-23","NReq",93271,1.6,"†",NA,"Stratified 2-stage cluster sample"
"120","Varicella","1 Dose (or disease history)","States","Washington","2022-23","NReq",86284,97.9,"§",NA,"Census"
"121","Varicella","1 Dose (or disease history)","States","West Virginia","2022-23","NReq",19175,86.1,">=. ‡. §",NA,"Vol. response (pub.), census (pvt.)"
"122","Varicella","1 Dose (or disease history)","States","Wisconsin","2022-23","NReq",63593,93.9,"‡",NA,"Census (pub.), vol. response (pvt.)"
"123","Varicella","1 Dose (or disease history)","States","Wyoming","2022-23","NReq",7060,100,"*",NA,"Census"
"124","Varicella","2 Doses (or disease history)","States","Alabama","2022-23","NReq",59113,100,">=. *",NA,"Census"
"125","Varicella","2 Doses (or disease history)","States","Alaska","2022-23","81.8",9650,88.8,"",NA,"Vol. response (pub.), not conducted (pvt.)"
"126","Varicella","2 Doses (or disease history)","States","Arizona","2022-23","NReq",80814,97.7,"",NA,"Census"
"127","DTP, DTaP, or DT","","States","Rhode Island","2022-23","96.9",10532,96.5,"‡. §",NA,"Census"
"128","DTP, DTaP, or DT","","States","South Carolina","2022-23","92.1",58878,28.1,"†",NA,"Stratified 1-stage cluster sample"
"129","DTP, DTaP, or DT","","States","South Dakota","2022-23","92.2",12081,100,"*",NA,"Census"
"130","DTP, DTaP, or DT","","States","Tennessee","2022-23","94.8",79692,100,"§. *",NA,"Census"
"131","DTP, DTaP, or DT","","States","Texas","2022-23","93.8",381680,98,"‡. §",NA,"Census"
"132","DTP, DTaP, or DT","","States","Utah","2022-23","89.7",46635,100,"*",NA,"Census"
"133","DTP, DTaP, or DT","","States","Vermont","2022-23","92.8",5816,100,"*",NA,"Census"
"134","DTP, DTaP, or DT","","States","Virginia","2022-23","97.8",93271,1.6,"†",NA,"Stratified 2-stage cluster sample"
"135","DTP, DTaP, or DT","","States","Washington","2022-23","90.1",86284,97.9,"§",NA,"Census"
"136","DTP, DTaP, or DT","","States","West Virginia","2022-23","95.6",19175,86.1,">=. ‡. §",NA,"Vol. response (pub.), census (pvt.)"
"137","DTP, DTaP, or DT","","States","Wisconsin","2022-23","87.0",63593,93.9,"‡",NA,"Census (pub.), vol. response (pvt.)"
"138","DTP, DTaP, or DT","","States","Wyoming","2022-23","89.4",7060,100,"*",NA,"Census"
"139","Varicella","1 Dose (or disease history)","States","Alabama","2022-23","93.9",59113,100,">=. *",NA,"Census"
"140","Varicella","1 Dose (or disease history)","States","Alaska","2022-23","NReq",9650,88.8,"¶",NA,"Vol. response (pub.), not conducted (pvt.)"
"141","Varicella","1 Dose (or disease history)","States","Arizona","2022-23","94.1",80814,97.7,"",NA,"Census"
"142","MMR","","States","Arkansas","2022-23","91.9",38358,95.8,"",NA,"Census (pub.), vol. response (pvt.)"
"143","MMR","","States","California","2022-23","96.5",541132,100,"‡",NA,"Census"
"144","MMR","","States","Colorado","2022-23","87.0",65576,97.2,"",NA,"Census"
"145","MMR","","States","Connecticut","2022-23","97.3",35580,100,"*",NA,"Census"
"146","MMR","","States","Delaware","2022-23","95.1",10674,9.7,"‡",NA,"Stratified 2-stage cluster sample"
"147","MMR","","States","District of Columbia","2022-23","87.5",8064,100,"*",NA,"Census"
"148","MMR","","States","Florida","2022-23","90.6",230309,97.7,">=",NA,"Census"
"149","MMR","","States","Georgia","2022-23","88.1",123771,100,">=. *",NA,"Census"
"150","MMR","","States","Hawaii","2022-23","86.4",13195,8.1,"",NA,"Stratified 2-stage cluster sample"
"151","MMR","","States","Idaho","2022-23","81.3",23721,99.3,"",NA,"Census"
"152","MMR","","States","Illinois","2022-23","91.7",135332,100,"*",NA,"Census"
"153","MMR","","States","Indiana","2022-23","92.0",81307,87.5,"§",NA,"Vol. response (pub.), census (pvt.)"
"154","MMR","","States","Iowa","2022-23","89.9",39178,100,">=. *",NA,"Census"
"155","Varicella","2 Doses (or disease history)","States","Arkansas","2022-23","91.1",38358,95.8,"",NA,"Census (pub.), vol. response (pvt.)"
"156","Varicella","2 Doses (or disease history)","States","California","2022-23","96.1",541132,100,"‡",NA,"Census"
"157","Varicella","2 Doses (or disease history)","States","Colorado","2022-23","85.9",65576,97.2,"",NA,"Census"
"158","Varicella","2 Doses (or disease history)","States","Connecticut","2022-23","97.0",35580,100,"*",NA,"Census"
"159","Varicella","2 Doses (or disease history)","States","Delaware","2022-23","94.0",10674,9.7,"‡",NA,"Stratified 2-stage cluster sample"
"160","Varicella","2 Doses (or disease history)","States","District of Columbia","2022-23","86.8",8064,100,"*",NA,"Census"
"161","Varicella","2 Doses (or disease history)","States","Florida","2022-23","90.6",230309,97.7,">=",NA,"Census"
"162","Varicella","2 Doses (or disease history)","States","Georgia","2022-23","88.1",123771,100,">=. *",NA,"Census"
"163","Varicella","2 Doses (or disease history)","States","Hawaii","2022-23","84.4",13195,8.1,"",NA,"Stratified 2-stage cluster sample"
"164","Varicella","2 Doses (or disease history)","States","Idaho","2022-23","80.7",23721,99.3,"",NA,"Census"
"165","Varicella","2 Doses (or disease history)","States","Illinois","2022-23","91.3",135332,100,"*",NA,"Census"
"166","Varicella","2 Doses (or disease history)","States","Indiana","2022-23","91.6",81307,87.5,"§",NA,"Vol. response (pub.), census (pvt.)"
"167","Varicella","2 Doses (or disease history)","States","Iowa","2022-23","89.9",39178,100,">=. *",NA,"Census"
"168","Varicella","2 Doses (or disease history)","States","Kansas","2022-23","90.8",35543,30.8,"†. ‡. §",NA,"Stratified 1-stage cluster sample"
"169","Varicella","2 Doses (or disease history)","States","Kentucky","2022-23","89.8",54742,96.9,">=. ‡. §",NA,"Census"
"170","Varicella","2 Doses (or disease history)","States","Louisiana","2022-23","93.6",54314,100,"*",NA,"Census"
"171","Varicella","2 Doses (or disease history)","States","Maine","2022-23","96.6",12403,93.9,"",NA,"Census"
"172","Varicella","2 Doses (or disease history)","States","Maryland","2022-23","96.6",59684,100,"*. ‡",NA,"Census"
"173","Varicella","2 Doses (or disease history)","States","Massachusetts","2022-23","96.0",66041,100,"*. ‡",NA,"Census"
"174","Varicella","2 Doses (or disease history)","States","Michigan","2022-23","92.9",113678,100,"*",NA,"Census"
"175","Varicella","2 Doses (or disease history)","States","Minnesota","2022-23","87.9",68152,97.9,"",NA,"Census"
"176","Varicella","2 Doses (or disease history)","States","Mississippi","2022-23","98.4",36048,100,">=. *",NA,"Census"
"177","Varicella","2 Doses (or disease history)","States","Missouri","2022-23","90.8",69126,100,"*",NA,"Census"
"178","Varicella","2 Doses (or disease history)","States","Nebraska","2022-23","94.9",23176,100,"*. ‡",NA,"Census"
"179","Varicella","2 Doses (or disease history)","States","Nevada","2022-23","92.6",34333,89.1,"",NA,"Vol. response (pub.), census (pvt.)"
"180","Varicella","2 Doses (or disease history)","States","New Hampshire","2022-23","89.4",11332,100,">=. §. *",NA,"Census"
"181","Varicella","2 Doses (or disease history)","States","New Jersey","2022-23","NReq",104468,100,">=. §. *",NA,"Census"
"182","Varicella","2 Doses (or disease history)","States","New Mexico","2022-23","94.4",21068,100,"*",NA,"Census"
"183","Varicella","2 Doses (or disease history)","States","New York","2022-23","97.5",205906,96.6,"",NA,"Census (pub.), vol. response (pvt.)"
"184","Varicella","2 Doses (or disease history)","States","NY-City of New York","2022-23","96.7",85379,97.6,"",NA,"Census (pub.), vol. response (pvt.)"
"185","Varicella","2 Doses (or disease history)","States","North Carolina","2022-23","93.6",125679,83.1,"§. ‡",NA,"Vol. response"
"186","Varicella","2 Doses (or disease history)","States","North Dakota","2022-23","91.4",10554,99.4,"",NA,"Census"
"187","Varicella","2 Doses (or disease history)","States","Ohio","2022-23","88.8",134893,93.7,"",NA,"Census (pub.), vol. response (pvt.)"
"188","Varicella","2 Doses (or disease history)","States","Oklahoma","2022-23","NReq",52548,89.5,"‡",NA,"Census (pub.), vol. response (pvt.)"
"189","Varicella","2 Doses (or disease history)","States","Oregon","2022-23","NReq",40963,100,"*. ‡",NA,"Census"
"190","Varicella","2 Doses (or disease history)","States","Pennsylvania","2022-23","93.7",137259,97.2,"",NA,"Census (pub.), vol. response (pvt.)"
"191","Varicella","2 Doses (or disease history)","States","Rhode Island","2022-23","96.3",10532,96.5,"‡. §",NA,"Census"
"192","Varicella","2 Doses (or disease history)","States","South Carolina","2022-23","92.8",58878,28.1,"†",NA,"Stratified 1-stage cluster sample"
"193","Varicella","2 Doses (or disease history)","States","South Dakota","2022-23","92.0",12081,100,"*",NA,"Census"
"194","Varicella","2 Doses (or disease history)","States","Tennessee","2022-23","95.1",79692,100,"§. *",NA,"Census"
"195","Varicella","2 Doses (or disease history)","States","Texas","2022-23","93.7",381680,98,"‡. §",NA,"Census"
"196","Varicella","2 Doses (or disease history)","States","Utah","2022-23","89.6",46635,100,"*",NA,"Census"
"197","Varicella","2 Doses (or disease history)","States","Vermont","2022-23","92.6",5816,100,"*",NA,"Census"
"198","Varicella","2 Doses (or disease history)","States","Virginia","2022-23","95.6",93271,1.6,"†",NA,"Stratified 2-stage cluster sample"
"199","Varicella","2 Doses (or disease history)","States","Washington","2022-23","90.1",86284,97.9,"§",NA,"Census"
"200","Varicella","2 Doses (or disease history)","States","West Virginia","2022-23","95.6",19175,86.1,">=. ‡. §",NA,"Vol. response (pub.), census (pvt.)"
"201","Varicella","2 Doses (or disease history)","States","Wisconsin","2022-23","85.9",63593,93.9,"‡",NA,"Census (pub.), vol. response (pvt.)"
"202","Varicella","2 Doses (or disease history)","States","Wyoming","2022-23","90.5",7060,100,"*",NA,"Census"
"203","Hepatitis B","","States","Alabama","2022-23","NReq",59113,100,">=. *",NA,"Census"
"204","Hepatitis B","","States","Alaska","2022-23","85.5",9650,88.8,"¶",NA,"Vol. response (pub.), not conducted (pvt.)"
"205","Hepatitis B","","States","Arizona","2022-23","92.9",80814,97.7,"",NA,"Census"
"206","Hepatitis B","","States","Arkansas","2022-23","94.6",38358,95.8,"",NA,"Census (pub.), vol. response (pvt.)"
"207","Hepatitis B","","States","California","2022-23","97.3",541132,100,"‡",NA,"Census"
"208","Hepatitis B","","States","Colorado","2022-23","90.9",65576,97.2,"",NA,"Census"
"209","Hepatitis B","","States","Connecticut","2022-23","97.8",35580,100,"*",NA,"Census"
"210","Hepatitis B","","States","Delaware","2022-23","95.6",10674,9.7,"‡",NA,"Stratified 2-stage cluster sample"
"211","Hepatitis B","","States","District of Columbia","2022-23","92.2",8064,100,"*",NA,"Census"
"212","Hepatitis B","","States","Florida","2022-23","90.6",230309,97.7,">=",NA,"Census"
"213","Hepatitis B","","States","Georgia","2022-23","88.1",123771,100,">=. *",NA,"Census"
"214","Hepatitis B","","States","Hawaii","2022-23","88.7",13195,8.1,"",NA,"Stratified 2-stage cluster sample"
"215","Hepatitis B","","States","Idaho","2022-23","86.3",23721,99.3,"",NA,"Census"
"216","Hepatitis B","","States","Indiana","2022-23","94.4",81307,87.5,"§",NA,"Vol. response (pub.), census (pvt.)"
"217","Hepatitis B","","States","Iowa","2022-23","89.9",39178,100,">=. *",NA,"Census"
"218","Hepatitis B","","States","Kansas","2022-23","96.3",35543,30.8,"†. ‡. §",NA,"Stratified 1-stage cluster sample"
"219","Hepatitis B","","States","Kentucky","2022-23","90.7",54742,96.9,">=. ‡. §",NA,"Census"
"220","Hepatitis B","","States","Louisiana","2022-23","99.3",54314,100,"*",NA,"Census"
"221","Hepatitis B","","States","Maine","2022-23","NReq",12403,93.9,"",NA,"Census"
"222","Hepatitis B","","States","Maryland","2022-23","97.0",59684,100,"*. ‡",NA,"Census"
"223","Hepatitis B","","States","Massachusetts","2022-23","97.3",66041,100,"*. ‡",NA,"Census"
"224","Hepatitis B","","States","Michigan","2022-23","95.1",113678,100,"*",NA,"Census"
"225","Hepatitis B","","States","Minnesota","2022-23","93.3",68152,97.9,"",NA,"Census"
"226","Hepatitis B","","States","Mississippi","2022-23","98.4",36048,100,">=. *",NA,"Census"
"227","Hepatitis B","","States","Missouri","2022-23","93.7",69126,100,"*",NA,"Census"
"228","Hepatitis B","","States","Nebraska","2022-23","96.8",23176,100,"*. ‡",NA,"Census"
"229","Hepatitis B","","States","Nevada","2022-23","94.2",34333,89.1,"",NA,"Vol. response (pub.), census (pvt.)"
"230","Hepatitis B","","States","New Hampshire","2022-23","89.4",11332,100,">=. §. *",NA,"Census"
"231","Hepatitis B","","States","New Jersey","2022-23","94.3",104468,100,">=. §. *",NA,"Census"
"232","Hepatitis B","","States","New Mexico","2022-23","96.5",21068,100,"*",NA,"Census"
"233","Hepatitis B","","States","New York","2022-23","98.6",205906,96.6,"",NA,"Census (pub.), vol. response (pvt.)"
"234","Hepatitis B","","States","NY-City of New York","2022-23","97.9",85379,97.6,"",NA,"Census (pub.), vol. response (pvt.)"
"235","Hepatitis B","","States","North Carolina","2022-23","95.3",125679,83.1,"§. ‡",NA,"Vol. response"
"236","Hepatitis B","","States","North Dakota","2022-23","93.7",10554,99.4,"",NA,"Census"
"237","Hepatitis B","","States","Ohio","2022-23","93.0",134893,93.7,"",NA,"Census (pub.), vol. response (pvt.)"
"238","Hepatitis B","","States","Oklahoma","2022-23","94.1",52548,89.5,"‡",NA,"Census (pub.), vol. response (pvt.)"
"239","Hepatitis B","","States","Oregon","2022-23","92.9",40963,100,"*. ‡",NA,"Census"
"240","Hepatitis B","","States","Pennsylvania","2022-23","95.3",137259,97.2,"",NA,"Census (pub.), vol. response (pvt.)"
"241","Exemption","Medical Exemption","States","California","2022-23","0.2",541132,100,"†. ‡",1036,"Census"
"242","Exemption","Medical Exemption","States","Colorado","2022-23","0.3",65576,97.2,">=. §. ||",197,"Census"
"243","Exemption","Medical Exemption","States","Connecticut","2022-23","0.3",35580,100,"†",112,"Census"
"244","Exemption","Medical Exemption","States","Delaware","2022-23","0.1",10674,9.7,"†",15,"Stratified 2-stage cluster sample"
"245","Exemption","Medical Exemption","States","District of Columbia","2022-23","0.3",8064,100,"†",27,"Census"
"246","Exemption","Medical Exemption","States","Florida","2022-23","0.4",230309,97.7,"†",832,"Census"
"247","Exemption","Medical Exemption","States","Georgia","2022-23","0.1",123771,100,"†",147,"Census"
"248","Exemption","Medical Exemption","States","Hawaii","2022-23","0.6",13195,8.1,"†",78,"Stratified 2-stage cluster sample"
"249","Exemption","Medical Exemption","States","Idaho","2022-23","0.5",23721,99.3,"||",126,"Census"
"250","Exemption","Medical Exemption","States","Illinois","2022-23","0.2",135332,100,"†. §",291,"Census"
"251","Exemption","Medical Exemption","States","Indiana","2022-23","0.2",81307,87.5,"†",175,"Vol. response (pub.), census (pvt.)"
"252","Exemption","Medical Exemption","States","Iowa","2022-23","0.2",39178,100,"†",68,"Census"
"253","Exemption","Medical Exemption","States","Kansas","2022-23","0.3",35543,85,"†",116,"Census"
"254","Exemption","Medical Exemption","States","Kentucky","2022-23","0.2",54742,96.9,"†",95,"Census"
"255","Exemption","Medical Exemption","States","Louisiana","2022-23","0.1",54314,100,"<",72,"Census"
"256","Exemption","Medical Exemption","States","Maine","2022-23","0.8",12403,93.9,"",98,"Census"
"257","Exemption","Medical Exemption","States","Maryland","2022-23","0.5",59684,100,"†",307,"Census"
"258","Exemption","Medical Exemption","States","Massachusetts","2022-23","0.2",66041,100,"†",112,"Census"
"259","Exemption","Medical Exemption","States","Michigan","2022-23","0.2",113678,100,"",227,"Census"
"260","Exemption","Medical Exemption","States","Minnesota","2022-23","0.1",68152,97.9,">=. §. ||",100,"Census"
"261","Exemption","Medical Exemption","States","Mississippi","2022-23","0.2",36048,100,"†. ‡",71,"Census"
"262","Exemption","Medical Exemption","States","Missouri","2022-23","0.2",69126,100,">=. †. §",133,"Census"
"263","Exemption","Medical Exemption","States","Nebraska","2022-23","0.5",23176,100,"†",123,"Census"
"264","Exemption","Medical Exemption","States","Nevada","2022-23","0.4",34333,89.1,"†",136,"Vol. response (pub.), census (pvt.)"
"265","Exemption","Medical Exemption","States","New Hampshire","2022-23","0.1",11332,100,"†",15,"Census"
"266","Exemption","Medical Exemption","States","New Jersey","2022-23","0.1",104468,100,"†",133,"Census"
"267","Exemption","Medical Exemption","States","New Mexico","2022-23","0.1",21068,100,"†",28,"Census"
"268","Exemption","Medical Exemption","States","New York","2022-23","0.1",205906,96.6,"†. ‡",247,"Census (pub.), vol. response (pvt.)"
"269","Exemption","Medical Exemption","States","NY-City of New York","2022-23","0.1",85379,97.6,"†. ‡",63,"Census (pub.), vol. response (pvt.)"
"270","Exemption","Medical Exemption","States","North Carolina","2022-23","0.1",125679,83.1,"†",153,"Vol. response"
"271","Exemption","Medical Exemption","States","North Dakota","2022-23","0.2",10554,99.4,"",22,"Census"
"272","Exemption","Medical Exemption","States","Ohio","2022-23","0.2",134893,93.7,"||",275,"Census (pub.), vol. response (pvt.)"
"273","Exemption","Medical Exemption","States","Oklahoma","2022-23","0.4",52548,89.5,"",204,"Census (pub.), vol. response (pvt.)"
"274","Exemption","Medical Exemption","States","Oregon","2022-23","0.1",40963,100,"||",37,"Census"
"275","Exemption","Medical Exemption","States","Pennsylvania","2022-23","0.4",137259,97.2,"",504,"Census (pub.), vol. response (pvt.)"
"276","Exemption","Medical Exemption","States","Rhode Island","2022-23","0.1",10532,96.5,"†",11,"Census"
"277","Exemption","Medical Exemption","States","South Carolina","2022-23","0.2",58878,100,"†",138,"Census"
"278","Exemption","Medical Exemption","States","South Dakota","2022-23","0.1",12081,100,"†",11,"Census"
"279","Exemption","Medical Exemption","States","Tennessee","2022-23","0.2",79692,100,"†",122,"Census"
"280","Exemption","Medical Exemption","States","Texas","2022-23","0.2",381680,98,"||",850,"Census"
"281","Exemption","Medical Exemption","States","Utah","2022-23","0.1",46635,100,"",57,"Census"
"282","Exemption","Medical Exemption","States","Vermont","2022-23","0.2",5816,100,"†",14,"Census"
"283","Exemption","Medical Exemption","States","Virginia","2022-23","0.3",93271,99.1,"†",283,"Census"
"284","Exemption","Medical Exemption","States","Washington","2022-23","0.4",86284,97.9,"",366,"Census"
"285","Exemption","Medical Exemption","States","West Virginia","2022-23","0.0",19175,86.1,"<. †. ‡",7,"Vol. response (pub.), census (pvt.)"
"286","Exemption","Medical Exemption","States","Wisconsin","2022-23","0.5",63593,93.9,"",340,"Census (pub.), vol. response (pvt.)"
"287","Exemption","Medical Exemption","States","Wyoming","2022-23","0.2",7060,100,"†",16,"Census"
"288","Exemption","Non-Medical Exemption","States","Alabama","2022-23","1.9",59113,100,"†",1101,"Census"
"289","Exemption","Non-Medical Exemption","States","Alaska","2022-23","5.0",9650,88.8,"†. ‡‡",478,"Vol. response (pub.), not conducted (pvt.)"
"290","Exemption","Non-Medical Exemption","States","Arizona","2022-23","7.4",80814,97.7,"‡",5944,"Census"
"291","Exemption","Non-Medical Exemption","States","Arkansas","2022-23","3.0",38358,95.8,"",1159,"Census (pub.), vol. response (pvt.)"
"292","Exemption","Non-Medical Exemption","States","Colorado","2022-23","4.0",65576,97.2,">=. §. ||",2621,"Census"
"293","Exemption","Non-Medical Exemption","States","Connecticut","2022-23","0.5",35580,100,"†",185,"Census"
"294","Exemption","Non-Medical Exemption","States","Delaware","2022-23","2.0",10674,9.7,"†",235,"Stratified 2-stage cluster sample"
"295","Exemption","Non-Medical Exemption","States","District of Columbia","2022-23","0.9",8064,100,"†",74,"Census"
"296","Exemption","Non-Medical Exemption","States","Florida","2022-23","4.1",230309,97.7,"†",9495,"Census"
"297","Exemption","Non-Medical Exemption","States","Georgia","2022-23","3.7",123771,100,"†",4536,"Census"
"298","Exemption","Non-Medical Exemption","States","Hawaii","2022-23","5.8",13195,8.1,"†",768,"Stratified 2-stage cluster sample"
"299","Exemption","Non-Medical Exemption","States","Idaho","2022-23","11.5",23721,99.3,"||",2733,"Census"
"300","Exemption","Non-Medical Exemption","States","Illinois","2022-23","1.9",135332,100,"†. §",2538,"Census"
"301","Exemption","Non-Medical Exemption","States","Indiana","2022-23","2.5",81307,87.5,"†",2071,"Vol. response (pub.), census (pvt.)"
"302","Exemption","Non-Medical Exemption","States","Iowa","2022-23","2.8",39178,100,"†",1105,"Census"
"303","Exemption","Non-Medical Exemption","States","Kansas","2022-23","2.6",35543,85,"†",926,"Census"
"304","Exemption","Non-Medical Exemption","States","Kentucky","2022-23","1.6",54742,96.9,"†",863,"Census"
"305","Exemption","Non-Medical Exemption","States","Louisiana","2022-23","2.1",54314,100,"",1155,"Census"
"306","Exemption","Non-Medical Exemption","States","Maine","2022-23","0.1",12403,93.9,"",15,"Census"
"307","Exemption","Non-Medical Exemption","States","Maryland","2022-23","1.4",59684,100,"†",836,"Census"
"308","Exemption","Non-Medical Exemption","States","Massachusetts","2022-23","1.2",66041,100,"†",813,"Census"
"309","Exemption","Non-Medical Exemption","States","Michigan","2022-23","5.2",113678,100,"",5953,"Census"
"310","Exemption","Non-Medical Exemption","States","Minnesota","2022-23","4.3",68152,97.9,">=. §. ||",2948,"Census"
"311","Exemption","Non-Medical Exemption","States","Missouri","2022-23","3.6",69126,100,">=. †. §",2523,"Census"
"312","Exemption","Non-Medical Exemption","States","Nebraska","2022-23","2.1",23176,100,"†",478,"Census"
"313","Exemption","Non-Medical Exemption","States","Nevada","2022-23","5.2",34333,89.1,"†",1776,"Vol. response (pub.), census (pvt.)"
"314","Exemption","Non-Medical Exemption","States","New Hampshire","2022-23","3.2",11332,100,"†",367,"Census"
"315","Exemption","Non-Medical Exemption","States","New Jersey","2022-23","3.0",104468,100,"†",3181,"Census"
"316","Exemption","Non-Medical Exemption","States","New Mexico","2022-23","1.4",21068,100,"†",291,"Census"
"317","Exemption","Non-Medical Exemption","States","North Carolina","2022-23","2.3",125679,83.1,"†",2859,"Vol. response"
"318","Exemption","Non-Medical Exemption","States","North Dakota","2022-23","4.9",10554,99.4,"",520,"Census"
"319","Exemption","Non-Medical Exemption","States","Ohio","2022-23","3.6",134893,93.7,"||",4852,"Census (pub.), vol. response (pvt.)"
"320","Exemption","Non-Medical Exemption","States","Oklahoma","2022-23","4.3",52548,89.5,"",2261,"Census (pub.), vol. response (pvt.)"
"321","Exemption","Non-Medical Exemption","States","Oregon","2022-23","8.1",40963,100,"||",3321,"Census"
"322","Exemption","Non-Medical Exemption","States","Pennsylvania","2022-23","3.5",137259,97.2,"",4716,"Census (pub.), vol. response (pvt.)"
"323","Exemption","Non-Medical Exemption","States","Rhode Island","2022-23","1.4",10532,96.5,"†",143,"Census"
"324","Exemption","Non-Medical Exemption","States","South Carolina","2022-23","3.9",58878,100,"†",2281,"Census"
"325","Exemption","Non-Medical Exemption","States","South Dakota","2022-23","4.0",12081,100,"†",488,"Census"
"326","Exemption","Non-Medical Exemption","States","Tennessee","2022-23","3.0",79692,100,"†",2407,"Census"
"327","Exemption","Non-Medical Exemption","States","Texas","2022-23","3.3",381680,98,"||",12431,"Census"
"328","Exemption","Non-Medical Exemption","States","Utah","2022-23","8.0",46635,100,"",3729,"Census"
"329","Exemption","Non-Medical Exemption","States","Vermont","2022-23","3.3",5816,100,"†",194,"Census"
"330","Exemption","Non-Medical Exemption","States","Virginia","2022-23","1.9",93271,99.1,"†",1772,"Census"
"331","Exemption","Non-Medical Exemption","States","Washington","2022-23","3.2",86284,97.9,">=. §",2757,"Census"
"332","Exemption","Non-Medical Exemption","States","Wisconsin","2022-23","6.7",63593,93.9,"",4244,"Census (pub.), vol. response (pvt.)"
"333","Exemption","Non-Medical Exemption","States","Wyoming","2022-23","4.6",7060,100,"†",323,"Census"
"334","Exemption","Any Exemption","States","Alabama","2022-23","2.0",59113,100,"†",1180,"Census"
"335","Exemption","Any Exemption","States","Alaska","2022-23","5.7",9650,88.8,"†. ‡‡",550,"Vol. response (pub.), not conducted (pvt.)"
"336","Exemption","Any Exemption","States","Arizona","2022-23","7.4",80814,97.7,"‡",6009,"Census"
"337","Exemption","Any Exemption","States","Arkansas","2022-23","3.1",38358,95.8,"",1182,"Census (pub.), vol. response (pvt.)"
"338","Exemption","Any Exemption","States","California","2022-23","0.2",541132,100,"†. ‡",1036,"Census"
"339","Hepatitis B","","States","Rhode Island","2022-23","97.8",10532,96.5,"‡. §",NA,"Census"
"340","Hepatitis B","","States","South Carolina","2022-23","93.8",58878,28.1,"†",NA,"Stratified 1-stage cluster sample"
"341","Hepatitis B","","States","South Dakota","2022-23","94.5",12081,100,"*",NA,"Census"
"342","Hepatitis B","","States","Tennessee","2022-23","95.8",79692,100,"§. *",NA,"Census"
"343","Hepatitis B","","States","Texas","2022-23","95.8",381680,98,"‡. §",NA,"Census"
"344","Hepatitis B","","States","Utah","2022-23","91.9",46635,100,"*",NA,"Census"
"345","Hepatitis B","","States","Vermont","2022-23","95.3",5816,100,"*",NA,"Census"
"346","Hepatitis B","","States","Virginia","2022-23","94.5",93271,1.6,"†",NA,"Stratified 2-stage cluster sample"
"347","Hepatitis B","","States","Washington","2022-23","92.9",86284,97.9,"§",NA,"Census"
"348","Hepatitis B","","States","West Virginia","2022-23","95.6",19175,86.1,">=. ‡. §",NA,"Vol. response (pub.), census (pvt.)"
"349","Hepatitis B","","States","Wisconsin","2022-23","92.5",63593,93.9,"‡",NA,"Census (pub.), vol. response (pvt.)"
"350","Hepatitis B","","States","Wyoming","2022-23","94.1",7060,100,"*",NA,"Census"
"351","Polio","","States","Alabama","2022-23","93.9",59113,100,">=. *",NA,"Census"
"352","Polio","","States","Alaska","2022-23","84.4",9650,88.8,"¶",NA,"Vol. response (pub.), not conducted (pvt.)"
"353","Polio","","States","Arizona","2022-23","90.3",80814,97.7,"",NA,"Census"
"354","Polio","","States","Kansas","2022-23","92.2",35543,30.8,"†. ‡. §",NA,"Stratified 1-stage cluster sample"
"355","Polio","","States","Kentucky","2022-23","91.2",54742,96.9,">=. ‡. §",NA,"Census"
"356","Polio","","States","Louisiana","2022-23","98.3",54314,100,"*",NA,"Census"
"357","Polio","","States","Maine","2022-23","96.8",12403,93.9,"",NA,"Census"
"358","Polio","","States","Maryland","2022-23","97.2",59684,100,"*. ‡",NA,"Census"
"359","Polio","","States","Massachusetts","2022-23","96.3",66041,100,"*. ‡",NA,"Census"
"360","Polio","","States","Michigan","2022-23","93.7",113678,100,"*",NA,"Census"
"361","Polio","","States","Minnesota","2022-23","88.6",68152,97.9,"",NA,"Census"
"362","Polio","","States","Mississippi","2022-23","98.4",36048,100,">=. *",NA,"Census"
"363","Polio","","States","Missouri","2022-23","91.5",69126,100,"*",NA,"Census"
"364","Polio","","States","Nebraska","2022-23","97.0",23176,100,"*. ‡",NA,"Census"
"365","Polio","","States","Nevada","2022-23","92.8",34333,89.1,"",NA,"Vol. response (pub.), census (pvt.)"
"366","Polio","","States","New Hampshire","2022-23","89.4",11332,100,">=. §. *",NA,"Census"
"367","Polio","","States","New Jersey","2022-23","94.3",104468,100,">=. §. *",NA,"Census"
"368","Polio","","States","New Mexico","2022-23","95.0",21068,100,"*",NA,"Census"
"369","Polio","","States","New York","2022-23","97.5",205906,96.6,"",NA,"Census (pub.), vol. response (pvt.)"
"370","Polio","","States","NY-City of New York","2022-23","96.6",85379,97.6,"",NA,"Census (pub.), vol. response (pvt.)"
"371","Polio","","States","North Carolina","2022-23","93.9",125679,83.1,"§. ‡",NA,"Vol. response"
"372","Polio","","States","North Dakota","2022-23","91.9",10554,99.4,"",NA,"Census"
"373","Polio","","States","Ohio","2022-23","89.7",134893,93.7,"",NA,"Census (pub.), vol. response (pvt.)"
"374","Polio","","States","Oklahoma","2022-23","91.0",52548,89.5,"‡",NA,"Census (pub.), vol. response (pvt.)"
"375","Polio","","States","Oregon","2022-23","91.5",40963,100,"*. ‡",NA,"Census"
"376","Polio","","States","Pennsylvania","2022-23","94.1",137259,97.2,"",NA,"Census (pub.), vol. response (pvt.)"
"377","Exemption","Any Exemption","States","Colorado","2022-23","4.3",65576,97.2,">=. §. ||",2818,"Census"
"378","Exemption","Any Exemption","States","Connecticut","2022-23","0.8",35580,100,"†",297,"Census"
"379","Exemption","Any Exemption","States","Delaware","2022-23","2.1",10674,9.7,"†",250,"Stratified 2-stage cluster sample"
"380","Exemption","Any Exemption","States","District of Columbia","2022-23","1.3",8064,100,"†",101,"Census"
"381","Exemption","Any Exemption","States","Florida","2022-23","4.5",230309,97.7,"†",10326,"Census"
"382","Exemption","Any Exemption","States","Georgia","2022-23","3.8",123771,100,"†",4683,"Census"
"383","Exemption","Any Exemption","States","Hawaii","2022-23","6.4",13195,8.1,"†",846,"Stratified 2-stage cluster sample"
"384","Exemption","Any Exemption","States","Idaho","2022-23","12.1",23721,99.3,"||",2859,"Census"
"385","Exemption","Any Exemption","States","Illinois","2022-23","2.1",135332,100,">=. †. §",2829,"Census"
"386","Exemption","Any Exemption","States","Indiana","2022-23","2.8",81307,87.5,"†",2246,"Vol. response (pub.), census (pvt.)"
"387","Exemption","Any Exemption","States","Iowa","2022-23","3.0",39178,100,"†",1173,"Census"
"388","Exemption","Any Exemption","States","Kansas","2022-23","2.9",35543,85,"†",1041,"Census"
"389","Exemption","Any Exemption","States","Kentucky","2022-23","1.7",54742,96.9,"†",958,"Census"
"390","Exemption","Any Exemption","States","Louisiana","2022-23","2.3",54314,100,"",1227,"Census"
"391","Exemption","Any Exemption","States","Maine","2022-23","0.9",12403,93.9,"",113,"Census"
"392","Exemption","Any Exemption","States","Maryland","2022-23","1.9",59684,100,"†",1143,"Census"
"393","Exemption","Any Exemption","States","Massachusetts","2022-23","1.4",66041,100,"†",925,"Census"
"394","Exemption","Any Exemption","States","Michigan","2022-23","5.4",113678,100,"",6180,"Census"
"395","Exemption","Any Exemption","States","Minnesota","2022-23","4.5",68152,97.9,">=. §. ||",3048,"Census"
"396","Exemption","Any Exemption","States","Mississippi","2022-23","0.2",36048,100,"†. ‡",71,"Census"
"397","Exemption","Any Exemption","States","Missouri","2022-23","3.8",69126,100,">=. †. §",2656,"Census"
"398","Exemption","Any Exemption","States","Nebraska","2022-23","2.6",23176,100,"†",601,"Census"
"399","Exemption","Any Exemption","States","Nevada","2022-23","5.6",34333,89.1,"†",1912,"Vol. response (pub.), census (pvt.)"
"400","Exemption","Any Exemption","States","New Hampshire","2022-23","3.4",11332,100,"†",382,"Census"
"401","Exemption","Any Exemption","States","New Jersey","2022-23","3.2",104468,100,"†",3314,"Census"
"402","Exemption","Any Exemption","States","New Mexico","2022-23","1.5",21068,100,"†",319,"Census"
"403","Exemption","Any Exemption","States","New York","2022-23","0.1",205906,96.6,"†. ‡",247,"Census (pub.), vol. response (pvt.)"
"404","Exemption","Any Exemption","States","NY-City of New York","2022-23","0.1",85379,97.6,"†. ‡",63,"Census (pub.), vol. response (pvt.)"
"405","Exemption","Any Exemption","States","North Carolina","2022-23","2.4",125679,83.1,"†",3011,"Vol. response"
"406","Exemption","Any Exemption","States","North Dakota","2022-23","5.1",10554,99.4,"",542,"Census"
"407","Exemption","Any Exemption","States","Ohio","2022-23","3.8",134893,93.7,"||",5127,"Census (pub.), vol. response (pvt.)"
"408","Exemption","Any Exemption","States","Oklahoma","2022-23","4.7",52548,89.5,"",2466,"Census (pub.), vol. response (pvt.)"
"409","Exemption","Any Exemption","States","Oregon","2022-23","8.2",40963,100,"||",3358,"Census"
"410","Exemption","Any Exemption","States","Pennsylvania","2022-23","3.8",137259,97.2,"",5220,"Census (pub.), vol. response (pvt.)"
"411","Exemption","Any Exemption","States","Rhode Island","2022-23","1.5",10532,96.5,"†",154,"Census"
"412","Exemption","Any Exemption","States","South Carolina","2022-23","4.1",58878,100,"†",2419,"Census"
"413","Exemption","Any Exemption","States","South Dakota","2022-23","4.1",12081,100,"†",499,"Census"
"414","Exemption","Any Exemption","States","Tennessee","2022-23","3.2",79692,100,"†",2529,"Census"
"415","Exemption","Any Exemption","States","Texas","2022-23","3.5",381680,98,"||",13281,"Census"
"416","Exemption","Any Exemption","States","Utah","2022-23","8.1",46635,100,"",3786,"Census"
"417","Exemption","Any Exemption","States","Vermont","2022-23","3.6",5816,100,"†",208,"Census"
"418","Exemption","Any Exemption","States","Virginia","2022-23","2.2",93271,99.1,"†",2055,"Census"
"419","Exemption","Any Exemption","States","Washington","2022-23","4.0",86284,97.9,"",3471,"Census"
"420","Exemption","Any Exemption","States","West Virginia","2022-23","0.0",19175,86.1,"<. †. ‡",7,"Vol. response (pub.), census (pvt.)"
"421","Exemption","Any Exemption","States","Wisconsin","2022-23","7.2",63593,93.9,"",4583,"Census (pub.), vol. response (pvt.)"
"422","Exemption","Any Exemption","States","Wyoming","2022-23","4.8",7060,100,"†",339,"Census"
"423","Varicella","UTD (or disease history)","States","Alabama","2022-23","93.9",59113,100,">=. *",NA,"Census"
"424","Varicella","UTD (or disease history)","States","Alaska","2022-23","81.8",9650,88.8,"¶",NA,"Vol. response (pub.), not conducted (pvt.)"
"425","Varicella","UTD (or disease history)","States","Arizona","2022-23","94.1",80814,97.7,"",NA,"Census"
"426","Varicella","UTD (or disease history)","States","Arkansas","2022-23","91.1",38358,95.8,"",NA,"Census (pub.), vol. response (pvt.)"
"427","Varicella","UTD (or disease history)","States","California","2022-23","96.1",541132,100,"‡",NA,"Census"
"428","Varicella","UTD (or disease history)","States","Colorado","2022-23","85.9",65576,97.2,"",NA,"Census"
"429","Varicella","UTD (or disease history)","States","Connecticut","2022-23","97.0",35580,100,"*",NA,"Census"
"430","Varicella","UTD (or disease history)","States","Delaware","2022-23","94.0",10674,9.7,"‡",NA,"Stratified 2-stage cluster sample"
"431","Varicella","UTD (or disease history)","States","District of Columbia","2022-23","86.8",8064,100,"*",NA,"Census"
"432","Varicella","UTD (or disease history)","States","Florida","2022-23","90.6",230309,97.7,">=",NA,"Census"
"433","Varicella","UTD (or disease history)","States","Georgia","2022-23","88.1",123771,100,">=. *",NA,"Census"
"434","Varicella","UTD (or disease history)","States","Hawaii","2022-23","84.4",13195,8.1,"",NA,"Stratified 2-stage cluster sample"
"435","Varicella","UTD (or disease history)","States","Idaho","2022-23","80.7",23721,99.3,"",NA,"Census"
"436","Varicella","UTD (or disease history)","States","Illinois","2022-23","91.3",135332,100,"*",NA,"Census"
"437","Varicella","UTD (or disease history)","States","Indiana","2022-23","91.6",81307,87.5,"§",NA,"Vol. response (pub.), census (pvt.)"
"438","Varicella","UTD (or disease history)","States","Iowa","2022-23","89.9",39178,100,">=. *",NA,"Census"
"439","Varicella","UTD (or disease history)","States","Kansas","2022-23","90.8",35543,30.8,"†. ‡. §",NA,"Stratified 1-stage cluster sample"
"440","Varicella","UTD (or disease history)","States","Kentucky","2022-23","89.8",54742,96.9,">=. ‡. §",NA,"Census"
"441","Varicella","UTD (or disease history)","States","Louisiana","2022-23","93.6",54314,100,"*",NA,"Census"
"442","Varicella","UTD (or disease history)","States","Maine","2022-23","96.6",12403,93.9,"",NA,"Census"
"443","Varicella","UTD (or disease history)","States","Maryland","2022-23","96.6",59684,100,"*. ‡",NA,"Census"
"444","Varicella","UTD (or disease history)","States","Massachusetts","2022-23","96.0",66041,100,"*. ‡",NA,"Census"
"445","Varicella","UTD (or disease history)","States","Michigan","2022-23","92.9",113678,100,"*",NA,"Census"
"446","Varicella","UTD (or disease history)","States","Minnesota","2022-23","87.9",68152,97.9,"",NA,"Census"
"447","Varicella","UTD (or disease history)","States","Mississippi","2022-23","98.4",36048,100,">=. *",NA,"Census"
"448","Varicella","UTD (or disease history)","States","Missouri","2022-23","90.8",69126,100,"*",NA,"Census"
"449","Varicella","UTD (or disease history)","States","Nebraska","2022-23","94.9",23176,100,"*. ‡",NA,"Census"
"450","Varicella","UTD (or disease history)","States","Nevada","2022-23","92.6",34333,89.1,"",NA,"Vol. response (pub.), census (pvt.)"
"451","Varicella","UTD (or disease history)","States","New Hampshire","2022-23","89.4",11332,100,">=. §. *",NA,"Census"
"452","Varicella","UTD (or disease history)","States","New Jersey","2022-23","94.3",104468,100,">=. §. *",NA,"Census"
"453","Varicella","UTD (or disease history)","States","New Mexico","2022-23","94.4",21068,100,"*",NA,"Census"
"454","Varicella","UTD (or disease history)","States","New York","2022-23","97.5",205906,96.6,"",NA,"Census (pub.), vol. response (pvt.)"
"455","Varicella","UTD (or disease history)","States","NY-City of New York","2022-23","96.7",85379,97.6,"",NA,"Census (pub.), vol. response (pvt.)"
"456","Varicella","UTD (or disease history)","States","North Carolina","2022-23","93.6",125679,83.1,"§. ‡",NA,"Vol. response"
"457","Varicella","UTD (or disease history)","States","North Dakota","2022-23","91.4",10554,99.4,"",NA,"Census"
"458","Varicella","UTD (or disease history)","States","Ohio","2022-23","88.8",134893,93.7,"",NA,"Census (pub.), vol. response (pvt.)"
"459","Varicella","UTD (or disease history)","States","Oklahoma","2022-23","94.6",52548,89.5,"‡",NA,"Census (pub.), vol. response (pvt.)"
"460","Varicella","UTD (or disease history)","States","Oregon","2022-23","94.1",40963,100,"*. ‡",NA,"Census"
"461","Varicella","UTD (or disease history)","States","Pennsylvania","2022-23","93.7",137259,97.2,"",NA,"Census (pub.), vol. response (pvt.)"
"462","MMR","","National","U.S. Median","2022-23","92.1",3832381,92.9,"",NA,""
"463","Varicella","1 Dose (or disease history)","National","United States","2022-23","94.2",3832381,92.9,"",NA,""
"464","Varicella","1 Dose (or disease history)","National","U.S. Median","2022-23","94.1",3832381,92.9,"",NA,""
"465","DTP, DTaP, or DT","","National","United States","2022-23","92.7",3832381,92.9,"",NA,""
"466","DTP, DTaP, or DT","","National","U.S. Median","2022-23","91.9",3832381,92.9,"",NA,""
"467","Varicella","2 Doses (or disease history)","National","United States","2022-23","92.8",3832381,92.9,"",NA,""
"468","Varicella","2 Doses (or disease history)","National","U.S. Median","2022-23","92.0",3832381,92.9,"",NA,""
"469","Exemption","Medical Exemption","National","United States","2022-23","0.2",3832381,96.9,"",8761,""
"470","Exemption","Medical Exemption","National","U.S. Median","2022-23","0.2",3832381,96.9,"",113,""
"471","Exemption","Non-Medical Exemption","National","United States","2022-23","2.8",3832381,96.9,"",106466,""
"472","Exemption","Non-Medical Exemption","National","U.S. Median","2022-23","3.2",3832381,96.9,"",1774,""
"473","Hepatitis B","","National","United States","2022-23","94.3",3832381,92.9,"",NA,""
"474","Hepatitis B","","National","U.S. Median","2022-23","94.2",3832381,92.9,"",NA,""
"475","Exemption","Any Exemption","National","United States","2022-23","3.0",3832381,96.9,"",115575,""
"476","Exemption","Any Exemption","National","U.S. Median","2022-23","3.3",3832381,96.9,"",1204,""
"477","Varicella","UTD (or disease history)","National","United States","2022-23","92.9",3832381,92.9,"",NA,""
"478","Varicella","UTD (or disease history)","National","U.S. Median","2022-23","92.7",3832381,92.9,"",NA,""
"479","Polio","","National","United States","2022-23","93.1",3832381,92.9,"",NA,""
"480","Polio","","National","U.S. Median","2022-23","92.2",3832381,92.9,"",NA,""
"481","Varicella","UTD (or disease history)","States","Rhode Island","2022-23","96.3",10532,96.5,"‡. §",NA,"Census"
"482","Varicella","UTD (or disease history)","States","South Carolina","2022-23","92.8",58878,28.1,"†",NA,"Stratified 1-stage cluster sample"
"483","Varicella","UTD (or disease history)","States","South Dakota","2022-23","92.0",12081,100,"*",NA,"Census"
"484","Varicella","UTD (or disease history)","States","Tennessee","2022-23","95.1",79692,100,"§. *",NA,"Census"
"485","Varicella","UTD (or disease history)","States","Texas","2022-23","93.7",381680,98,"‡. §",NA,"Census"
"486","Varicella","UTD (or disease history)","States","Utah","2022-23","89.6",46635,100,"*",NA,"Census"
"487","Varicella","UTD (or disease history)","States","Vermont","2022-23","92.6",5816,100,"*",NA,"Census"
"488","Varicella","UTD (or disease history)","States","Virginia","2022-23","95.6",93271,1.6,"†",NA,"Stratified 2-stage cluster sample"
"489","Varicella","UTD (or disease history)","States","Washington","2022-23","90.1",86284,97.9,"§",NA,"Census"
"490","Varicella","UTD (or disease history)","States","West Virginia","2022-23","95.6",19175,86.1,">=. ‡. §",NA,"Vol. response (pub.), census (pvt.)"
"491","Varicella","UTD (or disease history)","States","Wisconsin","2022-23","85.9",63593,93.9,"‡",NA,"Census (pub.), vol. response (pvt.)"
"492","Varicella","UTD (or disease history)","States","Wyoming","2022-23","90.5",7060,100,"*",NA,"Census"
"493","Polio","","States","Rhode Island","2022-23","96.9",10532,96.5,"‡. §",NA,"Census"
"494","Polio","","States","South Carolina","2022-23","92.4",58878,28.1,"†",NA,"Stratified 1-stage cluster sample"
"495","Polio","","States","South Dakota","2022-23","92.3",12081,100,"*",NA,"Census"
"496","Polio","","States","Tennessee","2022-23","95.0",79692,100,"§. *",NA,"Census"
"497","Polio","","States","Texas","2022-23","94.1",381680,98,"‡. §",NA,"Census"
"498","Polio","","States","Utah","2022-23","89.9",46635,100,"*",NA,"Census"
"499","Polio","","States","Vermont","2022-23","92.8",5816,100,"*",NA,"Census"
"500","Polio","","States","Virginia","2022-23","94.2",93271,1.6,"†",NA,"Stratified 2-stage cluster sample"
"501","Polio","","States","Washington","2022-23","90.2",86284,97.9,"§",NA,"Census"
"502","Polio","","States","West Virginia","2022-23","95.6",19175,86.1,">=. ‡. §",NA,"Vol. response (pub.), census (pvt.)"
"503","Polio","","States","Wisconsin","2022-23","88.2",63593,93.9,"‡",NA,"Census (pub.), vol. response (pvt.)"
"504","Polio","","States","Wyoming","2022-23","90.1",7060,100,"*",NA,"Census"
"505","Exemption","Medical Exemption","States","Alabama","2022-23","0.1",59113,100,"†",79,"Census"
"506","Exemption","Medical Exemption","States","Alaska","2022-23","0.7",9650,88.8,"†. ‡‡",72,"Vol. response (pub.), not conducted (pvt.)"
"507","Exemption","Medical Exemption","States","Arizona","2022-23","0.1",80814,97.7,"‡",64,"Census"
"508","Exemption","Medical Exemption","States","Arkansas","2022-23","0.1",38358,95.8,"<",23,"Census (pub.), vol. response (pvt.)"
"509","Polio","","States","Arkansas","2022-23","90.7",38358,95.8,"",NA,"Census (pub.), vol. response (pvt.)"
"510","Polio","","States","California","2022-23","96.3",541132,100,"‡",NA,"Census"
"511","Polio","","States","Colorado","2022-23","87.0",65576,97.2,"",NA,"Census"
"512","Polio","","States","Connecticut","2022-23","97.3",35580,100,"*",NA,"Census"
"513","Polio","","States","Delaware","2022-23","94.0",10674,9.7,"‡",NA,"Stratified 2-stage cluster sample"
"514","Polio","","States","District of Columbia","2022-23","87.8",8064,100,"*",NA,"Census"
"515","Polio","","States","Florida","2022-23","90.6",230309,97.7,">=",NA,"Census"
"516","Polio","","States","Georgia","2022-23","88.1",123771,100,">=. *",NA,"Census"
"517","Polio","","States","Hawaii","2022-23","87.0",13195,8.1,"",NA,"Stratified 2-stage cluster sample"
"518","Polio","","States","Idaho","2022-23","81.8",23721,99.3,"",NA,"Census"
"519","Polio","","States","Illinois","2022-23","91.4",135332,100,"*",NA,"Census"
"520","Polio","","States","Indiana","2022-23","88.8",81307,87.5,"§",NA,"Vol. response (pub.), census (pvt.)"
"521","Polio","","States","Iowa","2022-23","89.9",39178,100,">=. *",NA,"Census"
"522","MMR","","States","Alabama","2022-23","93.9",59113,100,">=. *",NA,"Census"
"523","MMR","","States","Alaska","2022-23","83.6",9650,88.8,"¶",NA,"Vol. response (pub.), not conducted (pvt.)"
"524","MMR","","States","Arizona","2022-23","89.9",80814,97.7,"",NA,"Census"
"525","MMR","","States","TX-City of Houston","2022-23","91.3",37664,98.8,"‡. §",NA,"Census (pub.), vol. response (pvt.)"
"526","DTP, DTaP, or DT","","States","TX-City of Houston","2022-23","90.7",37664,98.8,"‡. §",NA,"Census (pub.), vol. response (pvt.)"
"527","Varicella","1 Dose (or disease history)","States","TX-City of Houston","2022-23","NReq",37664,98.8,"‡. §",NA,"Census (pub.), vol. response (pvt.)"
"528","Varicella","2 Doses (or disease history)","States","TX-City of Houston","2022-23","90.6",37664,98.8,"‡. §",NA,"Census (pub.), vol. response (pvt.)"
"529","Hepatitis B","","States","TX-City of Houston","2022-23","94.3",37664,98.8,"‡. §",NA,"Census (pub.), vol. response (pvt.)"
"530","Exemption","Medical Exemption","States","TX-City of Houston","2022-23","0.2",37664,98.8,"||",93,"Census (pub.), vol. response (pvt.)"
"531","Polio","","States","TX-City of Houston","2022-23","91.0",37664,98.8,"‡. §",NA,"Census (pub.), vol. response (pvt.)"
"532","Exemption","Non-Medical Exemption","States","TX-City of Houston","2022-23","2.1",37664,98.8,"||",778,"Census (pub.), vol. response (pvt.)"
"533","Exemption","Any Exemption","States","TX-City of Houston","2022-23","2.3",37664,98.8,"||",871,"Census (pub.), vol. response (pvt.)"
"534","Varicella","UTD (or disease history)","States","TX-City of Houston","2022-23","90.6",37664,98.8,"‡. §",NA,"Census (pub.), vol. response (pvt.)"
"535","MMR","","States","Alabama","2009-10","94.0",75358,100,"≥. *. **",NA,"Census"
"536","MMR","","States","Alaska","2009-10",NA,9641,76.4,"",NA,"Voluntary response"
"537","MMR","","States","Arizona","2009-10","95.0",89287,93.9,"",NA,"Census"
"538","MMR","","States","Arkansas","2009-10","98.3",34733,100,"*",NA,"Census"
"539","MMR","","States","California","2009-10","93.6",507191,100,"*",NA,"Census"
"540","MMR","","States","Colorado","2009-10",NA,NA,NA,"",NA,"Not conducted"
"541","MMR","","States","Connecticut","2009-10","98.5",46158,100,"*",NA,"Census"
"542","MMR","","States","Delaware","2009-10","89.7",11327,9.2,"",NA,"Random sample"
"543","MMR","","States","District of Columbia","2009-10",NA,6092,100,"*",NA,"Census"
"544","MMR","","States","Florida","2009-10","91.3",218630,100,"≥. * .§",NA,"Census"
"545","MMR","","States","Georgia","2009-10","99.6",141949,1.2,"",NA,"Random sample"
"546","MMR","","States","Hawaii","2009-10",NA,18427,6.4,"",NA,"Random sample"
"547","MMR","","States","Idaho","2009-10","87.0",22624,100,"*",NA,"Census"
"548","MMR","","States","Illinois","2009-10","94.5",165845,100,"",NA,"Census"
"549","MMR","","States","Indiana","2009-10","92.8",84390,94.7,"",NA,"Census"
"550","MMR","","States","Iowa","2009-10","84.5",42698,100,"≥",NA,"Census"
"551","MMR","","States","Kansas","2009-10","90.9",39073,39.1,"†",NA,"Stratified 1-stage sample  (Public);  Census (Private)"
"552","MMR","","States","Kentucky","2009-10","92.2",56526,92.9,"",NA,"Census"
"553","MMR","","States","Louisiana","2009-10","96.9",53846,100,"*",NA,"Census"
"554","MMR","","States","Maine","2009-10","95.5",14162,75.3,"",NA,"Voluntary response"
"555","MMR","","States","Maryland","2009-10","98.9",75061,75,"",NA,"Voluntary response"
"556","MMR","","States","Massachusetts","2009-10","93.0",74476,100,"*",NA,"Census"
"557","MMR","","States","Michigan","2009-10","95.3",129810,100,"*",NA,"Census"
"558","MMR","","States","Minnesota","2009-10","95.1",70653,100,"*",NA,"Census"
"559","MMR","","States","Mississippi","2009-10","99.7",46922,100,"≥. *",NA,"Census"
"560","MMR","","States","Missouri","2009-10","97.3",75958,3,"",NA,"Random sample"
"561","MMR","","States","Montana","2009-10","95.5",12335,98.8,"",NA,"Census"
"562","MMR","","States","Nebraska","2009-10","97.5",29607,96.4,"",NA,"Census"
"563","MMR","","States","Nevada","2009-10","94.5",35209,5.6,"",NA,"Random sample"
"564","MMR","","States","New Hampshire","2009-10",NA,NA,NA,"",NA,"Not conducted"
"565","MMR","","States","New Jersey","2009-10",NA,118347,95.1,"",NA,"Census"
"566","MMR","","States","New Mexico","2009-10","97.6",26318,2.2,"",NA,"Random sample"
"567","MMR","","States","New York","2009-10","97.6",229273,100,"*",NA,"Census"
"568","MMR","","States","North Carolina","2009-10",NA,116087,96,"",NA,"Census"
"569","MMR","","States","North Dakota","2009-10","92.2",8323,6,"¶",NA,"Random sample"
"570","MMR","","States","Ohio","2009-10","88.6",131137,100,"*",NA,"Census"
"571","MMR","","States","Oklahoma","2009-10","97.3",51128,88.9,"",NA,"Voluntary response"
"572","MMR","","States","Oregon","2009-10","94.4",44676,100,"*",NA,"Census"
"573","MMR","","States","Pennsylvania","2009-10","86.9",149656,100,"*",NA,"Census"
"574","MMR","","States","Rhode Island","2009-10","92.1",11818,11.6,"",NA,"Random sample"
"575","MMR","","States","South Carolina","2009-10","87.2",53725,10.2,"",NA,"Random sample"
"576","MMR","","States","South Dakota","2009-10","96.8",11499,100,"*",NA,"Census"
"577","MMR","","States","Tennessee","2009-10","97.4",90811,88.1,"≥",NA,"Voluntary response"
"578","MMR","","States","Texas","2009-10","98.1",381425,98.3,"",NA,"Census"
"579","MMR","","States","Utah","2009-10","97.7",49957,100,"*",NA,"Census"
"580","MMR","","States","Vermont","2009-10","91.8",6713,100,"*",NA,"Census"
"581","MMR","","States","Virginia","2009-10","92.1",100891,4.4,"",NA,"Random sample"
"582","MMR","","States","Washington","2009-10","91.7",81511,93.3,"",NA,"Census"
"583","MMR","","States","West Virginia","2009-10","91.2",22730,86.7,"",NA,"Voluntary response"
"584","MMR","","States","Wisconsin","2009-10","94.2",61095,2.3,"¶",NA,"Random sample"
"585","MMR","","States","Wyoming","2009-10",NA,NA,NA,"",NA,"Not conducted"
"586","MMR","","States","Alabama","2010-11",NA,NA,NA,"",NA,NA
"587","MMR","","States","Alaska","2010-11",NA,NA,NA,"",NA,NA
"588","MMR","","States","Arizona","2010-11",NA,NA,NA,"",NA,NA
"589","MMR","","States","Arkansas","2010-11",NA,NA,NA,"",NA,NA
"590","MMR","","States","California","2010-11",NA,NA,NA,"",NA,NA
"591","MMR","","States","Colorado","2010-11",NA,NA,NA,"",NA,NA
"592","MMR","","States","Connecticut","2010-11",NA,NA,NA,"",NA,NA
"593","MMR","","States","Delaware","2010-11",NA,NA,NA,"",NA,NA
"594","MMR","","States","District of Columbia","2010-11",NA,NA,NA,"",NA,NA
"595","MMR","","States","Florida","2010-11",NA,NA,NA,"",NA,NA
"596","MMR","","States","Georgia","2010-11",NA,NA,NA,"",NA,NA
"597","MMR","","States","Hawaii","2010-11",NA,NA,NA,"",NA,NA
"598","MMR","","States","Idaho","2010-11",NA,NA,NA,"",NA,NA
"599","MMR","","States","Illinois","2010-11",NA,NA,NA,"",NA,NA
"600","MMR","","States","Indiana","2010-11",NA,NA,NA,"",NA,NA
"601","MMR","","States","Iowa","2010-11",NA,NA,NA,"",NA,NA
"602","MMR","","States","Kansas","2010-11",NA,NA,NA,"",NA,NA
"603","MMR","","States","Kentucky","2010-11",NA,NA,NA,"",NA,NA
"604","MMR","","States","Louisiana","2010-11",NA,NA,NA,"",NA,NA
"605","MMR","","States","Maine","2010-11",NA,NA,NA,"",NA,NA
"606","MMR","","States","Maryland","2010-11",NA,NA,NA,"",NA,NA
"607","MMR","","States","Massachusetts","2010-11",NA,NA,NA,"",NA,NA
"608","MMR","","States","Michigan","2010-11",NA,NA,NA,"",NA,NA
"609","MMR","","States","Minnesota","2010-11",NA,NA,NA,"",NA,NA
"610","MMR","","States","Mississippi","2010-11",NA,NA,NA,"",NA,NA
"611","MMR","","States","Missouri","2010-11",NA,NA,NA,"",NA,NA
"612","MMR","","States","Montana","2010-11",NA,NA,NA,"",NA,NA
"613","MMR","","States","Nebraska","2010-11",NA,NA,NA,"",NA,NA
"614","MMR","","States","Nevada","2010-11",NA,NA,NA,"",NA,NA
"615","MMR","","States","New Hampshire","2010-11",NA,NA,NA,"",NA,NA
"616","MMR","","States","New Jersey","2010-11",NA,NA,NA,"",NA,NA
"617","MMR","","States","New Mexico","2010-11",NA,NA,NA,"",NA,NA
"618","MMR","","States","New York","2010-11",NA,NA,NA,"",NA,NA
"619","MMR","","States","North Carolina","2010-11",NA,NA,NA,"",NA,NA
"620","MMR","","States","North Dakota","2010-11",NA,NA,NA,"",NA,NA
"621","MMR","","States","Ohio","2010-11",NA,NA,NA,"",NA,NA
"622","MMR","","States","Oklahoma","2010-11",NA,NA,NA,"",NA,NA
"623","MMR","","States","Oregon","2010-11",NA,NA,NA,"",NA,NA
"624","MMR","","States","Pennsylvania","2010-11",NA,NA,NA,"",NA,NA
"625","MMR","","States","Rhode Island","2010-11",NA,NA,NA,"",NA,NA
"626","MMR","","States","South Carolina","2010-11",NA,NA,NA,"",NA,NA
"627","MMR","","States","South Dakota","2010-11",NA,NA,NA,"",NA,NA
"628","MMR","","States","Tennessee","2010-11",NA,NA,NA,"",NA,NA
"629","MMR","","States","Texas","2010-11",NA,NA,NA,"",NA,NA
"630","MMR","","States","Utah","2010-11",NA,NA,NA,"",NA,NA
"631","MMR","","States","Vermont","2010-11",NA,NA,NA,"",NA,NA
"632","MMR","","States","Virginia","2010-11",NA,NA,NA,"",NA,NA
"633","MMR","","States","Washington","2010-11",NA,NA,NA,"",NA,NA
"634","MMR","","States","West Virginia","2010-11",NA,NA,NA,"",NA,NA
"635","MMR","","States","Wisconsin","2010-11",NA,NA,NA,"",NA,NA
"636","MMR","","States","Wyoming","2010-11",NA,NA,NA,"",NA,NA
"637","MMR","","States","Alabama","2011-12","93.6",73190,100,"≥. * .**",NA,"Census"
"638","MMR","","States","Alaska","2011-12",NA,10286,7.3,"",NA,"Non-random Cluster Sample"
"639","MMR","","States","Arizona","2011-12","94.7",88293,96.9,"",NA,"Census"
"640","MMR","","States","Arkansas","2011-12","94.9",38754,92.2,"",NA,"Census"
"641","MMR","","States","California","2011-12","93.2",542544,97.6,"",NA,"Census"
"642","MMR","","States","Colorado","2011-12","86.8",70142,0.5,"",NA,"Simple Random Sample"
"643","MMR","","States","Connecticut","2011-12","97.4",45695,100,"*",NA,"Census"
"644","MMR","","States","Delaware","2011-12","96.9",11327,7.4,"≥",NA,"2-stage Cluster Sample"
"645","MMR","","States","District of Columbia","2011-12",NA,6854,100,"*",NA,"Census"
"646","MMR","","States","Florida","2011-12","92.6",225532,100,"≥. * .§ ",NA,"Census"
"647","MMR","","States","Georgia","2011-12","96.6",143065,1.9,"",NA,"2-stage Cluster Sample"
"648","MMR","","States","Hawaii","2011-12",NA,19443,7.7,"",NA,"2-stage Cluster Sample"
"649","MMR","","States","Idaho","2011-12","89.2",22762,100,"*",NA,"Census"
"650","MMR","","States","Illinois","2011-12","97.3",163311,100,"*",NA,"Census"
"651","MMR","","States","Indiana","2011-12","93.3",83416,67.5,"",NA,"Voluntary Response"
"652","MMR","","States","Iowa","2011-12","91.1",40978,100,"≥. *",NA,"Census"
"653","MMR","","States","Kansas","2011-12","88.2",38402,52.7,"†",NA,"Stratified 1-stage sample  (Public);  Census (Private)"
"654","MMR","","States","Kentucky","2011-12","92.0",58185,91.8,"",NA,"Census"
"655","MMR","","States","Louisiana","2011-12","98.1",69013,100,"*",NA,"Census"
"656","MMR","","States","Maine","2011-12","93.0",13829,97,"",NA,"Census"
"657","MMR","","States","Maryland","2011-12","98.7",72957,67.2,"",NA,"Voluntary Response"
"658","MMR","","States","Massachusetts","2011-12","94.2",79551,97.5,"",NA,"Census"
"659","MMR","","States","Michigan","2011-12","95.0",124962,100,"*",NA,"Census"
"660","MMR","","States","Minnesota","2011-12","95.7",71213,99.2,"",NA,"Census"
"661","MMR","","States","Mississippi","2011-12","99.2",44912,100,"≥. *",NA,"Census"
"662","MMR","","States","Missouri","2011-12","96.8",75240,4.7,"",NA,"2-stage Cluster Sample"
"663","MMR","","States","Montana","2011-12","95.0",12128,100,"*",NA,"Census"
"664","MMR","","States","Nebraska","2011-12","99.0",26715,96.6,"",NA,"Census"
"665","MMR","","States","Nevada","2011-12","95.3",36557,5.2,"",NA,"2-stage Cluster Sample"
"666","MMR","","States","New Hampshire","2011-12",NA,13022,100,"*",NA,"Census"
"667","MMR","","States","New Jersey","2011-12",NA,118669,96.6,"",NA,"Census"
"668","MMR","","States","New Mexico","2011-12","95.7",29159,2,"",NA,"2-stage Cluster Sample"
"669","MMR","","States","New York","2011-12","96.9",236016,100,"*",NA,"Census"
"670","MMR","","States","North Carolina","2011-12",NA,128854,95.4,"",NA,"Census"
"671","MMR","","States","North Dakota","2011-12","90.6",8412,5.8,"¶",NA,"Convenient "
"672","MMR","","States","Ohio","2011-12","96.1",146144,94.5,"",NA,"Convenient "
"673","MMR","","States","Oklahoma","2011-12","95.0",52987,90.9,"¶",NA,"Census"
"674","MMR","","States","Oregon","2011-12","94.0",45855,100,"*",NA,"Census"
"675","MMR","","States","Pennsylvania","2011-12","86.9",148042,99,"",NA,"Census"
"676","MMR","","States","Rhode Island","2011-12","91.7",12552,13.9,"",NA,"2-stage Cluster Sample"
"677","MMR","","States","South Carolina","2011-12","94.5",59307,10.7,"",NA,"1-stage Cluster Sample"
"678","MMR","","States","South Dakota","2011-12","97.4",12127,100,"*",NA,"Census"
"679","MMR","","States","Tennessee","2011-12","97.3",83950,99.9,"≥",NA,"Census"
"680","MMR","","States","Texas","2011-12","99.3",388178,100,"*",NA,"Census"
"681","MMR","","States","Utah","2011-12","98.0",53800,100,"*",NA,"Census"
"682","MMR","","States","Vermont","2011-12","92.9",6548,100,"*",NA,"Census"
"683","MMR","","States","Virginia","2011-12","93.0",101121,4.3,"",NA,"2-stage Cluster Sample"
"684","MMR","","States","Washington","2011-12","91.8",85134,89.1,"",NA,"Voluntary Response"
"685","MMR","","States","West Virginia","2011-12","92.0",22449,94.9,"",NA,"Convenient "
"686","MMR","","States","Wisconsin","2011-12","93.1",70672,2.3,"",NA,"2-stage Cluster Sample"
"687","MMR","","States","Wyoming","2011-12",NA,NA,NA,"",NA,"Not conducted"
"688","MMR","","States","Alabama","2012-13","92.8",72929,100,"≥. * . ‡. **",NA,"Census"
"689","MMR","","States","Alaska","2012-13",NA,10319,97.8,"",NA,"Census"
"690","MMR","","States","Arizona","2012-13","94.5",90054,97.6,"",NA,"Census"
"691","MMR","","States","Arkansas","2012-13","85.9",43212,96.3,"‡",NA,"Census"
"692","MMR","","States","California","2012-13","92.7",535523,99,"‡",NA,"Census"
"693","MMR","","States","Colorado","2012-13","85.7",70657,0.5,"",NA,"Simple Random Sample"
"694","MMR","","States","Connecticut","2012-13","97.1",41604,100,"*",NA,"Census"
"695","MMR","","States","Delaware","2012-13","95.7",11997,7.8,"≥",NA,"2-stage Cluster Sample"
"696","MMR","","States","District of Columbia","2012-13",NA,7842,100,"*",NA,"Census"
"697","MMR","","States","Florida","2012-13","92.1",234628,100,"≥. *. §",NA,"Census"
"698","MMR","","States","Georgia","2012-13","95.1",142732,2.4,"≥",NA,"2-stage Cluster Sample"
"699","MMR","","States","Hawaii","2012-13",NA,20104,6.7,"",NA,"2-stage Cluster Sample"
"700","MMR","","States","Idaho","2012-13","88.4",23888,100,"*",NA,"Census"
"701","MMR","","States","Illinois","2012-13","95.5",166884,100,"*",NA,"Census"
"702","MMR","","States","Indiana","2012-13","95.4",86983,83.4,"",NA,"Voluntary Response"
"703","MMR","","National","United States","2009-10","94.4",NA,NA,"",NA,"NaN"
"704","MMR","","National","U.S. Median","2009-10","94.5",NA,NA,"",NA,"NaN"
"705","MMR","","National","United States","2010-11",NA,NA,NA,"",NA,"NaN"
"706","MMR","","National","U.S. Median","2010-11",NA,NA,NA,"",NA,"NaN"
"707","MMR","","National","United States","2011-12","94.7",NA,NA,"",NA,"NaN"
"708","MMR","","National","U.S. Median","2011-12","94.8",NA,NA,"",NA,"NaN"
"709","MMR","","National","United States","2012-13","94.1",NA,NA,"",NA,"NaN"
"710","MMR","","National","U.S. Median","2012-13","94.5",NA,NA,"",NA,"NaN"
"711","MMR","","States","Iowa","2012-13","90.5",41701,99.9,"≥",NA,"Census"
"712","MMR","","States","Kansas","2012-13","90.0",40738,31.8,"†. ‡",NA,"Stratified 1-stage sample  (Public);  Census (Private)"
"713","MMR","","States","Kentucky","2012-13","92.4",58466,97.2,"‡",NA,"Census"
"714","MMR","","States","Louisiana","2012-13","96.6",68874,100,"*",NA,"Census"
"715","MMR","","States","Maine","2012-13","91.3",14313,94.6,"‡",NA,"Census"
"716","MMR","","States","Maryland","2012-13","98.2",75007,84.3,"‡",NA,"Voluntary Response"
"717","MMR","","States","Massachusetts","2012-13","94.8",79661,97.6,"‡",NA,"Census"
"718","MMR","","States","Michigan","2012-13","94.4",124662,100,"*",NA,"Census"
"719","MMR","","States","Minnesota","2012-13","96.3",73310,100,"*. ‡ ",NA,"Census"
"720","MMR","","States","Mississippi","2012-13","99.9",46595,100,"≥. *",NA,"Census"
"721","MMR","","States","Missouri","2012-13","96.7",78416,5.9,"",NA,"2-stage Cluster Sample"
"722","MMR","","States","Montana","2012-13","94.8",12516,95.8,"",NA,"Census"
"723","MMR","","States","Nebraska","2012-13","96.0",24999,96.6,"‡",NA,"Census"
"724","MMR","","States","Nevada","2012-13","93.6",36070,4.3,"",NA,"2-stage Cluster Sample"
"725","MMR","","States","New Hampshire","2012-13",NA,12943,99.2,"",NA,"Census"
"726","MMR","","States","New Jersey","2012-13","97.0",122516,96.7,"≥. ‡",NA,"Census"
"727","MMR","","States","New Mexico","2012-13","93.9",29279,3.3,"‡ ",NA,"2-stage Cluster Sample"
"728","MMR","","States","New York","2012-13","96.6",239484,100,"*. ‡",NA,"Census"
"729","MMR","","States","North Carolina","2012-13",NA,130612,97.3,"",NA,"Census"
"730","MMR","","States","North Dakota","2012-13","89.9",9503,4.9,"",NA,"2-stage Cluster Sample"
"731","MMR","","States","Ohio","2012-13","96.3",163687,86.9,"",NA,"Census"
"732","MMR","","States","Oklahoma","2012-13","90.5",56943,95.5,"",NA,"Census"
"733","MMR","","States","Oregon","2012-13","93.5",47102,100,"*. ‡",NA,"Census"
"734","MMR","","States","Pennsylvania","2012-13","87.0",151364,97.5,"",NA,"Census"
"735","MMR","","States","Rhode Island","2012-13","94.2",12552,75.2,"‡",NA,"Voluntary Response"
"736","MMR","","States","South Carolina","2012-13","90.9",61799,17.9,"≥",NA,"1-Stage Cluster Sample"
"737","MMR","","States","South Dakota","2012-13","97.9",12468,100,"*",NA,"Census"
"738","MMR","","States","Tennessee","2012-13","94.5",85801,97,"≥",NA,"Census"
"739","MMR","","States","Texas","2012-13","97.5",414688,96.6,"‡",NA,"Census"
"740","MMR","","States","Utah","2012-13","96.3",54605,100,"*",NA,"Census"
"741","MMR","","States","Vermont","2012-13","92.8",6792,100,"*",NA,"Census"
"742","MMR","","States","Virginia","2012-13","93.1",104826,4.2,"",NA,"2-stage Cluster Sample"
"743","MMR","","States","Washington","2012-13","91.7",87773,94.7,"",NA,"Census"
"744","MMR","","States","West Virginia","2012-13","96.3",22588,86.5,"",NA,"Voluntary Response"
"745","MMR","","States","Wisconsin","2012-13","92.8",72416,1.8,"‡",NA,"2-stage Cluster Sample"
"746","MMR","","States","Wyoming","2012-13","97.5",8133,100,"* .¶",NA,"Census"
"747","MMR","","States","Alabama","2013-14","92.0",76927,100,"≥. *. **",NA,"Census"
"748","MMR","","States","Alaska","2013-14","94.4",10222,9.3,"†",NA,"Stratified  2-stage cluster sample"
"749","MMR","","States","Arizona","2013-14","93.9",89606,95.8,"",NA,"Census"
"750","MMR","","States","Arkansas","2013-14","86.5",42649,96.3,"",NA,"Census"
"751","MMR","","States","California","2013-14","92.3",548606,97.3,"‡",NA,"Census"
"752","MMR","","States","Colorado","2013-14","81.7",69904,0.5,"",NA,"Random Sample"
"753","MMR","","States","Connecticut","2013-14","96.9",40978,100,"*",NA,"Census"
"754","MMR","","States","Delaware","2013-14","96.4",11997,12.2,"≥",NA,"Stratified  2-stage cluster sample"
"755","MMR","","States","District of Columbia","2013-14",NA,7856,100,"*",NA,"Census"
"756","MMR","","States","Florida","2013-14","93.2",233797,100,"≥. *. §",NA,"Census"
"757","MMR","","States","Georgia","2013-14","94.0",143988,100,"≥. *",NA,"Census"
"758","MMR","","States","Hawaii","2013-14",NA,20056,5.4,"",NA,"Stratified  2-stage cluster sample"
"759","MMR","","States","Idaho","2013-14","88.2",23934,100,"*",NA,"Census"
"760","MMR","","States","Illinois","2013-14","94.7",163316,100,"*",NA,"Census"
"761","MMR","","States","Indiana","2013-14","92.9",87193,70.3,"",NA,"Voluntary response"
"762","MMR","","States","Iowa","2013-14","91.0",43728,94.6,"≥",NA,"Census"
"763","MMR","","States","Kansas","2013-14","86.9",41107,29,"†. ‡",NA,"Stratified 1-stage sample  (Public);  Census (Private)"
"764","MMR","","States","Kentucky","2013-14","92.6",57857,100,"*",NA,"Census"
"765","MMR","","States","Louisiana","2013-14","96.8",63976,100,"*",NA,"Census"
"766","MMR","","States","Maine","2013-14","89.9",15441,82.4,"‡",NA,"Voluntary response"
"767","MMR","","States","Maryland","2013-14","97.6",75659,96.9,"‡",NA,"Census"
"768","MMR","","States","Massachusetts","2013-14","95.1",79894,97.9,"‡",NA,"Census"
"769","MMR","","States","Michigan","2013-14","97.5",120297,100,"*",NA,"Census"
"770","MMR","","States","Minnesota","2013-14","93.4",72087,98.5,"‡",NA,"Census"
"771","MMR","","States","Mississippi","2013-14","99.7",45719,100,"≥. *",NA,"Census"
"772","MMR","","States","Missouri","2013-14","95.5",78140,100,"*",NA,"Census"
"773","MMR","","States","Montana","2013-14","93.7",12855,95.4,"",NA,"Census"
"774","MMR","","States","Nebraska","2013-14","96.6",27000,97.3,"‡",NA,"Census"
"775","MMR","","States","Nevada","2013-14","95.6",35782,3.1,"",NA,"Stratified  2-stage cluster sample"
"776","MMR","","States","New Hampshire","2013-14","94.7",13240,100,"≥. *",NA,"Census"
"777","MMR","","States","New Jersey","2013-14","96.8",123085,95.4,"≥. ‡",NA,"Census"
"778","MMR","","States","New Mexico","2013-14","95.9",30725,2.7,"‡",NA,"Stratified  2-stage cluster sample"
"779","MMR","","States","New York","2013-14","96.8",240318,100,"*. ‡",NA,"Census"
"780","MMR","","States","North Carolina","2013-14",NA,126084,97.7,"",NA,"Census"
"781","MMR","","States","North Dakota","2013-14","90.0",9780,96.1,"",NA,"Census (Public); Stratified  2-stage cluster sample(Private)"
"782","MMR","","States","Ohio","2013-14","96.2",150000,92.5,"",NA,"Census"
"783","MMR","","States","Oklahoma","2013-14","96.4",57377,71.3,"",NA,"Voluntary response"
"784","MMR","","States","Oregon","2013-14","93.2",47649,100,"*. ‡",NA,"Census"
"785","MMR","","States","Pennsylvania","2013-14","85.3",151253,100,"*. ‡",NA,"Census"
"786","MMR","","States","Rhode Island","2013-14","95.1",11521,99.1,"‡",NA,"Census"
"787","MMR","","States","South Carolina","2013-14","96.8",61661,11,"",NA,"1-stage stratified sample"
"788","MMR","","States","South Dakota","2013-14","96.6",12566,100,"*",NA,"Census"
"789","MMR","","States","Tennessee","2013-14","94.9",80212,99.8,"≥",NA,"Census"
"790","MMR","","States","Texas","2013-14","97.5",409255,97.1,"‡",NA,"Census"
"791","MMR","","States","Utah","2013-14","98.5",54779,100,"*",NA,"Census"
"792","MMR","","States","Vermont","2013-14","91.2",6771,100,"*",NA,"Census"
"793","MMR","","States","Virginia","2013-14","93.1",105692,4.1,"",NA,"2-stage cluster  sample"
"794","MMR","","States","Washington","2013-14","89.7",89165,88.5,"",NA,"Voluntary response"
"795","MMR","","States","West Virginia","2013-14","96.1",22814,84.7,"",NA,"Voluntary response"
"796","MMR","","States","Wisconsin","2013-14","92.6",71363,2.8,"‡",NA,"Stratified  2-stage cluster sample"
"797","MMR","","States","Wyoming","2013-14",NA,NA,NA,"",NA,"Not conducted"
"798","MMR","","States","Alabama","2014-15","93.5",59660,100,"≥. *",NA,"Census"
"799","MMR","","States","Alaska","2014-15","92.7",10129,7.8,"†",NA,"Stratified 2-stage cluster sample"
"800","MMR","","States","Arizona","2014-15","94.2",86153,98.3,"",NA,"Census"
"801","MMR","","States","Arkansas","2014-15","88.4",41252,95.9,"‡",NA,"Census (public); Voluntary response (private)"
"802","MMR","","States","California","2014-15","92.6",552583,96.9,"‡",NA,"Census"
"803","MMR","","States","Colorado","2014-15","86.9",70597,0.5,"",NA,"Simple random sample"
"804","MMR","","States","Connecticut","2014-15","97.0",39948,100,"*",NA,"Census"
"805","MMR","","States","Delaware","2014-15","97.8",11476,7.9,"",NA,"Stratified 2-stage cluster sample"
"806","MMR","","States","District of Columbia","2014-15","89.9",7840,100,"*",NA,"Census"
"807","MMR","","States","Florida","2014-15","93.3",228982,100,"≥. *. §",NA,"Census"
"808","MMR","","States","Georgia","2014-15","94.0",139471,100,"≥. *",NA,"Census"
"809","MMR","","States","Hawaii","2014-15",NA,20085,5.6,"",NA,"Stratified 2-stage cluster sample"
"810","MMR","","States","Idaho","2014-15","89.5",22968,100,"*",NA,"Census"
"811","MMR","","States","Illinois","2014-15","94.7",156942,100,"*",NA,"Census"
"812","MMR","","States","Indiana","2014-15","89.3",85477,70.1,"",NA,"Voluntary response"
"813","MMR","","States","Iowa","2014-15","91.9",43239,96.3,"≥",NA,"Census"
"814","MMR","","States","Kansas","2014-15","89.2",39685,24.5,"†.‡",NA,"Stratified 2-stage cluster sample"
"815","MMR","","States","Kentucky","2014-15","92.7",57884,97.2,"‡",NA,"Census"
"816","MMR","","States","Louisiana","2014-15","96.8",60377,100,"*",NA,"Census"
"817","MMR","","States","Maine","2014-15","92.1",13704,88.9,"‡",NA,"Voluntary response (public); Census (private)"
"818","MMR","","States","Maryland","2014-15","99.1",75391,90.2,"‡",NA,"Census (public); Voluntary response (private)"
"819","MMR","","States","Massachusetts","2014-15","94.7",74869,100,"*. ‡",NA,"Census"
"820","MMR","","States","Michigan","2014-15","94.3",117963,100,"*",NA,"Census"
"821","MMR","","States","Minnesota","2014-15","93.5",70896,97.8,"",NA,"Census"
"822","MMR","","States","Mississippi","2014-15","99.2",44129,100,"≥. *",NA,"Census"
"823","MMR","","States","Missouri","2014-15","95.8",75900,100,"*",NA,"Census"
"824","MMR","","States","Montana","2014-15","94.6",12501,95.7,"",NA,"Census (public); Voluntary response (private)"
"825","MMR","","States","Nebraska","2014-15","96.0",26665,100,"*. ‡",NA,"Census"
"826","MMR","","States","Nevada","2014-15","94.0",36755,2.8,"",NA,"Stratified 2-stage cluster sample"
"827","MMR","","States","New Hampshire","2014-15","91.4",12422,98.9,"≥",NA,"Census (public); Voluntary response (private)"
"828","MMR","","States","New Jersey","2014-15","92.3",120471,93.9,"≥. ‡",NA,"Census (public); Voluntary response (private)"
"829","MMR","","States","New Mexico","2014-15","97.7",29918,3.3,"†",NA,"Stratified 2-stage cluster sample"
"830","MMR","","States","New York","2014-15","98.2",237045,100,"*.‡",NA,"Census"
"831","MMR","","States","North Carolina","2014-15","96.5",129792,95,"",NA,"Census (public). Voluntary response (private)"
"832","MMR","","States","North Dakota","2014-15","89.8",10017,99.9,"",NA,"Census"
"833","MMR","","States","Ohio","2014-15","91.9",149080,91,"",NA,"Census (public); Voluntary response (private)"
"834","MMR","","States","Oklahoma","2014-15","90.3",56967,95.9,"‡",NA,"Census"
"835","MMR","","States","Oregon","2014-15","94.1",46229,100,"*.‡",NA,"Census"
"836","MMR","","States","Pennsylvania","2014-15","91.7",146378,98.3,"‡",NA,"Census"
"837","MMR","","States","Rhode Island","2014-15","95.7",11163,98.9,"‡",NA,"Census"
"838","MMR","","States","South Carolina","2014-15","96.5",62864,12.2,"",NA,"Stratified 1-stage cluster sample"
"839","MMR","","States","South Dakota","2014-15","97.1",12008,100,"*",NA,"Census"
"840","MMR","","States","Tennessee","2014-15","95.1",78276,100,"≥. *",NA,"Census"
"841","MMR","","States","Texas","2014-15","97.4",406099,98.3,"‡",NA,"Census (public); Voluntary response (private)"
"842","MMR","","States","Utah","2014-15","94.0",50916,100,"*",NA,"Census"
"843","MMR","","States","Vermont","2014-15","92.7",6277,100,"*",NA,"Census"
"844","MMR","","States","Virginia","2014-15","93.4",103821,4.1,"",NA,"Stratified 2-stage cluster sample"
"845","MMR","","States","Washington","2014-15","89.4",88809,96.7,"",NA,"Census (public); Voluntary response (private)"
"846","MMR","","States","West Virginia","2014-15","97.6",22016,81.3,"",NA,"Voluntary response"
"847","MMR","","States","Wisconsin","2014-15","91.6",69335,2.5,"‡",NA,"Stratified 2-stage cluster sample"
"848","MMR","","States","Wyoming","2014-15","96.8",7983,97.9,"¶",NA,"Census"
"849","MMR","","States","Alabama","2015-16","93.1",60392,100,"≥.*",NA,"Census"
"850","MMR","","States","Alaska","2015-16","93.5",9937,7.8,"†.§",NA,"Stratified 2-stage cluster sample"
"851","MMR","","States","Arizona","2015-16","94.2",83088,100,"*",NA,"Census"
"852","MMR","","States","Arkansas","2015-16","90.8",40258,95.6,"‡",NA,"Census (public); Voluntary response (private)"
"853","MMR","","States","California","2015-16","94.5",593788,92.8,"‡",NA,"Census"
"854","MMR","","States","Colorado","2015-16","87.1",69137,0.5,"",NA,"Simple random sample"
"855","MMR","","States","Connecticut","2015-16","97.0",39533,100,"*",NA,"Census"
"856","MMR","","States","Delaware","2015-16","97.6",11589,9.5,"",NA,"Stratified 2-stage cluster sample"
"857","MMR","","States","District of Columbia","2015-16","88.5",8080,100,"*",NA,"Census"
"858","MMR","","States","Florida","2015-16","93.7",224430,100,"≥.*.§",NA,"Census"
"859","MMR","","States","Georgia","2015-16","94.6",131403,100,"≥.*",NA,"Census"
"860","MMR","","States","Hawaii","2015-16","91.6",16325,6.7,"",NA,"Stratified 2-stage cluster sample"
"861","MMR","","States","Idaho","2015-16","90.2",22686,100,"*",NA,"Census"
"862","MMR","","States","Illinois","2015-16","94.9",151309,100,"*",NA,"Census"
"863","MMR","","States","Indiana","2015-16","89.2",83525,69.5,"",NA,"Voluntary response"
"864","MMR","","States","Iowa","2015-16","91.8",41215,100,"≥.*",NA,"Census"
"865","MMR","","States","Kansas","2015-16","89.4",39555,21,"†.‡.§",NA,"Stratified 2-stage cluster sample"
"866","MMR","","States","Kentucky","2015-16","92.2",54353,99.5,"‡.§",NA,"Census"
"867","MMR","","States","Louisiana","2015-16","96.8",59159,100,"*",NA,"Census"
"868","MMR","","States","Maine","2015-16","95.1",13526,90.5,"",NA,"Census"
"869","MMR","","States","Maryland","2015-16","99.4",72012,94.3,"‡",NA,"Census (public); Voluntary response (private)"
"870","MMR","","States","Massachusetts","2015-16","96.4",72897,100,"*.‡",NA,"Census"
"871","MMR","","States","Michigan","2015-16","95.7",116299,100,"*",NA,"Census"
"872","MMR","","States","Minnesota","2015-16","92.8",69710,97.8,"§",NA,"Census"
"873","MMR","","States","Mississippi","2015-16","99.4",41042,100,"≥.*",NA,"Census"
"874","MMR","","States","Missouri","2015-16","95.7",74413,100,"*.§",NA,"Census"
"875","MMR","","States","Montana","2015-16","94.9",11484,100,"*",NA,"Census"
"876","MMR","","States","Nebraska","2015-16","95.6",30409,100,"*.‡",NA,"Census"
"877","MMR","","National","United States","2013-14","94.0",NA,NA,"",NA,"NaN"
"878","MMR","","National","U.S. Median","2013-14","94.7",NA,NA,"",NA,"NaN"
"879","MMR","","National","United States","2014-15","94.0",NA,NA,"",NA,"NaN"
"880","MMR","","National","U.S. Median","2014-15","94.0",NA,NA,"",NA,"NaN"
"881","MMR","","States","Nevada","2015-16","94.7",37118,3.3,"",NA,"Stratified 2-stage cluster sample"
"882","MMR","","States","New Hampshire","2015-16","91.9",11852,99.8,"≥",NA,"Census"
"883","MMR","","States","New Jersey","2015-16","96.3",110116,100,"≥.*",NA,"Census"
"884","MMR","","States","New Mexico","2015-16","96.2",29049,2.7,"†",NA,"Stratified 2-stage cluster sample"
"885","MMR","","States","New York","2015-16","95.6",232521,100,"*",NA,"Census"
"886","MMR","","States","North Carolina","2015-16","97.3",128290,92,"‡.§",NA,"Census (public). Voluntary response (private)"
"887","MMR","","States","North Dakota","2015-16","90.7",9875,97.1,"",NA,"Census"
"888","MMR","","States","Ohio","2015-16","92.1",144604,93.7,"",NA,"Census (public); Voluntary response (private)"
"889","MMR","","States","Oklahoma","2015-16","94.4",54335,96.1,"‡",NA,"Census"
"890","MMR","","States","Oregon","2015-16","93.9",45531,100,"*.‡",NA,"Census"
"891","MMR","","States","Pennsylvania","2015-16","95.5",143298,93.2,"",NA,"Census (public); Voluntary response (private)"
"892","MMR","","States","Rhode Island","2015-16","96.4",11165,100,"*.‡.§",NA,"Census"
"893","MMR","","States","South Carolina","2015-16","96.5",59240,8.9,"",NA,"Stratified 1-stage cluster sample"
"894","MMR","","States","South Dakota","2015-16","96.5",12181,100,"*",NA,"Census"
"895","MMR","","States","Tennessee","2015-16","93.5",79233,100,"*.§",NA,"Census"
"896","MMR","","States","Texas","2015-16","97.6",394801,98.7,"‡.§",NA,"Census (public); Voluntary response (private)"
"897","MMR","","States","Utah","2015-16","94.2",50114,100,"*",NA,"Census"
"898","MMR","","States","Vermont","2015-16","93.6",6366,100,"*",NA,"Census"
"899","MMR","","States","Virginia","2015-16","95.7",100074,4.3,"†.§",NA,"Stratified 2-stage cluster sample"
"900","MMR","","States","Washington","2015-16","91.0",86492,97.3,"§",NA,"Census"
"901","MMR","","States","West Virginia","2015-16","95.2",21333,87.6,"",NA,"Voluntary response"
"902","MMR","","States","Wisconsin","2015-16","93.2",70220,2,"‡.§",NA,"Stratified 2-stage cluster sample"
"903","MMR","","States","Wyoming","2015-16","96.9",7825,74,"§.¶",NA,"Voluntary response"
"904","MMR","","States","Alabama","2016-17","93.8",58394,100,"≥.*",NA,"Census"
"905","MMR","","States","Alaska","2016-17","89.0",9815,7.6,"†.§",NA,"Stratified 2-stage cluster sample"
"906","MMR","","States","Arizona","2016-17","94.0",83627,100,"*",NA,"Census"
"907","MMR","","States","Arkansas","2016-17","91.9",39666,75.9,"‡",NA,"Voluntary response"
"908","MMR","","States","California","2016-17","97.3",575305,97.8,"‡",NA,"Census"
"909","MMR","","States","Colorado","2016-17","87.3",64440,100,"*",NA,"Census"
"910","MMR","","States","Connecticut","2016-17","96.7",39002,100,"*",NA,"Census"
"911","MMR","","States","Delaware","2016-17","98.5",11490,9.3,"",NA,"Stratified 2-stage cluster sample"
"912","MMR","","States","Florida","2016-17","94.1",224463,100,"≥.*.§",NA,"Census"
"913","MMR","","States","Georgia","2016-17","93.3",136165,100,"≥.*",NA,"Census"
"914","MMR","","States","Hawaii","2016-17","93.5",16325,6.7,"",NA,"Stratified 2-stage cluster sample"
"915","MMR","","States","Idaho","2016-17","89.9",22589,100,"*",NA,"Census"
"916","MMR","","States","Illinois","2016-17","94.9",151309,97.7,"",NA,"Census"
"917","MMR","","States","Indiana","2016-17","88.9",83263,80.3,"",NA,"Voluntary response"
"918","MMR","","States","Iowa","2016-17","92.6",39587,100,"≥.*",NA,"Census"
"919","MMR","","States","Kansas","2016-17","89.5",38298,22.9,"†.‡.§",NA,"Stratified 2-stage cluster sample"
"920","MMR","","States","Kentucky","2016-17","90.8",51487,92.9,"‡.§",NA,"Census"
"921","MMR","","States","Louisiana","2016-17","97.1",55257,100,"*",NA,"Census"
"922","MMR","","States","Maine","2016-17","94.9",13834,90.1,"",NA,"Voluntary response (public). census (private)"
"923","MMR","","States","Maryland","2016-17","97.9",71467,98.1,"‡",NA,"Census"
"924","MMR","","States","Massachusetts","2016-17","96.1",70109,100,"*.‡",NA,"Census"
"925","MMR","","States","Michigan","2016-17","95.6",118777,100,"*",NA,"Census"
"926","MMR","","States","Minnesota","2016-17","92.8",69140,96.7,"§",NA,"Census"
"927","MMR","","States","Mississippi","2016-17","99.4",40509,100,"≥.*",NA,"Census"
"928","MMR","","States","Missouri","2016-17","95.4",73355,100,"*",NA,"Census"
"929","MMR","","States","Montana","2016-17","93.8",11956,100,"*",NA,"Census"
"930","MMR","","States","Nebraska","2016-17","96.7",27117,100,"*.‡.‡‡",NA,"Census"
"931","MMR","","States","Nevada","2016-17","90.9",36885,3.7,"",NA,"Stratified 2-stage cluster sample"
"932","MMR","","States","New Hampshire","2016-17","91.5",12145,100,"≥.*",NA,"Census"
"933","MMR","","States","New Jersey","2016-17","96.5",109577,100,"≥.*",NA,"Census"
"934","MMR","","States","New Mexico","2016-17","95.5",27119,4.5,"",NA,"Stratified 2-stage cluster sample"
"935","MMR","","States","New York","2016-17","97.3",227050,100,"*",NA,"Census"
"936","MMR","","States","North Carolina","2016-17","96.2",126454,88.2,"‡.§",NA,"Voluntary response"
"937","MMR","","States","North Dakota","2016-17","93.8",9799,98.7,"",NA,"Census"
"938","MMR","","States","Ohio","2016-17","92.6",137542,95.5,"",NA,"Census"
"939","MMR","","States","Oklahoma","2016-17",NA,52184,0,"‡.¶",NA,"Census"
"940","MMR","","States","Oregon","2016-17","93.8",45705,100,"*.‡",NA,"Census"
"941","MMR","","States","Pennsylvania","2016-17","93.6",143888,84.4,"",NA,"Voluntary response"
"942","MMR","","States","Rhode Island","2016-17","95.1",11100,98.4,"‡.§",NA,"Census"
"943","MMR","","States","South Carolina","2016-17","96.0",59177,8.9,"",NA,"Stratified 1-stage cluster sample"
"944","MMR","","States","South Dakota","2016-17","96.7",12106,99.8,"",NA,"Census"
"945","MMR","","States","Tennessee","2016-17","96.9",78169,100,"*.§",NA,"Census"
"946","MMR","","States","Texas","2016-17","97.3",389999,99,"‡.§",NA,"Census"
"947","MMR","","States","Utah","2016-17","93.8",49073,100,"*",NA,"Census"
"948","MMR","","States","Vermont","2016-17","93.6",6344,100,"*",NA,"Census"
"949","MMR","","States","Virginia","2016-17","94.1",102357,4,"†",NA,"Stratified 2-stage cluster sample"
"950","MMR","","States","Washington","2016-17","90.5",87142,98.2,"§",NA,"Census"
"951","MMR","","States","West Virginia","2016-17","95.9",28666,66.5,"§",NA,"Census (public). voluntary response (private)"
"952","MMR","","States","Wisconsin","2016-17","94.0",67607,2.2,"†.‡.§",NA,"Stratified 2-stage cluster sample"
"953","MMR","","States","Wyoming","2016-17",NA,NA,NA,"",NA,"Not conducted"
"954","MMR","","States","Alabama","2017-18","92.7",57245,100,"≥.*",NA,"Census"
"955","MMR","","States","Alaska","2017-18","91.6",9692,84.4,"†.§",NA,"Stratified 2-stage cluster sample"
"956","MMR","","States","Arizona","2017-18","93.4",81710,100,"*",NA,"Census"
"957","MMR","","States","Arkansas","2017-18","91.9",39630,95.4,"‡",NA,"Census "
"958","MMR","","States","California","2017-18","96.9",574702,100,"‡",NA,"Census"
"959","MMR","","States","Colorado","2017-18","88.7",65718,100,"*",NA,"Census"
"960","MMR","","States","Connecticut","2017-18","96.5",39174,100,"*",NA,"Census"
"961","MMR","","States","Delaware","2017-18","96.7",10988,9.5,"",NA,"Stratified 2-stage cluster sample"
"962","MMR","","States","Florida","2017-18","93.7",222397,100,"≥.*.§",NA,"Census"
"963","MMR","","States","Georgia","2017-18","93.4",131459,100,"≥.*",NA,"Census"
"964","MMR","","States","Hawaii","2017-18","95.6",16325,6.6,"",NA,"Stratified 2-stage cluster sample"
"965","MMR","","States","Idaho","2017-18","89.5",22553,99,"",NA,"Census"
"966","MMR","","States","Illinois","2017-18","95.2",144858,100,"*",NA,"Census"
"967","MMR","","States","Indiana","2017-18","90.4",84296,96.4,"",NA,"Voluntary Response"
"968","MMR","","States","Iowa","2017-18","93.0",39632,100,"≥.*",NA,"Census"
"969","MMR","","States","Kansas","2017-18","89.1",38484,23.1,"†.‡.§",NA,"Stratified 2-stage cluster sample"
"970","MMR","","States","Kentucky","2017-18","92.6",55152,99,"‡.§",NA,"Census"
"971","MMR","","States","Louisiana","2017-18","96.1",58277,100,"*",NA,"Census"
"972","MMR","","States","Maine","2017-18","94.3",13255,95.9,"",NA,"Census"
"973","MMR","","States","Maryland","2017-18","97.4",68528,98.5,"‡",NA,"Census"
"974","MMR","","States","Massachusetts","2017-18","96.3",63377,100,"*.‡",NA,"Census"
"975","MMR","","States","Michigan","2017-18","95.0",119028,100,"*",NA,"Census"
"976","MMR","","States","Minnesota","2017-18","92.5",69807,98.1,"§",NA,"Census"
"977","MMR","","States","Mississippi","2017-18","99.4",39284,100,"≥.*",NA,"Census"
"978","MMR","","States","Missouri","2017-18","95.2",73113,100,"*",NA,"Census"
"979","MMR","","States","Montana","2017-18","93.2",12188,100,"*",NA,"Census"
"980","MMR","","States","Nebraska","2017-18","96.2",26313,98.6,"‡.‡‡",NA,"Census"
"981","MMR","","States","Nevada","2017-18","93.0",37178,4.8,"",NA,"Stratified 2-stage cluster sample"
"982","MMR","","States","New Hampshire","2017-18","92.4",12165,100,"≥",NA,"Census"
"983","MMR","","States","New Jersey","2017-18","96.1",107630,100,"≥.*",NA,"Census"
"984","MMR","","States","New Mexico","2017-18","94.8",26896,99.6,"",NA,"Stratified 2-stage cluster sample"
"985","MMR","","States","New York","2017-18","97.2",226456,100,"*",NA,"Census"
"986","MMR","","States","North Carolina","2017-18","97.0",127197,90.9,"‡.§",NA,"Census"
"987","MMR","","States","North Dakota","2017-18","94.2",10365,99.4,"",NA,"Census"
"988","MMR","","States","Ohio","2017-18","92.1",138753,94.9,"",NA,"Census"
"989","MMR","","States","Oklahoma","2017-18","92.6",53898,92.1,"§",NA,"Census (public). voluntary response (private)"
"990","MMR","","States","Oregon","2017-18","93.2",45818,100,"*.‡",NA,"Census"
"991","MMR","","States","Pennsylvania","2017-18","96.7",141571,93.3,"",NA,"Voluntary response"
"992","MMR","","States","Rhode Island","2017-18","96.4",11025,100,"*.‡.§",NA,"Census"
"993","MMR","","States","South Carolina","2017-18","96.3",58458,27,"",NA,"Stratified 1-stage cluster sample"
"994","MMR","","States","South Dakota","2017-18","96.6",12125,99.9,"",NA,"Census"
"995","MMR","","States","Tennessee","2017-18","96.9",78743,100,"*.§",NA,"Census"
"996","MMR","","States","Texas","2017-18","96.9",387981,99.4,"‡.§",NA,"Census"
"997","MMR","","States","Utah","2017-18","93.4",48827,100,"*",NA,"Census"
"998","MMR","","States","Vermont","2017-18","94.1",6255,100,"*",NA,"Census"
"999","MMR","","States","Virginia","2017-18","95.5",100581,4.4,"†",NA,"Stratified 2-stage cluster sample"
"1000","MMR","","States","Washington","2017-18","90.6",85118,96.9,"§",NA,"Census"
"1001","MMR","","States","West Virginia","2017-18","98.4",19519,79.3,"¶",NA,"Voluntary response"
"1002","MMR","","States","Wisconsin","2017-18","91.8",66178,2.3,"†.‡.§",NA,"Stratified 2-stage cluster sample"
"1003","MMR","","States","Wyoming","2017-18",NA,NA,NA,"",NA,"Not conducted "
"1004","MMR","","States","Alabama","2018-19","90.6",77739,100,"≥.*",NA,"Census"
"1005","MMR","","States","Arizona","2018-19","92.9",79981,100,"*",NA,"Census"
"1006","MMR","","States","Arkansas","2018-19","94.2",39257,95.4,"‡",NA,"Census (public). voluntary response (private)"
"1007","MMR","","States","California","2018-19","96.5",568947,97.7,"‡",NA,"Census"
"1008","MMR","","States","Colorado","2018-19","87.4",64191,100,"*",NA,"Census"
"1009","MMR","","States","Connecticut","2018-19","95.9",38230,100,"*",NA,"Census"
"1010","MMR","","States","Delaware","2018-19","97.8",10798,9.5,"",NA,"Stratified 2-stage cluster sample"
"1011","MMR","","States","Florida","2018-19","93.8",224641,100,"≥.*.§",NA,"Census"
"1012","MMR","","States","Georgia","2018-19","93.6",131275,100,"≥.*",NA,"Census"
"1013","MMR","","States","Hawaii","2018-19","91.5",16051,6.7,"",NA,"Stratified 2-stage cluster sample"
"1014","MMR","","States","Idaho","2018-19","89.5",22995,99,"",NA,"Census"
"1015","MMR","","States","Illinois","2018-19","94.7",143876,100,"*",NA,"Census"
"1016","MMR","","States","Indiana","2018-19","91.2",82324,96.4,"",NA,"Census"
"1017","MMR","","States","Iowa","2018-19","93.3",40624,100,"≥.*",NA,"Census"
"1018","MMR","","States","Kansas","2018-19","90.8",37838,23.1,"†.‡.§",NA,"Stratified 2-stage cluster sample"
"1019","MMR","","States","Kentucky","2018-19","93.4",55587,99,"‡.§",NA,"Census"
"1020","MMR","","States","Louisiana","2018-19","95.5",56203,100,"*",NA,"Census"
"1021","MMR","","States","Maine","2018-19","93.8",13419,95.9,"",NA,"Census"
"1022","MMR","","States","Maryland","2018-19","97.4",71431,100,"‡",NA,"Census"
"1023","MMR","","States","Massachusetts","2018-19","96.9",65279,100,"*.‡",NA,"Census"
"1024","MMR","","States","Michigan","2018-19","94.6",118632,100,"*",NA,"Census"
"1025","MMR","","States","Minnesota","2018-19","92.6",70085,98.1,"§",NA,"Census"
"1026","MMR","","States","Mississippi","2018-19","99.2",37775,100,"≥.*",NA,"Census"
"1027","MMR","","States","Missouri","2018-19","94.8",72687,100,"*",NA,"Census"
"1028","MMR","","States","Montana","2018-19","93.3",12480,100,"*",NA,"Census"
"1029","MMR","","States","Nebraska","2018-19","96.9",26925,98.6,"‡.‡‡",NA,"Census"
"1030","MMR","","States","Nevada","2018-19","95.1",37971,4.8,"",NA,"Stratified 2-stage cluster sample"
"1031","MMR","","States","New Hampshire","2018-19","91.8",12421,100,"≥",NA,"Census"
"1032","MMR","","States","New Jersey","2018-19","95.0",109161,100,"≥.*",NA,"Census"
"1033","MMR","","States","New Mexico","2018-19","96.1",25269,99.6,"",NA,"Census"
"1034","MMR","","States","New York","2018-19","97.2",220495,100,"*",NA,"Census"
"1035","MMR","","States","North Carolina","2018-19","93.2",124343,90.9,"‡.§",NA,"Census (public). voluntary response (private)"
"1036","MMR","","States","North Dakota","2018-19","93.6",10382,99.4,"",NA,"Census"
"1037","MMR","","States","Ohio","2018-19","91.6",139679,94.9,"",NA,"Census (public). voluntary response (private)"
"1038","MMR","","States","Oklahoma","2018-19","92.2",54806,92.1,"§",NA,"Census (public). voluntary response (private)"
"1039","MMR","","States","Oregon","2018-19","93.0",45870,100,"*.‡",NA,"Census"
"1040","MMR","","States","Pennsylvania","2018-19","96.4",143560,93.3,"",NA,"Census (public). voluntary response (private)"
"1041","MMR","","States","Rhode Island","2018-19","97.4",10964,100,"*.‡.§",NA,"Census"
"1042","MMR","","States","South Carolina","2018-19","94.2",58442,27,"",NA,"Stratified 1-stage cluster sample"
"1043","MMR","","States","South Dakota","2018-19","96.2",12062,99.9,"",NA,"Census"
"1044","MMR","","States","Tennessee","2018-19","96.5",78630,100,"*.§",NA,"Census"
"1045","MMR","","States","Texas","2018-19","96.9",390034,99.4,"‡.§",NA,"Census"
"1046","MMR","","States","Utah","2018-19","92.8",50179,100,"*",NA,"Census"
"1047","MMR","","States","Vermont","2018-19","93.0",6126,100,"*",NA,"Census"
"1048","MMR","","States","Virginia","2018-19","95.0",100394,4.4,"†",NA,"Stratified 2-stage cluster sample"
"1049","MMR","","States","Washington","2018-19","90.8",87510,96.9,"§",NA,"Census"
"1050","MMR","","States","West Virginia","2018-19","98.8",19442,79.3,"¶",NA,"Voluntary response"
"1051","MMR","","States","Wisconsin","2018-19","92.6",66344,2.3,"†.‡.§",NA,"Stratified 2-stage cluster sample"
"1052","MMR","","States","Wyoming","2018-19","95.1",7734,100,"*",NA,"Census"
"1053","MMR","","States","Alabama","2019-20","86.6",59477,94.9,"≥",NA,"Census"
"1054","MMR","","States","Alaska","2019-20","NR",10381,82.7,"§",NA,"Voluntary response"
"1055","MMR","","States","Arizona","2019-20","92.8",83976,98.7,"",NA,"Census (public). voluntary response (private)"
"1056","MMR","","States","Arkansas","2019-20","94.3",39510,96.2,"‡",NA,"Census (public). voluntary response (private)"
"1057","MMR","","States","California","2019-20","96.5",566155,97.9,"‡",NA,"Census"
"1058","MMR","","States","Colorado","2019-20","91.1",69088,98.2,"",NA,"Census"
"1059","MMR","","States","Connecticut","2019-20","96.2",38888,100,"*",NA,"Census"
"1060","MMR","","States","Delaware","2019-20",NA,NA,NA,"",NA,"Not Conducted"
"1061","MMR","","States","District of Columbia","2019-20",NA,NA,NA,"",NA,"Not Conducted"
"1062","MMR","","States","Florida","2019-20","93.5",228298,100,"≥.*.§",NA,"Census"
"1063","MMR","","States","Georgia","2019-20","93.1",130102,100,"≥.*",NA,"Census"
"1064","MMR","","States","Hawaii","2019-20","89.7",15695,8.9,"",NA,"Stratified 2-stage cluster sample"
"1065","MMR","","States","Idaho","2019-20","89.1",23301,98.5,"",NA,"Census"
"1066","MMR","","States","Illinois","2019-20","96.6",145891,100,"*",NA,"Census"
"1067","MMR","","States","Indiana","2019-20","94.4",88253,65.7,"",NA,"Voluntary response"
"1068","MMR","","States","Iowa","2019-20","93.2",40812,100,"≥.*",NA,"Census"
"1069","MMR","","States","Kansas","2019-20","90.0",37865,34.3,"†.‡.§",NA,"Stratified 2-stage cluster sample"
"1070","MMR","","States","Kentucky","2019-20","93.1",59233,92.9,"‡.§",NA,"Census"
"1071","MMR","","States","Louisiana","2019-20","95.6",59685,100,"*",NA,"Census"
"1072","MMR","","States","Maine","2019-20","94.1",13450,99.6,"",NA,"Census "
"1073","MMR","","States","Maryland","2019-20","97.9",72443,98.3,"‡",NA,"Census (public). voluntary response (private)"
"1074","MMR","","States","Massachusetts","2019-20","97.3",66756,100,"*.‡",NA,"Census"
"1075","MMR","","States","Michigan","2019-20","94.8",120565,100,"*",NA,"Census"
"1076","MMR","","States","Minnesota","2019-20","92.6",71223,98.7,"§",NA,"Census"
"1077","MMR","","States","Mississippi","2019-20","99.1",37870,100,"≥.*",NA,"Census"
"1078","MMR","","States","Missouri","2019-20","94.6",72324,100,"*",NA,"Census"
"1079","MMR","","States","Montana","2019-20","93.6",12501,100,"*",NA,"Census"
"1080","MMR","","States","Nebraska","2019-20","96.3",26893,96.7,"‡.‡‡",NA,"Census"
"1081","MMR","","States","Nevada","2019-20","95.4",37724,99.9,"",NA,"Census"
"1082","MMR","","States","New Hampshire","2019-20","91.5",12447,100,"≥.*",NA,"Census"
"1083","MMR","","States","New Jersey","2019-20","95.9",107900,100,"≥.*",NA,"Census"
"1084","MMR","","States","New Mexico","2019-20","97.0",23087,100,"*",NA,"Census"
"1085","MMR","","States","New York","2019-20","98.6",234165,99.9,"",NA,"Census"
"1086","MMR","","States","North Carolina","2019-20","95.5",124548,97.8,"‡.§",NA,"Census"
"1087","MMR","","States","North Dakota","2019-20","94.8",10587,99.5,"",NA,"Census"
"1088","MMR","","States","Ohio","2019-20","92.4",139103,98.8,"",NA,"Census"
"1089","MMR","","States","Oklahoma","2019-20","93.0",55348,85.6,"§",NA,"Voluntary response"
"1090","MMR","","States","Oregon","2019-20","93.4",45959,100,"*.‡",NA,"Census"
"1091","MMR","","States","Pennsylvania","2019-20","96.6",140197,98.8,"",NA,"Census"
"1092","MMR","","States","Rhode Island","2019-20","97.7",11219,98.5,"‡.§",NA,"Census"
"1093","MMR","","States","South Carolina","2019-20","95.0",65938,27.5,"†",NA,"Stratified 1-stage cluster sample"
"1094","MMR","","States","South Dakota","2019-20","96.0",12367,99.8,"",NA,"Census"
"1095","MMR","","States","Tennessee","2019-20","96.8",80595,100,"*.§",NA,"Census"
"1096","MMR","","States","Texas","2019-20","96.9",398680,99.6,"‡.§",NA,"Census"
"1097","MMR","","States","Utah","2019-20","92.7",49208,100,"*",NA,"Census"
"1098","MMR","","States","Vermont","2019-20","94.5",6293,100,"*",NA,"Census"
"1099","MMR","","States","Virginia","2019-20","94.6",99399,1.2,"†",NA,"Stratified 2-stage cluster sample"
"1100","MMR","","States","Washington","2019-20","94.4",87757,91.9,"§",NA,"Census"
"1101","MMR","","States","West Virginia","2019-20","98.2",17114,49.6,"¶",NA,"Voluntary response"
"1102","MMR","","States","Wisconsin","2019-20","92.8",67391,2.6,"†.‡.§",NA,"Stratified 2-stage cluster sample"
"1103","MMR","","States","Wyoming","2019-20","94.5",7913,100,"*",NA,"Census"
"1104","MMR","","States","Alabama","2020-21","94.7",56974,100,">=.*",NA,"Census"
"1105","MMR","","States","Arizona","2020-21","91.9",76382,92.4,"",NA,"Census (public). voluntary response (private)"
"1106","MMR","","States","Arkansas","2020-21","93.2",37540,95.6,"‡",NA,"Census (public). voluntary response (private)"
"1107","MMR","","States","California","2020-21","95.1",498214,97.5,"‡",NA,"Census"
"1108","MMR","","States","Colorado","2020-21","90.5",63619,97.3,"",NA,"Census"
"1109","MMR","","States","Connecticut","2020-21","95.3",34396,100,"*",NA,"Census"
"1110","MMR","","States","Delaware","2020-21","95.7",10587,9.2,"",NA,"Stratified 2-stage cluster sample"
"1111","MMR","","States","District of Columbia","2020-21","78.9",8262,100,"*",NA,"Census"
"1112","MMR","","States","Florida","2020-21","93.3",207026,100,">=.*",NA,"Census"
"1113","MMR","","States","Georgia","2020-21","88.5",83191,100,">=.*",NA,"Census"
"1114","MMR","","States","Hawaii","2020-21","90.7",13074,9.3,"",NA,"Stratified 2-stage cluster sample"
"1115","MMR","","States","Idaho","2020-21","86.5",22677,98.3,"",NA,"Census"
"1116","MMR","","States","Illinois","2020-21","NR",NA,NA,"",NA,"Not Conducted"
"1117","MMR","","States","Indiana","2020-21","93.1",78694,71.4,"§",NA,"Voluntary response"
"1118","MMR","","States","Iowa","2020-21","93.4",39141,100,">=.*",NA,"Census"
"1119","MMR","","States","Kansas","2020-21","92.6",34687,32.7,"†.‡.§",NA,"Stratified 2-stage cluster sample"
"1120","MMR","","States","Kentucky","2020-21","88.9",59233,86.4,"‡.§",NA,"Census (public). voluntary response (private)"
"1121","MMR","","States","Louisiana","2020-21","96.2",61912,100,"*",NA,"Census"
"1122","MMR","","States","Maine","2020-21","94.3",13477,85,"",NA,"Voluntary response (public). census (private)"
"1123","MMR","","States","Maryland","2020-21","87.6",65764,75.6,"‡",NA,"Voluntary response"
"1124","MMR","","States","Massachusetts","2020-21","95.9",60724,100,"*.‡",NA,"Census"
"1125","MMR","","States","Michigan","2020-21","94.6",106657,100,"*",NA,"Census"
"1126","MMR","","States","Minnesota","2020-21","89.8",66007,95.2,"",NA,"Census"
"1127","MMR","","States","Mississippi","2020-21","98.9",34028,100,">=.*",NA,"Census"
"1128","MMR","","States","Missouri","2020-21","92.6",63093,100,"*",NA,"Census"
"1129","MMR","","States","Montana","2020-21","92.9",11279,100,"*",NA,"Census"
"1130","MMR","","States","Nebraska","2020-21","95.5",25681,94.8,"‡",NA,"Census (public). voluntary response (private)"
"1131","MMR","","States","Nevada","2020-21","96.1",34171,94.7,"",NA,"Census (public). voluntary response (private)"
"1132","MMR","","States","New Hampshire","2020-21","90.8",10242,57,">=. §",NA,"Voluntary response"
"1133","MMR","","States","New Jersey","2020-21","94.3",100144,100,">=.*",NA,"Census"
"1134","MMR","","States","New Mexico","2020-21","95.7",20589,100,"*",NA,"Census"
"1135","MMR","","States","New York","2020-21","98.3",216804,91.5,"",NA,"Census (public). voluntary response (private)"
"1136","MMR","","States","NY-City of New York","2020-21","97.4",91920,94.2,"",NA,"Census (public). voluntary response (private)"
"1137","MMR","","States","North Carolina","2020-21","95.2",120995,89,"‡.§",NA,"Census (public). voluntary response (private)"
"1138","MMR","","States","North Dakota","2020-21","93.3",10116,99.1,"",NA,"Census"
"1139","MMR","","States","Ohio","2020-21","89.6",128535,91.1,"",NA,"Census (public). voluntary response (private)"
"1140","MMR","","States","Oklahoma","2020-21","90.5",52656,90,"‡.§",NA,"Census (public). voluntary response (private)"
"1141","MMR","","States","Oregon","2020-21","92.7",39568,100,"*.‡",NA,"Census"
"1142","MMR","","States","Pennsylvania","2020-21","95.5",129307,95,"",NA,"Census (public). voluntary response (private)"
"1143","MMR","","States","Rhode Island","2020-21","97.0",10402,93,"‡.§",NA,"Census"
"1144","MMR","","States","South Carolina","2020-21","94.4",56330,26.5,"†",NA,"Stratified 1-stage cluster sample"
"1145","MMR","","States","South Dakota","2020-21","94.6",11512,99.9,"",NA,"Census"
"1146","MMR","","States","Tennessee","2020-21","96.6",73819,100,"*.§",NA,"Census"
"1147","MMR","","States","Texas","2020-21","95.3",377840,98.9,"‡.§",NA,"Census"
"1148","MMR","","States","TX-City of Houston","2020-21","83.7",39627,94.9,"‡.§",NA,"Census (public). voluntary response (private)"
"1149","MMR","","States","Utah","2020-21","91.4",46247,100,"*",NA,"Census"
"1150","MMR","","States","Vermont","2020-21","94.0",5535,100,"*",NA,"Census"
"1151","MMR","","States","Virginia","2020-21","95.8",88273,2,"†",NA,"Stratified 2-stage cluster sample"
"1152","MMR","","States","Washington","2020-21","94.4",74931,100,"§",NA,"Census"
"1153","MMR","","States","West Virginia","2020-21","NR",NA,NA,"",NA,"Not Conducted"
"1154","MMR","","States","Wisconsin","2020-21","87.2",63486,84.5,">=.†.‡.§",NA,"Voluntary response"
"1155","MMR","","States","Wyoming","2020-21","90.2",6923,100,">=.*",NA,"Census"
"1156","MMR","","States","Alabama","2021-22","94.9",60332,100,">=. *",NA,"Census"
"1157","MMR","","States","Alaska","2021-22","78.0",9790,76.2,"¶",NA,"Vol. response (pub.), not conducted (pvt.)"
"1158","MMR","","States","Arizona","2021-22","90.6",83463,97,"",NA,"Census"
"1159","MMR","","States","Arkansas","2021-22","92.5",39358,96.3,"",NA,"Census (pub.), vol. response (pvt.)"
"1160","MMR","","States","California","2021-22","96.3",512144,98.4,"‡",NA,"Census"
"1161","MMR","","States","Colorado","2021-22","88.4",66900,97.5,"",NA,"Census"
"1162","MMR","","States","Connecticut","2021-22","95.7",35451,100,"*",NA,"Census"
"1163","MMR","","States","Delaware","2021-22","96.4",11181,9.5,"‡",NA,"Stratified 2-stage cluster sample"
"1164","MMR","","States","District of Columbia","2021-22","82.0",8959,100,"*",NA,"Census"
"1165","MMR","","States","Florida","2021-22","91.7",229432,97.8,">=. §",NA,"Census"
"1166","MMR","","States","Georgia","2021-22","83.2",118742,100,">=. *",NA,"Census"
"1167","MMR","","States","Hawaii","2021-22","94.3",13368,6.7,"",NA,"Stratified 2-stage cluster sample"
"1168","MMR","","States","Idaho","2021-22","83.9",23854,99.6,"",NA,"Census"
"1169","MMR","","States","Illinois","2021-22","92.1",137699,100,"*",NA,"Census"
"1170","MMR","","States","Indiana","2021-22","92.1",83198,75.1,"§",NA,"Vol. response"
"1171","MMR","","States","Iowa","2021-22","90.6",40111,100,">=. *",NA,"Census"
"1172","MMR","","States","Kansas","2021-22","91.0",36526,29.5,"†. ‡. §",NA,"Stratified 1-stage cluster sample"
"1173","MMR","","States","Kentucky","2021-22","86.5",59233,91.5,">=. ‡. §",NA,"Census"
"1174","MMR","","States","Louisiana","2021-22","93.7",66518,100,"*",NA,"Census"
"1175","MMR","","States","Maine","2021-22","96.7",12881,91.6,"",NA,"Census"
"1176","MMR","","States","Maryland","2021-22","93.9",53866,98.4,"‡",NA,"Census"
"1177","MMR","","States","Massachusetts","2021-22","96.2",65582,100,"*. ‡",NA,"Census"
"1178","MMR","","States","Michigan","2021-22","93.6",114251,100,"*",NA,"Census"
"1179","MMR","","States","Minnesota","2021-22","89.0",69403,98.7,"",NA,"Census"
"1180","MMR","","States","Mississippi","2021-22","98.6",36524,100,">=. *",NA,"Census"
"1181","MMR","","States","Missouri","2021-22","91.6",71034,100,"*",NA,"Census"
"1182","MMR","","States","Nebraska","2021-22","96.2",25018,99.5,"‡",NA,"Census"
"1183","MMR","","States","Nevada","2021-22","92.7",36855,99.2,"",NA,"Census (pub.), vol. response (pvt.)"
"1184","MMR","","States","New Hampshire","2021-22","88.7",12157,100,">=. §. *",NA,"Census"
"1185","MMR","","States","New Jersey","2021-22","94.1",104240,100,">=. §. *",NA,"Census"
"1186","MMR","","States","New Mexico","2021-22","94.3",20736,100,"*",NA,"Census"
"1187","MMR","","States","New York","2021-22","98.0",195377,99.3,"",NA,"Census"
"1188","MMR","","States","NY-City of New York","2021-22","97.3",82938,99.8,"",NA,"Census"
"1189","MMR","","States","North Carolina","2021-22","96.1",118191,78.5,"§. ‡",NA,"Vol. response"
"1190","MMR","","States","North Dakota","2021-22","91.5",10755,96.6,"",NA,"Census"
"1191","MMR","","States","Ohio","2021-22","88.3",139077,91.9,"",NA,"Census (pub.), vol. response (pvt.)"
"1192","MMR","","States","Oklahoma","2021-22","90.9",54042,84.3,"‡",NA,"Vol. response"
"1193","MMR","","States","Oregon","2021-22","93.0",41538,100,"*. ‡",NA,"Census"
"1194","MMR","","States","Pennsylvania","2021-22","95.0",139558,94.9,"",NA,"Census (pub.), vol. response (pvt.)"
"1195","MMR","","States","Rhode Island","2021-22","97.3",11002,96.9,"‡. §",NA,"Census"
"1196","MMR","","States","South Carolina","2021-22","92.7",58276,27.2,"†",NA,"1-stage cluster sample"
"1197","MMR","","States","South Dakota","2021-22","93.7",12251,100,"*",NA,"Census"
"1198","MMR","","States","Tennessee","2021-22","95.8",79120,100,"§. *",NA,"Census"
"1199","MMR","","States","Texas","2021-22","94.0",389037,99.3,"‡. §",NA,"Census"
"1200","MMR","","States","TX-City of Houston","2021-22","88.2",40123,99.3,"‡. §",NA,"Census"
"1201","MMR","","States","Utah","2021-22","90.0",48995,100,"*",NA,"Census"
"1202","MMR","","States","Vermont","2021-22","93.4",6126,100,"*",NA,"Census"
"1203","MMR","","States","Virginia","2021-22","95.5",95996,2.8,"†",NA,"Stratified 2-stage cluster sample"
"1204","MMR","","States","Washington","2021-22","92.5",87256,97.3,"§",NA,"Census (pub.), vol. response (pvt.)"
"1205","MMR","","States","West Virginia","2021-22","96.5",18070,85.5,"‡. §",NA,"Vol. response"
"1206","MMR","","States","Wisconsin","2021-22","82.6",64275,96.8,">=. ‡",NA,"Census (pub.), vol. response (pvt.)"
"1207","MMR","","States","Wyoming","2021-22","92.9",7382,100,"*",NA,"Census"
"1208","DTP, DTaP, or DT","","States","Alabama","2009-10","94.0",75358,100,"≥. *. **",NA,"Census"
"1209","DTP, DTaP, or DT","","States","Alaska","2009-10",NA,9641,76.4,"",NA,"Voluntary response"
"1210","DTP, DTaP, or DT","","States","Arizona","2009-10","95.0",89287,93.9,"",NA,"Census"
"1211","DTP, DTaP, or DT","","States","Arkansas","2009-10","97.5",34733,100,"*",NA,"Census"
"1212","DTP, DTaP, or DT","","States","California","2009-10","93.1",507191,100,"*",NA,"Census"
"1213","DTP, DTaP, or DT","","States","Colorado","2009-10",NA,NA,NA,"",NA,"Not conducted"
"1214","DTP, DTaP, or DT","","States","Connecticut","2009-10","98.5",46158,100,"*",NA,"Census"
"1215","DTP, DTaP, or DT","","States","Delaware","2009-10","89.6",11327,9.2,"",NA,"Random sample"
"1216","DTP, DTaP, or DT","","States","District of Columbia","2009-10",NA,6092,100,"*",NA,"Census"
"1217","DTP, DTaP, or DT","","States","Florida","2009-10","91.3",218630,100,"≥. * .§",NA,"Census"
"1218","DTP, DTaP, or DT","","States","Georgia","2009-10","99.9",141949,1.2,"",NA,"Random sample"
"1219","DTP, DTaP, or DT","","States","Hawaii","2009-10",NA,18427,6.4,"",NA,"Random sample"
"1220","DTP, DTaP, or DT","","States","Idaho","2009-10","86.8",22624,100,"*",NA,"Census"
"1221","DTP, DTaP, or DT","","States","Illinois","2009-10","95.6",165845,100,"",NA,"Census"
"1222","DTP, DTaP, or DT","","States","Indiana","2009-10","91.1",84390,94.7,"",NA,"Census"
"1223","DTP, DTaP, or DT","","States","Iowa","2009-10","84.5",42698,100,"≥",NA,"Census"
"1224","DTP, DTaP, or DT","","States","Kansas","2009-10","97.1",39073,39.1,"†",NA,"Stratified 1-stage sample  (Public).  Census (Private)"
"1225","DTP, DTaP, or DT","","States","Kentucky","2009-10","93.2",56526,92.9,"",NA,"Census"
"1226","DTP, DTaP, or DT","","States","Louisiana","2009-10","98.0",53846,100,"*",NA,"Census"
"1227","DTP, DTaP, or DT","","States","Maine","2009-10","96.2",14162,75.3,"",NA,"Voluntary response"
"1228","DTP, DTaP, or DT","","States","Maryland","2009-10","99.6",75061,75,"",NA,"Voluntary response"
"1229","DTP, DTaP, or DT","","States","Massachusetts","2009-10","92.4",74476,100,"*",NA,"Census"
"1230","DTP, DTaP, or DT","","States","Michigan","2009-10","96.0",129810,100,"*",NA,"Census"
"1231","DTP, DTaP, or DT","","States","Minnesota","2009-10","94.3",70653,100,"*",NA,"Census"
"1232","DTP, DTaP, or DT","","States","Mississippi","2009-10","99.7",46922,100,"≥. *",NA,"Census"
"1233","DTP, DTaP, or DT","","States","Missouri","2009-10","97.1",75958,3,"",NA,"Random sample"
"1234","DTP, DTaP, or DT","","States","Montana","2009-10","96.7",12335,98.8,"",NA,"Census"
"1235","DTP, DTaP, or DT","","States","Nebraska","2009-10","98.7",29607,96.4,"",NA,"Census"
"1236","DTP, DTaP, or DT","","States","Nevada","2009-10","97.9",35209,5.6,"",NA,"Random sample"
"1237","DTP, DTaP, or DT","","States","New Hampshire","2009-10",NA,NA,NA,"",NA,"Not conducted"
"1238","MMR","","National","United States","2015-16","94.7",NA,NA,"",NA,"NaN"
"1239","MMR","","National","U.S. Median","2015-16","94.6",NA,NA,"",NA,"NaN"
"1240","MMR","","National","United States","2016-17","95.0",NA,NA,"",NA,"NaN"
"1241","MMR","","National","U.S. Median","2016-17","94.1",NA,NA,"",NA,"NaN"
"1242","MMR","","National","United States","2017-18","95.0",NA,NA,"",NA,"NaN"
"1243","MMR","","National","U.S. Median","2017-18","94.3",NA,NA,"",NA,"NaN"
"1244","MMR","","National","United States","2018-19","94.7",NA,NA,"",NA,"NaN"
"1245","MMR","","National","U.S. Median","2018-19","94.2",NA,NA,"",NA,"NaN"
"1246","MMR","","National","United States","2019-20","95.2",NA,NA,"",NA,"NaN"
"1247","MMR","","National","U.S. Median","2019-20","94.6",NA,NA,"",NA,"NaN"
"1248","MMR","","National","United States","2020-21","93.9",3510744,90.8,"",NA,""
"1249","MMR","","National","U.S. Median","2020-21","93.7",3510744,90,"",NA,""
"1250","MMR","","National","United States","2021-22","93.0",3835130,92.2,"",NA,""
"1251","MMR","","National","U.S. Median","2021-22","92.9",3835130,92.2,"",NA,""
"1252","DTP, DTaP, or DT","","National","United States","2009-10","95.0",NA,NA,"",NA,"NaN"
"1253","DTP, DTaP, or DT","","States","New Jersey","2009-10",NA,118347,95.1,"",NA,"Census"
"1254","DTP, DTaP, or DT","","States","New Mexico","2009-10","99.0",26318,2.2,"",NA,"Random sample"
"1255","DTP, DTaP, or DT","","States","New York","2009-10","98.3",229273,100,"*",NA,"Census"
"1256","DTP, DTaP, or DT","","States","North Carolina","2009-10",NA,116087,96,"",NA,"Census"
"1257","DTP, DTaP, or DT","","States","North Dakota","2009-10","90.8",8323,6,"¶",NA,"Random sample"
"1258","DTP, DTaP, or DT","","States","Ohio","2009-10","87.9",131137,100,"*",NA,"Census"
"1259","DTP, DTaP, or DT","","States","Oklahoma","2009-10","97.3",51128,88.9,"",NA,"Voluntary response"
"1260","DTP, DTaP, or DT","","States","Oregon","2009-10","93.9",44676,100,"*",NA,"Census"
"1261","DTP, DTaP, or DT","","States","Pennsylvania","2009-10","NReq",149656,100,"||. *",NA,"Census"
"1262","DTP, DTaP, or DT","","States","Rhode Island","2009-10","90.3",11818,11.6,"",NA,"Random sample"
"1263","DTP, DTaP, or DT","","States","South Carolina","2009-10","86.7",53725,10.2,"",NA,"Random sample"
"1264","DTP, DTaP, or DT","","States","South Dakota","2009-10","97.9",11499,100,"*",NA,"Census"
"1265","DTP, DTaP, or DT","","States","Tennessee","2009-10","97.4",90811,88.1,"≥",NA,"Voluntary response"
"1266","DTP, DTaP, or DT","","States","Texas","2009-10","97.7",381425,98.3,"",NA,"Census"
"1267","DTP, DTaP, or DT","","States","Utah","2009-10","97.5",49957,100,"*",NA,"Census"
"1268","DTP, DTaP, or DT","","States","Vermont","2009-10","91.8",6713,100,"*",NA,"Census"
"1269","DTP, DTaP, or DT","","States","Virginia","2009-10","98.4",100891,4.4,"",NA,"Random sample"
"1270","DTP, DTaP, or DT","","States","Washington","2009-10","91.6",81511,93.3,"",NA,"Census"
"1271","DTP, DTaP, or DT","","States","West Virginia","2009-10","91.9",22730,86.7,"",NA,"Voluntary response"
"1272","DTP, DTaP, or DT","","States","Wisconsin","2009-10","97.3",61095,2.3,"¶",NA,"Random sample"
"1273","DTP, DTaP, or DT","","States","Wyoming","2009-10",NA,NA,NA,"",NA,"Not conducted"
"1274","DTP, DTaP, or DT","","States","Alabama","2010-11",NA,NA,NA,"",NA,NA
"1275","DTP, DTaP, or DT","","States","Alaska","2010-11",NA,NA,NA,"",NA,NA
"1276","DTP, DTaP, or DT","","States","Arizona","2010-11",NA,NA,NA,"",NA,NA
"1277","DTP, DTaP, or DT","","States","Arkansas","2010-11",NA,NA,NA,"",NA,NA
"1278","DTP, DTaP, or DT","","States","California","2010-11",NA,NA,NA,"",NA,NA
"1279","DTP, DTaP, or DT","","States","Colorado","2010-11",NA,NA,NA,"",NA,NA
"1280","DTP, DTaP, or DT","","States","Connecticut","2010-11",NA,NA,NA,"",NA,NA
"1281","DTP, DTaP, or DT","","States","Delaware","2010-11",NA,NA,NA,"",NA,NA
"1282","DTP, DTaP, or DT","","States","District of Columbia","2010-11",NA,NA,NA,"",NA,NA
"1283","DTP, DTaP, or DT","","States","Florida","2010-11",NA,NA,NA,"",NA,NA
"1284","DTP, DTaP, or DT","","States","Georgia","2010-11",NA,NA,NA,"",NA,NA
"1285","DTP, DTaP, or DT","","States","Hawaii","2010-11",NA,NA,NA,"",NA,NA
"1286","DTP, DTaP, or DT","","States","Idaho","2010-11",NA,NA,NA,"",NA,NA
"1287","DTP, DTaP, or DT","","States","Illinois","2010-11",NA,NA,NA,"",NA,NA
"1288","DTP, DTaP, or DT","","States","Indiana","2010-11",NA,NA,NA,"",NA,NA
"1289","DTP, DTaP, or DT","","States","Iowa","2010-11",NA,NA,NA,"",NA,NA
"1290","DTP, DTaP, or DT","","States","Kansas","2010-11",NA,NA,NA,"",NA,NA
"1291","DTP, DTaP, or DT","","States","Kentucky","2010-11",NA,NA,NA,"",NA,NA
"1292","DTP, DTaP, or DT","","States","Louisiana","2010-11",NA,NA,NA,"",NA,NA
"1293","DTP, DTaP, or DT","","States","Maine","2010-11",NA,NA,NA,"",NA,NA
"1294","DTP, DTaP, or DT","","States","Maryland","2010-11",NA,NA,NA,"",NA,NA
"1295","DTP, DTaP, or DT","","States","Massachusetts","2010-11",NA,NA,NA,"",NA,NA
"1296","DTP, DTaP, or DT","","States","Michigan","2010-11",NA,NA,NA,"",NA,NA
"1297","DTP, DTaP, or DT","","States","Minnesota","2010-11",NA,NA,NA,"",NA,NA
"1298","DTP, DTaP, or DT","","States","Mississippi","2010-11",NA,NA,NA,"",NA,NA
"1299","DTP, DTaP, or DT","","States","Missouri","2010-11",NA,NA,NA,"",NA,NA
"1300","DTP, DTaP, or DT","","States","Montana","2010-11",NA,NA,NA,"",NA,NA
"1301","DTP, DTaP, or DT","","States","Nebraska","2010-11",NA,NA,NA,"",NA,NA
"1302","DTP, DTaP, or DT","","States","Nevada","2010-11",NA,NA,NA,"",NA,NA
"1303","DTP, DTaP, or DT","","States","New Hampshire","2010-11",NA,NA,NA,"",NA,NA
"1304","DTP, DTaP, or DT","","States","New Jersey","2010-11",NA,NA,NA,"",NA,NA
"1305","DTP, DTaP, or DT","","States","New Mexico","2010-11",NA,NA,NA,"",NA,NA
"1306","DTP, DTaP, or DT","","States","New York","2010-11",NA,NA,NA,"",NA,NA
"1307","DTP, DTaP, or DT","","States","North Carolina","2010-11",NA,NA,NA,"",NA,NA
"1308","DTP, DTaP, or DT","","States","North Dakota","2010-11",NA,NA,NA,"",NA,NA
"1309","DTP, DTaP, or DT","","States","Ohio","2010-11",NA,NA,NA,"",NA,NA
"1310","DTP, DTaP, or DT","","States","Oklahoma","2010-11",NA,NA,NA,"",NA,NA
"1311","DTP, DTaP, or DT","","States","Oregon","2010-11",NA,NA,NA,"",NA,NA
"1312","DTP, DTaP, or DT","","States","Pennsylvania","2010-11",NA,NA,NA,"",NA,NA
"1313","DTP, DTaP, or DT","","States","Rhode Island","2010-11",NA,NA,NA,"",NA,NA
"1314","DTP, DTaP, or DT","","States","South Carolina","2010-11",NA,NA,NA,"",NA,NA
"1315","DTP, DTaP, or DT","","States","South Dakota","2010-11",NA,NA,NA,"",NA,NA
"1316","DTP, DTaP, or DT","","States","Tennessee","2010-11",NA,NA,NA,"",NA,NA
"1317","DTP, DTaP, or DT","","States","Texas","2010-11",NA,NA,NA,"",NA,NA
"1318","DTP, DTaP, or DT","","States","Utah","2010-11",NA,NA,NA,"",NA,NA
"1319","DTP, DTaP, or DT","","States","Vermont","2010-11",NA,NA,NA,"",NA,NA
"1320","DTP, DTaP, or DT","","States","Virginia","2010-11",NA,NA,NA,"",NA,NA
"1321","DTP, DTaP, or DT","","States","Washington","2010-11",NA,NA,NA,"",NA,NA
"1322","DTP, DTaP, or DT","","States","West Virginia","2010-11",NA,NA,NA,"",NA,NA
"1323","DTP, DTaP, or DT","","States","Wisconsin","2010-11",NA,NA,NA,"",NA,NA
"1324","DTP, DTaP, or DT","","States","Wyoming","2010-11",NA,NA,NA,"",NA,NA
"1325","DTP, DTaP, or DT","","States","Alabama","2011-12","93.6",73190,100,"≥. * .**",NA,"Census"
"1326","DTP, DTaP, or DT","","States","Alaska","2011-12",NA,10286,7.3,"",NA,"Non-random Cluster Sample"
"1327","DTP, DTaP, or DT","","States","Arizona","2011-12","94.9",88293,96.9,"",NA,"Census"
"1328","DTP, DTaP, or DT","","States","Arkansas","2011-12","84.1",38754,92.2,"",NA,"Census"
"1329","DTP, DTaP, or DT","","States","California","2011-12","93.0",542544,97.6,"",NA,"Census"
"1330","DTP, DTaP, or DT","","States","Colorado","2011-12","85.5",70142,0.5,"",NA,"Simple Random Sample"
"1331","DTP, DTaP, or DT","","States","Connecticut","2011-12","97.8",45695,100,"*",NA,"Census"
"1332","DTP, DTaP, or DT","","States","Delaware","2011-12","96.9",11327,7.4,"≥",NA,"2-stage Cluster Sample"
"1333","DTP, DTaP, or DT","","States","District of Columbia","2011-12",NA,6854,100,"*",NA,"Census"
"1334","DTP, DTaP, or DT","","States","Florida","2011-12","92.6",225532,100,"≥. * .§ ",NA,"Census"
"1335","DTP, DTaP, or DT","","States","Georgia","2011-12","96.7",143065,1.9,"",NA,"2-stage Cluster Sample"
"1336","DTP, DTaP, or DT","","States","Hawaii","2011-12",NA,19443,7.7,"",NA,"2-stage Cluster Sample"
"1337","DTP, DTaP, or DT","","States","Idaho","2011-12","89.0",22762,100,"*",NA,"Census"
"1338","DTP, DTaP, or DT","","States","Illinois","2011-12","96.4",163311,100,"*",NA,"Census"
"1339","DTP, DTaP, or DT","","States","Indiana","2011-12","90.2",83416,67.5,"",NA,"Voluntary Response"
"1340","DTP, DTaP, or DT","","States","Iowa","2011-12","91.1",40978,100,"≥. *",NA,"Census"
"1341","DTP, DTaP, or DT","","States","Kansas","2011-12","88.0",38402,52.7,"†",NA,"Stratified 1-stage sample  (Public);  Census (Private)"
"1342","DTP, DTaP, or DT","","States","Kentucky","2011-12","93.7",58185,91.8,"",NA,"Census"
"1343","DTP, DTaP, or DT","","States","Louisiana","2011-12","98.9",69013,100,"*",NA,"Census"
"1344","DTP, DTaP, or DT","","States","Maine","2011-12","96.6",13829,97,"",NA,"Census"
"1345","DTP, DTaP, or DT","","States","Maryland","2011-12","99.6",72957,67.2,"",NA,"Voluntary Response"
"1346","DTP, DTaP, or DT","","States","Massachusetts","2011-12","92.5",79551,97.5,"",NA,"Census"
"1347","DTP, DTaP, or DT","","States","Michigan","2011-12","95.6",124962,100,"*",NA,"Census"
"1348","DTP, DTaP, or DT","","States","Minnesota","2011-12","95.5",71213,99.2,"",NA,"Census"
"1349","DTP, DTaP, or DT","","States","Mississippi","2011-12","99.2",44912,100,"≥. *",NA,"Census"
"1350","DTP, DTaP, or DT","","States","Missouri","2011-12","97.1",75240,4.7,"",NA,"2-stage Cluster Sample"
"1351","DTP, DTaP, or DT","","States","Montana","2011-12","94.8",12128,100,"*",NA,"Census"
"1352","DTP, DTaP, or DT","","States","Nebraska","2011-12","99.7",26715,96.6,"",NA,"Census"
"1353","DTP, DTaP, or DT","","States","Nevada","2011-12","97.2",36557,5.2,"",NA,"2-stage Cluster Sample"
"1354","DTP, DTaP, or DT","","States","New Hampshire","2011-12",NA,13022,100,"*",NA,"Census"
"1355","DTP, DTaP, or DT","","States","New Jersey","2011-12",NA,118669,96.6,"",NA,"Census"
"1356","DTP, DTaP, or DT","","States","New Mexico","2011-12","96.9",29159,2,"",NA,"2-stage Cluster Sample"
"1357","DTP, DTaP, or DT","","States","New York","2011-12","97.9",236016,100,"*",NA,"Census"
"1358","DTP, DTaP, or DT","","States","North Carolina","2011-12",NA,128854,95.4,"",NA,"Census"
"1359","DTP, DTaP, or DT","","States","North Dakota","2011-12","91.2",8412,5.8,"¶",NA,"Convenient "
"1360","DTP, DTaP, or DT","","States","Ohio","2011-12","95.9",146144,94.5,"",NA,"Convenient "
"1361","DTP, DTaP, or DT","","States","Oklahoma","2011-12","94.6",52987,90.9,"¶",NA,"Census"
"1362","DTP, DTaP, or DT","","States","Oregon","2011-12","93.7",45855,100,"*",NA,"Census"
"1363","DTP, DTaP, or DT","","States","Pennsylvania","2011-12","NReq",148042,99,"||",NA,"Census"
"1364","DTP, DTaP, or DT","","States","Rhode Island","2011-12","93.4",12552,13.9,"",NA,"2-stage Cluster Sample"
"1365","DTP, DTaP, or DT","","States","South Carolina","2011-12","96.5",59307,10.7,"",NA,"1-stage Cluster Sample"
"1366","DTP, DTaP, or DT","","States","South Dakota","2011-12","97.5",12127,100,"*",NA,"Census"
"1367","DTP, DTaP, or DT","","States","Tennessee","2011-12","97.3",83950,99.9,"≥",NA,"Census"
"1368","DTP, DTaP, or DT","","States","Texas","2011-12","99.3",388178,100,"*",NA,"Census"
"1369","DTP, DTaP, or DT","","States","Utah","2011-12","97.7",53800,100,"*",NA,"Census"
"1370","DTP, DTaP, or DT","","States","Vermont","2011-12","92.7",6548,100,"*",NA,"Census"
"1371","DTP, DTaP, or DT","","States","Virginia","2011-12","98.6",101121,4.3,"",NA,"2-stage Cluster Sample"
"1372","DTP, DTaP, or DT","","States","Washington","2011-12","90.9",85134,89.1,"",NA,"Voluntary Response"
"1373","DTP, DTaP, or DT","","States","West Virginia","2011-12","92.6",22449,94.9,"",NA,"Convenient "
"1374","DTP, DTaP, or DT","","States","Wisconsin","2011-12","87.7",70672,2.3,"",NA,"2-stage Cluster Sample"
"1375","DTP, DTaP, or DT","","States","Wyoming","2011-12",NA,NA,NA,"",NA,"Not conducted"
"1376","DTP, DTaP, or DT","","States","Alabama","2012-13","92.8",72929,100,"≥. * . ‡. **",NA,"Census"
"1377","DTP, DTaP, or DT","","States","Alaska","2012-13",NA,10319,97.8,"",NA,"Census"
"1378","DTP, DTaP, or DT","","States","Arizona","2012-13","94.6",90054,97.6,"",NA,"Census"
"1379","DTP, DTaP, or DT","","States","Arkansas","2012-13","82.9",43212,96.3,"‡",NA,"Census"
"1380","DTP, DTaP, or DT","","States","California","2012-13","92.5",535523,99,"‡",NA,"Census"
"1381","DTP, DTaP, or DT","","States","Colorado","2012-13","82.9",70657,0.5,"",NA,"Simple Random Sample"
"1382","DTP, DTaP, or DT","","States","Connecticut","2012-13","97.2",41604,100,"*",NA,"Census"
"1383","DTP, DTaP, or DT","","States","Delaware","2012-13","95.7",11997,7.8,"≥",NA,"2-stage Cluster Sample"
"1384","DTP, DTaP, or DT","","States","District of Columbia","2012-13",NA,7842,100,"*",NA,"Census"
"1385","DTP, DTaP, or DT","","States","Florida","2012-13","92.1",234628,100,"≥. *. §",NA,"Census"
"1386","DTP, DTaP, or DT","","States","Georgia","2012-13","95.1",142732,2.4,"≥",NA,"2-stage Cluster Sample"
"1387","DTP, DTaP, or DT","","States","Hawaii","2012-13",NA,20104,6.7,"",NA,"2-stage Cluster Sample"
"1388","DTP, DTaP, or DT","","States","Idaho","2012-13","88.3",23888,100,"*",NA,"Census"
"1389","DTP, DTaP, or DT","","States","Illinois","2012-13","94.6",166884,100,"*",NA,"Census"
"1390","DTP, DTaP, or DT","","States","Indiana","2012-13","90.1",86983,83.4,"",NA,"Voluntary Response"
"1391","DTP, DTaP, or DT","","States","Iowa","2012-13","90.5",41701,99.9,"≥",NA,"Census"
"1392","DTP, DTaP, or DT","","States","Kansas","2012-13","88.9",40738,31.8,"†. ‡",NA,"Stratified 1-stage sample  (Public);  Census (Private)"
"1393","DTP, DTaP, or DT","","States","Kentucky","2012-13","94.1",58466,97.2,"‡",NA,"Census"
"1394","DTP, DTaP, or DT","","States","Louisiana","2012-13","98.3",68874,100,"*",NA,"Census"
"1395","DTP, DTaP, or DT","","States","Maine","2012-13","95.2",14313,94.6,"‡",NA,"Census"
"1396","DTP, DTaP, or DT","","States","Maryland","2012-13","99.4",75007,84.3,"‡",NA,"Voluntary Response"
"1397","DTP, DTaP, or DT","","States","Massachusetts","2012-13","93.1",79661,97.6,"‡",NA,"Census"
"1398","DTP, DTaP, or DT","","States","Michigan","2012-13","95.1",124662,100,"*",NA,"Census"
"1399","DTP, DTaP, or DT","","States","Minnesota","2012-13","96.7",73310,100,"*. ‡ ",NA,"Census"
"1400","DTP, DTaP, or DT","","States","Mississippi","2012-13","99.9",46595,100,"≥. *",NA,"Census"
"1401","DTP, DTaP, or DT","","States","Missouri","2012-13","96.5",78416,5.9,"",NA,"2-stage Cluster Sample"
"1402","DTP, DTaP, or DT","","States","Montana","2012-13","94.5",12516,95.8,"",NA,"Census"
"1403","DTP, DTaP, or DT","","States","Nebraska","2012-13","95.5",24999,96.6,"‡",NA,"Census"
"1404","DTP, DTaP, or DT","","States","Nevada","2012-13","96.6",36070,4.3,"",NA,"2-stage Cluster Sample"
"1405","DTP, DTaP, or DT","","States","New Hampshire","2012-13",NA,12943,99.2,"",NA,"Census"
"1406","DTP, DTaP, or DT","","States","New Jersey","2012-13","97.0",122516,96.7,"≥. ‡",NA,"Census"
"1407","DTP, DTaP, or DT","","States","New Mexico","2012-13","96.6",29279,3.3,"‡ ",NA,"2-stage Cluster Sample"
"1408","DTP, DTaP, or DT","","States","New York","2012-13","98.4",239484,100,"*. ‡",NA,"Census"
"1409","DTP, DTaP, or DT","","States","North Carolina","2012-13",NA,130612,97.3,"",NA,"Census"
"1410","DTP, DTaP, or DT","","States","North Dakota","2012-13","89.0",9503,4.9,"",NA,"2-stage Cluster Sample"
"1411","DTP, DTaP, or DT","","States","Ohio","2012-13","96.3",163687,86.9,"",NA,"Census"
"1412","DTP, DTaP, or DT","","States","Oklahoma","2012-13","90.2",56943,95.5,"",NA,"Census"
"1413","DTP, DTaP, or DT","","States","Oregon","2012-13","93.4",47102,100,"*. ‡",NA,"Census"
"1414","DTP, DTaP, or DT","","States","Pennsylvania","2012-13","NReq",151364,97.5,"||",NA,"Census"
"1415","DTP, DTaP, or DT","","States","Rhode Island","2012-13","95.2",12552,75.2,"‡",NA,"Voluntary Response"
"1416","DTP, DTaP, or DT","","States","South Carolina","2012-13","90.9",61799,17.9,"≥",NA,"1-Stage Cluster Sample"
"1417","DTP, DTaP, or DT","","States","South Dakota","2012-13","97.7",12468,100,"*",NA,"Census"
"1418","DTP, DTaP, or DT","","States","Tennessee","2012-13","94.5",85801,97,"≥",NA,"Census"
"1419","DTP, DTaP, or DT","","States","Texas","2012-13","97.3",414688,96.6,"‡",NA,"Census"
"1420","DTP, DTaP, or DT","","States","Utah","2012-13","97.8",54605,100,"*",NA,"Census"
"1421","DTP, DTaP, or DT","","States","Vermont","2012-13","92.6",6792,100,"*",NA,"Census"
"1422","DTP, DTaP, or DT","","States","Virginia","2012-13","98.5",104826,4.2,"",NA,"2-stage Cluster Sample"
"1423","DTP, DTaP, or DT","","States","Washington","2012-13","92.4",87773,94.7,"",NA,"Census"
"1424","DTP, DTaP, or DT","","States","West Virginia","2012-13","96.3",22588,86.5,"",NA,"Voluntary Response"
"1425","DTP, DTaP, or DT","","States","Wisconsin","2012-13","96.1",72416,1.8,"‡",NA,"2-stage Cluster Sample"
"1426","DTP, DTaP, or DT","","States","Wyoming","2012-13","97.4",8133,100,"* .¶",NA,"Census"
"1427","DTP, DTaP, or DT","","States","Alabama","2013-14","92.0",76927,100,"≥. *. **",NA,"Census"
"1428","DTP, DTaP, or DT","","States","Alaska","2013-14","96.0",10222,9.3,"†",NA,"Stratified  2-stage cluster sample"
"1429","DTP, DTaP, or DT","","States","Arizona","2013-14","94.3",89606,95.8,"",NA,"Census"
"1430","DTP, DTaP, or DT","","States","Arkansas","2013-14","83.3",42649,96.3,"",NA,"Census"
"1431","DTP, DTaP, or DT","","States","California","2013-14","92.2",548606,97.3,"‡",NA,"Census"
"1432","DTP, DTaP, or DT","","States","Colorado","2013-14","80.9",69904,0.5,"",NA,"Random Sample"
"1433","DTP, DTaP, or DT","","States","Connecticut","2013-14","97.0",40978,100,"*",NA,"Census"
"1434","DTP, DTaP, or DT","","States","Delaware","2013-14","96.4",11997,12.2,"≥",NA,"Stratified  2-stage cluster sample"
"1435","DTP, DTaP, or DT","","States","District of Columbia","2013-14",NA,7856,100,"*",NA,"Census"
"1436","DTP, DTaP, or DT","","States","Florida","2013-14","93.2",233797,100,"≥. *. §",NA,"Census"
"1437","DTP, DTaP, or DT","","States","Georgia","2013-14","94.0",143988,100,"≥. *",NA,"Census"
"1438","DTP, DTaP, or DT","","States","Hawaii","2013-14",NA,20056,5.4,"",NA,"Stratified  2-stage cluster sample"
"1439","DTP, DTaP, or DT","","States","Idaho","2013-14","88.0",23934,100,"*",NA,"Census"
"1440","DTP, DTaP, or DT","","States","Illinois","2013-14","95.0",163316,100,"*",NA,"Census"
"1441","DTP, DTaP, or DT","","States","Indiana","2013-14","81.8",87193,70.3,"",NA,"Voluntary response"
"1442","DTP, DTaP, or DT","","States","Iowa","2013-14","91.0",43728,94.6,"≥",NA,"Census"
"1443","DTP, DTaP, or DT","","States","Kansas","2013-14","87.6",41107,29,"†. ‡",NA,"Stratified 1-stage sample  (Public);  Census (Private)"
"1444","DTP, DTaP, or DT","","States","Kentucky","2013-14","93.9",57857,100,"*",NA,"Census"
"1445","DTP, DTaP, or DT","","States","Louisiana","2013-14","98.3",63976,100,"*",NA,"Census"
"1446","DTP, DTaP, or DT","","States","Maine","2013-14","94.4",15441,82.4,"‡",NA,"Voluntary response"
"1447","DTP, DTaP, or DT","","States","Maryland","2013-14","99.0",75659,96.9,"‡",NA,"Census"
"1448","DTP, DTaP, or DT","","States","Massachusetts","2013-14","93.0",79894,97.9,"‡",NA,"Census"
"1449","DTP, DTaP, or DT","","States","Michigan","2013-14","94.8",120297,100,"*",NA,"Census"
"1450","DTP, DTaP, or DT","","States","Minnesota","2013-14","96.6",72087,98.5,"‡",NA,"Census"
"1451","DTP, DTaP, or DT","","States","Mississippi","2013-14","99.7",45719,100,"≥. *",NA,"Census"
"1452","DTP, DTaP, or DT","","States","Missouri","2013-14","96.0",78140,100,"*",NA,"Census"
"1453","DTP, DTaP, or DT","","States","Montana","2013-14","94.8",12855,95.4,"",NA,"Census"
"1454","DTP, DTaP, or DT","","States","Nebraska","2013-14","96.8",27000,97.3,"‡",NA,"Census"
"1455","DTP, DTaP, or DT","","States","Nevada","2013-14","94.4",35782,3.1,"",NA,"Stratified  2-stage cluster sample"
"1456","DTP, DTaP, or DT","","States","New Hampshire","2013-14","94.7",13240,100,"≥. *",NA,"Census"
"1457","DTP, DTaP, or DT","","States","New Jersey","2013-14","96.8",123085,95.4,"≥. ‡",NA,"Census"
"1458","DTP, DTaP, or DT","","States","New Mexico","2013-14","97.4",30725,2.7,"‡",NA,"Stratified  2-stage cluster sample"
"1459","DTP, DTaP, or DT","","States","New York","2013-14","98.1",240318,100,"*. ‡",NA,"Census"
"1460","DTP, DTaP, or DT","","States","North Carolina","2013-14",NA,126084,97.7,"",NA,"Census"
"1461","DTP, DTaP, or DT","","States","North Dakota","2013-14","90.2",9780,96.1,"",NA,"Census (Public); Stratified  2-stage cluster sample(Private)"
"1462","DTP, DTaP, or DT","","States","Ohio","2013-14","96.1",150000,92.5,"",NA,"Census"
"1463","DTP, DTaP, or DT","","States","Oklahoma","2013-14","96.1",57377,71.3,"",NA,"Voluntary response"
"1464","DTP, DTaP, or DT","","States","Oregon","2013-14","93.3",47649,100,"*. ‡",NA,"Census"
"1465","DTP, DTaP, or DT","","States","Pennsylvania","2013-14","NReq",151253,100,"||. *. ‡",NA,"Census"
"1466","DTP, DTaP, or DT","","States","Rhode Island","2013-14","96.0",11521,99.1,"‡",NA,"Census"
"1467","DTP, DTaP, or DT","","States","South Carolina","2013-14","97.3",61661,11,"",NA,"1-stage stratified sample"
"1468","DTP, DTaP, or DT","","States","South Dakota","2013-14","96.7",12566,100,"*",NA,"Census"
"1469","DTP, DTaP, or DT","","States","Tennessee","2013-14","94.9",80212,99.8,"≥",NA,"Census"
"1470","DTP, DTaP, or DT","","States","Texas","2013-14","97.2",409255,97.1,"‡",NA,"Census"
"1471","DTP, DTaP, or DT","","States","Utah","2013-14","98.1",54779,100,"*",NA,"Census"
"1472","DTP, DTaP, or DT","","States","Vermont","2013-14","92.0",6771,100,"*",NA,"Census"
"1473","DTP, DTaP, or DT","","States","Virginia","2013-14","98.3",105692,4.1,"",NA,"2-stage cluster  sample"
"1474","DTP, DTaP, or DT","","States","Washington","2013-14","90.3",89165,88.5,"",NA,"Voluntary response"
"1475","DTP, DTaP, or DT","","States","West Virginia","2013-14","96.5",22814,84.7,"",NA,"Voluntary response"
"1476","DTP, DTaP, or DT","","States","Wisconsin","2013-14","96.3",71363,2.8,"‡",NA,"Stratified  2-stage cluster sample"
"1477","DTP, DTaP, or DT","","States","Wyoming","2013-14",NA,NA,NA,"",NA,"Not conducted"
"1478","DTP, DTaP, or DT","","States","Alabama","2014-15","93.5",59660,100,"≥. *",NA,"Census"
"1479","DTP, DTaP, or DT","","States","Alaska","2014-15","92.7",10129,7.8,"†",NA,"Stratified 2-stage cluster sample"
"1480","DTP, DTaP, or DT","","States","Arizona","2014-15","94.3",86153,98.3,"",NA,"Census"
"1481","DTP, DTaP, or DT","","States","Arkansas","2014-15","85.6",41252,95.9,"‡",NA,"Census (public); Voluntary response (private)"
"1482","DTP, DTaP, or DT","","States","California","2014-15","92.4",552583,96.9,"‡",NA,"Census"
"1483","DTP, DTaP, or DT","","States","Colorado","2014-15","84.3",70597,0.5,"",NA,"Simple random sample"
"1484","DTP, DTaP, or DT","","States","Connecticut","2014-15","97.0",39948,100,"*",NA,"Census"
"1485","DTP, DTaP, or DT","","States","Delaware","2014-15","97.7",11476,7.9,"",NA,"Stratified 2-stage cluster sample"
"1486","DTP, DTaP, or DT","","States","District of Columbia","2014-15","89.8",7840,100,"*",NA,"Census"
"1487","DTP, DTaP, or DT","","States","Florida","2014-15","93.3",228982,100,"≥. *. §",NA,"Census"
"1488","DTP, DTaP, or DT","","States","Georgia","2014-15","94.0",139471,100,"≥. *",NA,"Census"
"1489","DTP, DTaP, or DT","","States","Hawaii","2014-15",NA,20085,5.6,"",NA,"Stratified 2-stage cluster sample"
"1490","DTP, DTaP, or DT","","States","Idaho","2014-15","89.4",22968,100,"*",NA,"Census"
"1491","DTP, DTaP, or DT","","States","Illinois","2014-15","94.9",156942,100,"*",NA,"Census"
"1492","DTP, DTaP, or DT","","States","Indiana","2014-15","92.7",85477,70.1,"",NA,"Voluntary response"
"1493","DTP, DTaP, or DT","","States","Iowa","2014-15","91.9",43239,96.3,"≥",NA,"Census"
"1494","DTP, DTaP, or DT","","States","Kansas","2014-15","89.6",39685,24.5,"†.‡",NA,"Stratified 2-stage cluster sample"
"1495","DTP, DTaP, or DT","","States","Kentucky","2014-15","94.4",57884,97.2,"‡",NA,"Census"
"1496","DTP, DTaP, or DT","","States","Louisiana","2014-15","98.3",60377,100,"*",NA,"Census"
"1497","DTP, DTaP, or DT","","States","Maine","2014-15","95.4",13704,88.9,"‡",NA,"Voluntary response (public); Census (private)"
"1498","DTP, DTaP, or DT","","States","Maryland","2014-15","99.6",75391,90.2,"‡",NA,"Census (public); Voluntary response (private)"
"1499","DTP, DTaP, or DT","","States","Massachusetts","2014-15","92.9",74869,100,"*. ‡",NA,"Census"
"1500","DTP, DTaP, or DT","","States","Michigan","2014-15","95.1",117963,100,"*",NA,"Census"
"1501","DTP, DTaP, or DT","","States","Minnesota","2014-15","93.7",70896,97.8,"",NA,"Census"
"1502","DTP, DTaP, or DT","","States","Mississippi","2014-15","99.2",44129,100,"≥. *",NA,"Census"
"1503","DTP, DTaP, or DT","","States","Missouri","2014-15","96.0",75900,100,"*",NA,"Census"
"1504","DTP, DTaP, or DT","","States","Montana","2014-15","94.6",12501,95.7,"",NA,"Census (public); Voluntary response (private)"
"1505","DTP, DTaP, or DT","","States","Nebraska","2014-15","96.4",26665,100,"*. ‡",NA,"Census"
"1506","DTP, DTaP, or DT","","States","Nevada","2014-15","93.2",36755,2.8,"",NA,"Stratified 2-stage cluster sample"
"1507","DTP, DTaP, or DT","","States","New Hampshire","2014-15","91.4",12422,98.9,"≥",NA,"Census (public); Voluntary response (private)"
"1508","DTP, DTaP, or DT","","States","New Jersey","2014-15","92.3",120471,93.9,"≥. ‡",NA,"Census (public); Voluntary response (private)"
"1509","DTP, DTaP, or DT","","States","New Mexico","2014-15","96.4",29918,3.3,"†",NA,"Stratified 2-stage cluster sample"
"1510","DTP, DTaP, or DT","","States","New York","2014-15","97.5",237045,100,"*.‡",NA,"Census"
"1511","DTP, DTaP, or DT","","States","North Carolina","2014-15","96.5",129792,95,"",NA,"Census (public). Voluntary response (private)"
"1512","DTP, DTaP, or DT","","States","North Dakota","2014-15","89.6",10017,99.9,"",NA,"Census"
"1513","DTP, DTaP, or DT","","States","Ohio","2014-15","92.2",149080,91,"",NA,"Census (public); Voluntary response (private)"
"1514","DTP, DTaP, or DT","","States","Oklahoma","2014-15","90.0",56967,95.9,"‡",NA,"Census"
"1515","DTP, DTaP, or DT","","States","Oregon","2014-15","93.8",46229,100,"*.‡",NA,"Census"
"1516","DTP, DTaP, or DT","","States","Pennsylvania","2014-15","NReq",146378,98.3,"||. ‡",NA,"Census"
"1517","DTP, DTaP, or DT","","States","Rhode Island","2014-15","96.1",11163,98.9,"‡",NA,"Census"
"1518","DTP, DTaP, or DT","","States","South Carolina","2014-15","97.2",62864,12.2,"",NA,"Stratified 1-stage cluster sample"
"1519","DTP, DTaP, or DT","","States","South Dakota","2014-15","97.2",12008,100,"*",NA,"Census"
"1520","DTP, DTaP, or DT","","States","Tennessee","2014-15","95.1",78276,100,"≥. *",NA,"Census"
"1521","DTP, DTaP, or DT","","States","Texas","2014-15","97.2",406099,98.3,"‡",NA,"Census (public); Voluntary response (private)"
"1522","DTP, DTaP, or DT","","States","Utah","2014-15","93.8",50916,100,"*",NA,"Census"
"1523","DTP, DTaP, or DT","","States","Vermont","2014-15","93.2",6277,100,"*",NA,"Census"
"1524","DTP, DTaP, or DT","","States","Virginia","2014-15","97.4",103821,4.1,"",NA,"Stratified 2-stage cluster sample"
"1525","DTP, DTaP, or DT","","States","Washington","2014-15","90.7",88809,96.7,"",NA,"Census (public); Voluntary response (private)"
"1526","DTP, DTaP, or DT","","States","West Virginia","2014-15","97.6",22016,81.3,"",NA,"Voluntary response"
"1527","DTP, DTaP, or DT","","States","Wisconsin","2014-15","96.5",69335,2.5,"‡",NA,"Stratified 2-stage cluster sample"
"1528","DTP, DTaP, or DT","","States","Wyoming","2014-15","96.7",7983,97.9,"¶",NA,"Census"
"1529","DTP, DTaP, or DT","","States","Alabama","2015-16","93.1",60392,100,"≥.*",NA,"Census"
"1530","DTP, DTaP, or DT","","States","Alaska","2015-16","92.8",9937,7.8,"†.§",NA,"Stratified 2-stage cluster sample"
"1531","DTP, DTaP, or DT","","States","Arizona","2015-16","94.2",83088,100,"*",NA,"Census"
"1532","DTP, DTaP, or DT","","States","Arkansas","2015-16","88.2",40258,95.6,"‡",NA,"Census (public); Voluntary response (private)"
"1533","DTP, DTaP, or DT","","States","California","2015-16","94.2",593788,92.8,"‡",NA,"Census"
"1534","DTP, DTaP, or DT","","States","Colorado","2015-16","86.6",69137,0.5,"",NA,"Simple random sample"
"1535","DTP, DTaP, or DT","","States","Connecticut","2015-16","97.0",39533,100,"*",NA,"Census"
"1536","DTP, DTaP, or DT","","States","Delaware","2015-16","98.0",11589,9.5,"",NA,"Stratified 2-stage cluster sample"
"1537","DTP, DTaP, or DT","","States","District of Columbia","2015-16","88.2",8080,100,"*",NA,"Census"
"1538","DTP, DTaP, or DT","","States","Florida","2015-16","93.7",224430,100,"≥.*.§",NA,"Census"
"1539","DTP, DTaP, or DT","","States","Georgia","2015-16","94.6",131403,100,"≥.*",NA,"Census"
"1540","DTP, DTaP, or DT","","States","Hawaii","2015-16","93.8",16325,6.7,"",NA,"Stratified 2-stage cluster sample"
"1541","DTP, DTaP, or DT","","States","Idaho","2015-16","89.8",22686,100,"*",NA,"Census"
"1542","DTP, DTaP, or DT","","States","Illinois","2015-16","95.0",151309,100,"*",NA,"Census"
"1543","DTP, DTaP, or DT","","States","Indiana","2015-16","92.6",83525,69.5,"",NA,"Voluntary response"
"1544","DTP, DTaP, or DT","","States","Iowa","2015-16","91.8",41215,100,"≥.*",NA,"Census"
"1545","DTP, DTaP, or DT","","States","Kansas","2015-16","89.4",39555,21,"†.‡.§",NA,"Stratified 2-stage cluster sample"
"1546","DTP, DTaP, or DT","","States","Kentucky","2015-16","93.9",54353,99.5,"‡.§",NA,"Census"
"1547","DTP, DTaP, or DT","","States","Louisiana","2015-16","98.3",59159,100,"*",NA,"Census"
"1548","DTP, DTaP, or DT","","States","Maine","2015-16","96.1",13526,90.5,"",NA,"Census"
"1549","DTP, DTaP, or DT","","States","Maryland","2015-16","99.6",72012,94.3,"‡",NA,"Census (public); Voluntary response (private)"
"1550","DTP, DTaP, or DT","","States","Massachusetts","2015-16","94.9",72897,100,"*.‡",NA,"Census"
"1551","DTP, DTaP, or DT","","States","Michigan","2015-16","95.9",116299,100,"*",NA,"Census"
"1552","DTP, DTaP, or DT","","States","Minnesota","2015-16","93.0",69710,97.8,"§",NA,"Census"
"1553","DTP, DTaP, or DT","","States","Mississippi","2015-16","99.4",41042,100,"≥.*",NA,"Census"
"1554","DTP, DTaP, or DT","","States","Missouri","2015-16","95.6",74413,100,"*.§",NA,"Census"
"1555","DTP, DTaP, or DT","","States","Montana","2015-16","94.0",11484,100,"*",NA,"Census"
"1556","DTP, DTaP, or DT","","States","Nebraska","2015-16","96.8",30409,100,"*.‡",NA,"Census"
"1557","DTP, DTaP, or DT","","States","Nevada","2015-16","94.2",37118,3.3,"",NA,"Stratified 2-stage cluster sample"
"1558","DTP, DTaP, or DT","","States","New Hampshire","2015-16","91.9",11852,99.8,"≥",NA,"Census"
"1559","DTP, DTaP, or DT","","States","New Jersey","2015-16","96.3",110116,100,"≥.*",NA,"Census"
"1560","DTP, DTaP, or DT","","States","New Mexico","2015-16","94.7",29049,2.7,"†",NA,"Stratified 2-stage cluster sample"
"1561","DTP, DTaP, or DT","","States","New York","2015-16","94.1",232521,100,"*",NA,"Census"
"1562","DTP, DTaP, or DT","","States","North Carolina","2015-16","97.1",128290,92,"‡.§",NA,"Census (public). Voluntary response (private)"
"1563","DTP, DTaP, or DT","","States","North Dakota","2015-16","90.8",9875,97.1,"",NA,"Census"
"1564","DTP, DTaP, or DT","","States","Ohio","2015-16","92.1",144604,93.7,"",NA,"Census (public); Voluntary response (private)"
"1565","DTP, DTaP, or DT","","States","Oklahoma","2015-16","96.1",54335,96.1,"‡",NA,"Census"
"1566","DTP, DTaP, or DT","","States","Oregon","2015-16","93.5",45531,100,"*.‡",NA,"Census"
"1567","DTP, DTaP, or DT","","States","Pennsylvania","2015-16","NReq",143298,93.2,"||",NA,"Census (public); Voluntary response (private)"
"1568","DTP, DTaP, or DT","","States","Rhode Island","2015-16","96.8",11165,100,"*.‡.§",NA,"Census"
"1569","DTP, DTaP, or DT","","States","South Carolina","2015-16","97.0",59240,8.9,"",NA,"Stratified 1-stage cluster sample"
"1570","DTP, DTaP, or DT","","States","South Dakota","2015-16","96.4",12181,100,"*",NA,"Census"
"1571","DTP, DTaP, or DT","","States","Tennessee","2015-16","93.5",79233,100,"*.§",NA,"Census"
"1572","DTP, DTaP, or DT","","States","Texas","2015-16","97.4",394801,98.7,"‡.§",NA,"Census (public); Voluntary response (private)"
"1573","DTP, DTaP, or DT","","States","Utah","2015-16","93.7",50114,100,"*",NA,"Census"
"1574","DTP, DTaP, or DT","","States","Vermont","2015-16","93.6",6366,100,"*",NA,"Census"
"1575","DTP, DTaP, or DT","","States","Virginia","2015-16","98.3",100074,4.3,"†.§",NA,"Stratified 2-stage cluster sample"
"1576","DTP, DTaP, or DT","","States","Washington","2015-16","91.1",86492,97.3,"§",NA,"Census"
"1577","DTP, DTaP, or DT","","States","West Virginia","2015-16","94.8",21333,87.6,"",NA,"Voluntary response"
"1578","DTP, DTaP, or DT","","States","Wisconsin","2015-16","96.9",70220,2,"‡.§",NA,"Stratified 2-stage cluster sample"
"1579","DTP, DTaP, or DT","","States","Wyoming","2015-16","96.6",7825,74,"§.¶",NA,"Voluntary response"
"1580","DTP, DTaP, or DT","","States","Alabama","2016-17","93.8",58394,100,"≥.*",NA,"Census"
"1581","DTP, DTaP, or DT","","States","Alaska","2016-17","89.1",9815,7.6,"†.§",NA,"Stratified 2-stage cluster sample"
"1582","DTP, DTaP, or DT","","States","Arizona","2016-17","93.9",83627,100,"*",NA,"Census"
"1583","DTP, DTaP, or DT","","States","Arkansas","2016-17","89.2",39666,75.9,"‡",NA,"Voluntary response"
"1584","DTP, DTaP, or DT","","States","California","2016-17","96.9",575305,97.8,"‡",NA,"Census"
"1585","DTP, DTaP, or DT","","States","Colorado","2016-17","86.8",64440,100,"*",NA,"Census"
"1586","DTP, DTaP, or DT","","States","Connecticut","2016-17","96.7",39002,100,"*",NA,"Census"
"1587","DTP, DTaP, or DT","","States","Delaware","2016-17","98.7",11490,9.3,"",NA,"Stratified 2-stage cluster sample"
"1588","DTP, DTaP, or DT","","States","Florida","2016-17","94.1",224463,100,"≥.*.§",NA,"Census"
"1589","DTP, DTaP, or DT","","States","Georgia","2016-17","93.3",136165,100,"≥.*",NA,"Census"
"1590","DTP, DTaP, or DT","","States","Hawaii","2016-17","93.3",16325,6.7,"",NA,"Stratified 2-stage cluster sample"
"1591","DTP, DTaP, or DT","","States","Idaho","2016-17","89.8",22589,100,"*",NA,"Census"
"1592","DTP, DTaP, or DT","","States","Illinois","2016-17","95.0",151309,97.7,"",NA,"Census"
"1593","DTP, DTaP, or DT","","States","Indiana","2016-17","92.1",83263,80.3,"",NA,"Voluntary response"
"1594","DTP, DTaP, or DT","","States","Iowa","2016-17","92.6",39587,100,"≥.*",NA,"Census"
"1595","DTP, DTaP, or DT","","States","Kansas","2016-17","88.7",38298,22.9,"†.‡.§",NA,"Stratified 2-stage cluster sample"
"1596","DTP, DTaP, or DT","","States","Kentucky","2016-17","92.5",51487,92.9,"‡.§",NA,"Census"
"1597","DTP, DTaP, or DT","","States","Louisiana","2016-17","98.0",55257,100,"*",NA,"Census"
"1598","DTP, DTaP, or DT","","States","Maine","2016-17","96.3",13834,90.1,"",NA,"Voluntary response (public). census (private)"
"1599","DTP, DTaP, or DT","","States","Maryland","2016-17","98.2",71467,98.1,"‡",NA,"Census"
"1600","DTP, DTaP, or DT","","States","Massachusetts","2016-17","96.1",70109,100,"*.‡",NA,"Census"
"1601","DTP, DTaP, or DT","","States","Michigan","2016-17","95.8",118777,100,"*",NA,"Census"
"1602","DTP, DTaP, or DT","","States","Minnesota","2016-17","93.2",69140,96.7,"§",NA,"Census"
"1603","DTP, DTaP, or DT","","National","U.S. Median","2009-10","96.1",NA,NA,"",NA,"NaN"
"1604","DTP, DTaP, or DT","","National","United States","2010-11",NA,NA,NA,"",NA,"NaN"
"1605","DTP, DTaP, or DT","","National","U.S. Median","2010-11",NA,NA,NA,"",NA,"NaN"
"1606","DTP, DTaP, or DT","","National","United States","2011-12","95.0",NA,NA,"",NA,"NaN"
"1607","DTP, DTaP, or DT","","National","U.S. Median","2011-12","95.5",NA,NA,"",NA,"NaN"
"1608","DTP, DTaP, or DT","","National","United States","2012-13","94.6",NA,NA,"",NA,"NaN"
"1609","DTP, DTaP, or DT","","National","U.S. Median","2012-13","95.1",NA,NA,"",NA,"NaN"
"1610","DTP, DTaP, or DT","","National","United States","2013-14","94.3",NA,NA,"",NA,"NaN"
"1611","DTP, DTaP, or DT","","National","U.S. Median","2013-14","95.0",NA,NA,"",NA,"NaN"
"1612","DTP, DTaP, or DT","","National","United States","2014-15","94.3",NA,NA,"",NA,"NaN"
"1613","DTP, DTaP, or DT","","National","U.S. Median","2014-15","94.3",NA,NA,"",NA,"NaN"
"1614","DTP, DTaP, or DT","","National","United States","2015-16","94.7",NA,NA,"",NA,"NaN"
"1615","DTP, DTaP, or DT","","National","U.S. Median","2015-16","94.2",NA,NA,"",NA,"NaN"
"1616","DTP, DTaP, or DT","","National","United States","2016-17","95.2",NA,NA,"",NA,"NaN"
"1617","DTP, DTaP, or DT","","National","U.S. Median","2016-17","94.8",NA,NA,"",NA,"NaN"
"1618","DTP, DTaP, or DT","","States","Mississippi","2016-17","99.4",40509,100,"≥.*",NA,"Census"
"1619","DTP, DTaP, or DT","","States","Missouri","2016-17","95.5",73355,100,"*",NA,"Census"
"1620","DTP, DTaP, or DT","","States","Montana","2016-17","93.9",11956,100,"*",NA,"Census"
"1621","DTP, DTaP, or DT","","States","Nebraska","2016-17","97.2",27117,100,"*.‡.‡‡",NA,"Census"
"1622","DTP, DTaP, or DT","","States","Nevada","2016-17","90.0",36885,3.7,"",NA,"Stratified 2-stage cluster sample"
"1623","DTP, DTaP, or DT","","States","New Hampshire","2016-17","91.5",12145,100,"≥.*",NA,"Census"
"1624","DTP, DTaP, or DT","","States","New Jersey","2016-17","96.5",109577,100,"≥.*",NA,"Census"
"1625","DTP, DTaP, or DT","","States","New Mexico","2016-17","94.8",27119,4.5,"",NA,"Stratified 2-stage cluster sample"
"1626","DTP, DTaP, or DT","","States","New York","2016-17","96.9",227050,100,"*",NA,"Census"
"1627","DTP, DTaP, or DT","","States","North Carolina","2016-17","96.1",126454,88.2,"‡.§",NA,"Voluntary response"
"1628","DTP, DTaP, or DT","","States","North Dakota","2016-17","93.8",9799,98.7,"",NA,"Census"
"1629","DTP, DTaP, or DT","","States","Ohio","2016-17","92.4",137542,95.5,"",NA,"Census"
"1630","DTP, DTaP, or DT","","States","Oklahoma","2016-17",NA,52184,0,"‡.¶",NA,"Census"
"1631","DTP, DTaP, or DT","","States","Oregon","2016-17","93.2",45705,100,"*.‡",NA,"Census"
"1632","DTP, DTaP, or DT","","States","Pennsylvania","2016-17","NReq",143888,84.4,"||",NA,"Voluntary response"
"1633","DTP, DTaP, or DT","","States","Rhode Island","2016-17","95.6",11100,98.4,"‡.§",NA,"Census"
"1634","DTP, DTaP, or DT","","States","South Carolina","2016-17","96.2",59177,8.9,"",NA,"Stratified 1-stage cluster sample"
"1635","DTP, DTaP, or DT","","States","South Dakota","2016-17","96.4",12106,99.8,"",NA,"Census"
"1636","DTP, DTaP, or DT","","States","Tennessee","2016-17","96.8",78169,100,"*.§",NA,"Census"
"1637","DTP, DTaP, or DT","","States","Texas","2016-17","97.2",389999,99,"‡.§",NA,"Census"
"1638","DTP, DTaP, or DT","","States","Utah","2016-17","93.7",49073,100,"*",NA,"Census"
"1639","DTP, DTaP, or DT","","States","Vermont","2016-17","93.5",6344,100,"*",NA,"Census"
"1640","DTP, DTaP, or DT","","States","Virginia","2016-17","98.2",102357,4,"†",NA,"Stratified 2-stage cluster sample"
"1641","DTP, DTaP, or DT","","States","Washington","2016-17","90.8",87142,98.2,"§",NA,"Census"
"1642","DTP, DTaP, or DT","","States","West Virginia","2016-17","95.7",28666,66.5,"§",NA,"Census (public). voluntary response (private)"
"1643","DTP, DTaP, or DT","","States","Wisconsin","2016-17","96.6",67607,2.2,"†.‡.§",NA,"Stratified 2-stage cluster sample"
"1644","DTP, DTaP, or DT","","States","Wyoming","2016-17",NA,NA,NA,"",NA,"Not conducted"
"1645","DTP, DTaP, or DT","","States","Alabama","2017-18","92.7",57245,100,"≥.*",NA,"Census"
"1646","DTP, DTaP, or DT","","States","Alaska","2017-18","91.1",9692,84.4,"†.§",NA,"Stratified 2-stage cluster sample"
"1647","DTP, DTaP, or DT","","States","Arizona","2017-18","93.5",81710,100,"*",NA,"Census"
"1648","DTP, DTaP, or DT","","States","Arkansas","2017-18","91.3",39630,95.4,"‡",NA,"Census "
"1649","DTP, DTaP, or DT","","States","California","2017-18","96.4",574702,100,"‡",NA,"Census"
"1650","DTP, DTaP, or DT","","States","Colorado","2017-18","88.6",65718,100,"*",NA,"Census"
"1651","DTP, DTaP, or DT","","States","Connecticut","2017-18","96.5",39174,100,"*",NA,"Census"
"1652","DTP, DTaP, or DT","","States","Delaware","2017-18","96.9",10988,9.5,"",NA,"Stratified 2-stage cluster sample"
"1653","DTP, DTaP, or DT","","States","Florida","2017-18","93.7",222397,100,"≥.*.§",NA,"Census"
"1654","DTP, DTaP, or DT","","States","Georgia","2017-18","93.4",131459,100,"≥.*",NA,"Census"
"1655","DTP, DTaP, or DT","","States","Hawaii","2017-18","95.4",16325,6.6,"",NA,"Stratified 2-stage cluster sample"
"1656","DTP, DTaP, or DT","","States","Idaho","2017-18","89.3",22553,99,"",NA,"Census"
"1657","DTP, DTaP, or DT","","States","Illinois","2017-18","95.3",144858,100,"*",NA,"Census"
"1658","DTP, DTaP, or DT","","States","Indiana","2017-18","94.3",84296,96.4,"",NA,"Voluntary Response"
"1659","DTP, DTaP, or DT","","States","Iowa","2017-18","93.0",39632,100,"≥.*",NA,"Census"
"1660","DTP, DTaP, or DT","","States","Kansas","2017-18","89.5",38484,23.1,"†.‡.§",NA,"Stratified 2-stage cluster sample"
"1661","DTP, DTaP, or DT","","States","Kentucky","2017-18","93.7",55152,99,"‡.§",NA,"Census"
"1662","DTP, DTaP, or DT","","States","Louisiana","2017-18","97.7",58277,100,"*",NA,"Census"
"1663","DTP, DTaP, or DT","","States","Maine","2017-18","95.3",13255,95.9,"",NA,"Census "
"1664","DTP, DTaP, or DT","","States","Maryland","2017-18","97.9",68528,98.5,"‡",NA,"Census"
"1665","DTP, DTaP, or DT","","States","Massachusetts","2017-18","96.4",63377,100,"*.‡",NA,"Census"
"1666","DTP, DTaP, or DT","","States","Michigan","2017-18","95.3",119028,100,"*",NA,"Census"
"1667","DTP, DTaP, or DT","","States","Minnesota","2017-18","92.8",69807,98.1,"§",NA,"Census"
"1668","DTP, DTaP, or DT","","States","Mississippi","2017-18","99.4",39284,100,"≥.*",NA,"Census"
"1669","DTP, DTaP, or DT","","States","Missouri","2017-18","95.3",73113,100,"*",NA,"Census"
"1670","DTP, DTaP, or DT","","States","Montana","2017-18","92.6",12188,100,"*",NA,"Census"
"1671","DTP, DTaP, or DT","","States","Nebraska","2017-18","96.7",26313,98.6,"‡.‡‡",NA,"Census"
"1672","DTP, DTaP, or DT","","States","Nevada","2017-18","92.6",37178,4.8,"",NA,"Stratified 2-stage cluster sample"
"1673","DTP, DTaP, or DT","","States","New Hampshire","2017-18","92.4",12165,100,"≥",NA,"Census"
"1674","DTP, DTaP, or DT","","States","New Jersey","2017-18","96.1",107630,100,"≥.*",NA,"Census"
"1675","DTP, DTaP, or DT","","States","New Mexico","2017-18","94.9",26896,99.6,"",NA,"Stratified 2-stage cluster sample"
"1676","DTP, DTaP, or DT","","States","New York","2017-18","96.9",226456,100,"*",NA,"Census"
"1677","DTP, DTaP, or DT","","States","North Carolina","2017-18","96.8",127197,90.9,"‡.§",NA,"Census"
"1678","DTP, DTaP, or DT","","States","North Dakota","2017-18","94.1",10365,99.4,"",NA,"Census"
"1679","DTP, DTaP, or DT","","States","Ohio","2017-18","92.1",138753,94.9,"",NA,"Census"
"1680","DTP, DTaP, or DT","","States","Oklahoma","2017-18","93.9",53898,92.1,"§",NA,"Census (public). voluntary response (private)"
"1681","DTP, DTaP, or DT","","States","Oregon","2017-18","92.4",45818,100,"*.‡",NA,"Census"
"1682","DTP, DTaP, or DT","","States","Pennsylvania","2017-18","97.0",141571,93.3,"",NA,"Voluntary response"
"1683","DTP, DTaP, or DT","","States","Rhode Island","2017-18","96.2",11025,100,"*.‡.§",NA,"Census"
"1684","DTP, DTaP, or DT","","States","South Carolina","2017-18","96.6",58458,27,"",NA,"Stratified 1-stage cluster sample"
"1685","DTP, DTaP, or DT","","States","South Dakota","2017-18","95.9",12125,99.9,"",NA,"Census"
"1686","DTP, DTaP, or DT","","States","Tennessee","2017-18","96.7",78743,100,"*.§",NA,"Census"
"1687","DTP, DTaP, or DT","","States","Texas","2017-18","96.8",387981,99.4,"‡.§",NA,"Census"
"1688","DTP, DTaP, or DT","","States","Utah","2017-18","93.2",48827,100,"*",NA,"Census"
"1689","DTP, DTaP, or DT","","States","Vermont","2017-18","94.0",6255,100,"*",NA,"Census"
"1690","DTP, DTaP, or DT","","States","Virginia","2017-18","98.2",100581,4.4,"†",NA,"Stratified 2-stage cluster sample"
"1691","DTP, DTaP, or DT","","States","Washington","2017-18","90.7",85118,96.9,"§",NA,"Census"
"1692","DTP, DTaP, or DT","","States","West Virginia","2017-18","98.0",19519,79.3,"¶",NA,"Voluntary response"
"1693","DTP, DTaP, or DT","","States","Wisconsin","2017-18","96.5",66178,2.3,"†.‡.§",NA,"Stratified 2-stage cluster sample"
"1694","DTP, DTaP, or DT","","States","Wyoming","2017-18",NA,NA,NA,"",NA,"Not conducted "
"1695","DTP, DTaP, or DT","","States","Alabama","2018-19","90.6",77739,100,"≥.*",NA,"Census"
"1696","DTP, DTaP, or DT","","States","Arizona","2018-19","92.7",79981,100,"*",NA,"Census"
"1697","DTP, DTaP, or DT","","States","Arkansas","2018-19","93.4",39257,95.4,"‡",NA,"Census (public). voluntary response (private)"
"1698","DTP, DTaP, or DT","","States","California","2018-19","96.0",568947,97.7,"‡",NA,"Census"
"1699","DTP, DTaP, or DT","","States","Colorado","2018-19","90.3",64191,100,"*",NA,"Census"
"1700","DTP, DTaP, or DT","","States","Connecticut","2018-19","96.1",38230,100,"*",NA,"Census"
"1701","DTP, DTaP, or DT","","States","Delaware","2018-19","97.8",10798,9.5,"",NA,"Stratified 2-stage cluster sample"
"1702","DTP, DTaP, or DT","","States","Florida","2018-19","93.8",224641,100,"≥.*.§",NA,"Census"
"1703","DTP, DTaP, or DT","","States","Georgia","2018-19","93.6",131275,100,"≥.*",NA,"Census"
"1704","DTP, DTaP, or DT","","States","Hawaii","2018-19","92.4",16051,6.7,"",NA,"Stratified 2-stage cluster sample"
"1705","DTP, DTaP, or DT","","States","Idaho","2018-19","88.8",22995,99,"",NA,"Census"
"1706","DTP, DTaP, or DT","","States","Illinois","2018-19","94.7",143876,100,"*",NA,"Census"
"1707","DTP, DTaP, or DT","","States","Indiana","2018-19","94.4",82324,96.4,"",NA,"Census"
"1708","DTP, DTaP, or DT","","States","Iowa","2018-19","93.3",40624,100,"≥.*",NA,"Census"
"1709","DTP, DTaP, or DT","","States","Kansas","2018-19","91.0",37838,23.1,"†.‡.§",NA,"Stratified 2-stage cluster sample"
"1710","DTP, DTaP, or DT","","States","Kentucky","2018-19","94.1",55587,99,"‡.§",NA,"Census"
"1711","DTP, DTaP, or DT","","States","Louisiana","2018-19","97.7",56203,100,"*",NA,"Census"
"1712","DTP, DTaP, or DT","","States","Maine","2018-19","94.5",13419,95.9,"",NA,"Census"
"1713","DTP, DTaP, or DT","","States","Maryland","2018-19","97.7",71431,100,"‡",NA,"Census"
"1714","DTP, DTaP, or DT","","States","Massachusetts","2018-19","97.1",65279,100,"*.‡",NA,"Census"
"1715","DTP, DTaP, or DT","","States","Michigan","2018-19","94.8",118632,100,"*",NA,"Census"
"1716","DTP, DTaP, or DT","","States","Minnesota","2018-19","92.5",70085,98.1,"§",NA,"Census"
"1717","DTP, DTaP, or DT","","States","Mississippi","2018-19","99.2",37775,100,"≥.*",NA,"Census"
"1718","DTP, DTaP, or DT","","States","Missouri","2018-19","94.8",72687,100,"*",NA,"Census"
"1719","DTP, DTaP, or DT","","States","Montana","2018-19","93.0",12480,100,"*",NA,"Census"
"1720","DTP, DTaP, or DT","","States","Nebraska","2018-19","97.4",26925,98.6,"‡.‡‡",NA,"Census"
"1721","DTP, DTaP, or DT","","States","Nevada","2018-19","95.0",37971,4.8,"",NA,"Stratified 2-stage cluster sample"
"1722","DTP, DTaP, or DT","","States","New Hampshire","2018-19","91.8",12421,100,"≥",NA,"Census"
"1723","DTP, DTaP, or DT","","States","New Jersey","2018-19","95.0",109161,100,"≥.*",NA,"Census"
"1724","DTP, DTaP, or DT","","States","New Mexico","2018-19","96.0",25269,99.6,"",NA,"Census"
"1725","DTP, DTaP, or DT","","States","New York","2018-19","96.7",220495,100,"*",NA,"Census"
"1726","DTP, DTaP, or DT","","States","North Carolina","2018-19","93.2",124343,90.9,"‡.§",NA,"Census (public). voluntary response (private)"
"1727","DTP, DTaP, or DT","","States","North Dakota","2018-19","93.6",10382,99.4,"",NA,"Census"
"1728","DTP, DTaP, or DT","","States","Ohio","2018-19","91.9",139679,94.9,"",NA,"Census (public). voluntary response (private)"
"1729","DTP, DTaP, or DT","","States","Oklahoma","2018-19","92.7",54806,92.1,"§",NA,"Census (public). voluntary response (private)"
"1730","DTP, DTaP, or DT","","States","Oregon","2018-19","92.4",45870,100,"*.‡",NA,"Census"
"1731","DTP, DTaP, or DT","","States","Pennsylvania","2018-19","96.6",143560,93.3,"",NA,"Census (public). voluntary response (private)"
"1732","DTP, DTaP, or DT","","States","Rhode Island","2018-19","97.4",10964,100,"*.‡.§",NA,"Census"
"1733","DTP, DTaP, or DT","","States","South Carolina","2018-19","94.6",58442,27,"",NA,"Stratified 1-stage cluster sample"
"1734","DTP, DTaP, or DT","","States","South Dakota","2018-19","95.8",12062,99.9,"",NA,"Census"
"1735","DTP, DTaP, or DT","","States","Tennessee","2018-19","96.2",78630,100,"*.§",NA,"Census"
"1736","DTP, DTaP, or DT","","States","Texas","2018-19","96.7",390034,99.4,"‡.§",NA,"Census"
"1737","DTP, DTaP, or DT","","States","Utah","2018-19","92.4",50179,100,"*",NA,"Census"
"1738","DTP, DTaP, or DT","","States","Vermont","2018-19","92.9",6126,100,"*",NA,"Census"
"1739","DTP, DTaP, or DT","","States","Virginia","2018-19","98.0",100394,4.4,"†",NA,"Stratified 2-stage cluster sample"
"1740","DTP, DTaP, or DT","","States","Washington","2018-19","90.8",87510,96.9,"§",NA,"Census"
"1741","DTP, DTaP, or DT","","States","West Virginia","2018-19","98.7",19442,79.3,"¶",NA,"Voluntary response"
"1742","DTP, DTaP, or DT","","States","Wisconsin","2018-19","96.2",66344,2.3,"†.‡.§",NA,"Stratified 2-stage cluster sample"
"1743","DTP, DTaP, or DT","","States","Wyoming","2018-19","95.3",7734,100,"*",NA,"Census"
"1744","DTP, DTaP, or DT","","States","Alabama","2019-20","86.6",59477,94.9,"≥",NA,"Census"
"1745","DTP, DTaP, or DT","","States","Alaska","2019-20","NR",10381,82.7,"§",NA,"Voluntary response"
"1746","DTP, DTaP, or DT","","States","Arizona","2019-20","92.6",83976,98.7,"",NA,"Census (public). voluntary response (private)"
"1747","DTP, DTaP, or DT","","States","Arkansas","2019-20","93.2",39510,96.2,"‡",NA,"Census (public). voluntary response (private)"
"1748","DTP, DTaP, or DT","","States","California","2019-20","96.2",566155,97.9,"‡",NA,"Census"
"1749","DTP, DTaP, or DT","","States","Colorado","2019-20","92.8",69088,98.2,"",NA,"Census"
"1750","DTP, DTaP, or DT","","States","Connecticut","2019-20","96.2",38888,100,"*",NA,"Census"
"1751","DTP, DTaP, or DT","","States","Delaware","2019-20",NA,NA,NA,"",NA,"Not Conducted"
"1752","DTP, DTaP, or DT","","States","District of Columbia","2019-20",NA,NA,NA,"",NA,"Not Conducted"
"1753","DTP, DTaP, or DT","","States","Florida","2019-20","93.5",228298,100,"≥.*.§",NA,"Census"
"1754","DTP, DTaP, or DT","","States","Georgia","2019-20","93.1",130102,100,"≥.*",NA,"Census"
"1755","DTP, DTaP, or DT","","States","Hawaii","2019-20","91.1",15695,8.9,"",NA,"Stratified 2-stage cluster sample"
"1756","DTP, DTaP, or DT","","States","Idaho","2019-20","89.0",23301,98.5,"",NA,"Census"
"1757","DTP, DTaP, or DT","","States","Illinois","2019-20","96.5",145891,100,"*",NA,"Census"
"1758","DTP, DTaP, or DT","","States","Indiana","2019-20","84.0",88253,65.7,"",NA,"Voluntary response"
"1759","DTP, DTaP, or DT","","States","Iowa","2019-20","93.2",40812,100,"≥.*",NA,"Census"
"1760","DTP, DTaP, or DT","","States","Kansas","2019-20","89.7",37865,34.3,"†.‡.§",NA,"Stratified 2-stage cluster sample"
"1761","DTP, DTaP, or DT","","States","Kentucky","2019-20","93.3",59233,92.9,"‡.§",NA,"Census"
"1762","DTP, DTaP, or DT","","States","Louisiana","2019-20","97.2",59685,100,"*",NA,"Census"
"1763","DTP, DTaP, or DT","","States","Maine","2019-20","94.1",13450,99.6,"",NA,"Census "
"1764","DTP, DTaP, or DT","","States","Maryland","2019-20","98.2",72443,98.3,"‡",NA,"Census (public). voluntary response (private)"
"1765","DTP, DTaP, or DT","","States","Massachusetts","2019-20","97.2",66756,100,"*.‡",NA,"Census"
"1766","DTP, DTaP, or DT","","States","Michigan","2019-20","94.7",120565,100,"*",NA,"Census"
"1767","DTP, DTaP, or DT","","States","Minnesota","2019-20","92.3",71223,98.7,"§",NA,"Census"
"1768","DTP, DTaP, or DT","","States","Mississippi","2019-20","99.1",37870,100,"≥.*",NA,"Census"
"1769","DTP, DTaP, or DT","","States","Missouri","2019-20","94.5",72324,100,"*",NA,"Census"
"1770","DTP, DTaP, or DT","","States","Montana","2019-20","93.2",12501,100,"*",NA,"Census"
"1771","DTP, DTaP, or DT","","States","Nebraska","2019-20","96.9",26893,96.7,"‡.‡‡",NA,"Census"
"1772","DTP, DTaP, or DT","","States","Nevada","2019-20","94.0",37724,99.9,"",NA,"Census"
"1773","DTP, DTaP, or DT","","States","New Hampshire","2019-20","91.5",12447,100,"≥.*",NA,"Census"
"1774","DTP, DTaP, or DT","","States","New Jersey","2019-20","95.9",107900,100,"≥.*",NA,"Census"
"1775","DTP, DTaP, or DT","","States","New Mexico","2019-20","96.7",23087,100,"*",NA,"Census"
"1776","DTP, DTaP, or DT","","States","New York","2019-20","97.8",234165,99.9,"",NA,"Census"
"1777","DTP, DTaP, or DT","","States","North Carolina","2019-20","95.5",124548,97.8,"‡.§",NA,"Census"
"1778","DTP, DTaP, or DT","","States","North Dakota","2019-20","94.4",10587,99.5,"",NA,"Census"
"1779","DTP, DTaP, or DT","","States","Ohio","2019-20","92.3",139103,98.8,"",NA,"Census"
"1780","DTP, DTaP, or DT","","States","Oklahoma","2019-20","93.9",55348,85.6,"§",NA,"Voluntary response"
"1781","DTP, DTaP, or DT","","States","Oregon","2019-20","92.6",45959,100,"*.‡",NA,"Census"
"1782","DTP, DTaP, or DT","","States","Pennsylvania","2019-20","96.8",140197,98.8,"",NA,"Census"
"1783","DTP, DTaP, or DT","","States","Rhode Island","2019-20","97.4",11219,98.5,"*.‡.§",NA,"Census"
"1784","DTP, DTaP, or DT","","States","South Carolina","2019-20","95.2",65938,27.5,"†",NA,"Stratified 1-stage cluster sample"
"1785","DTP, DTaP, or DT","","States","South Dakota","2019-20","95.9",12367,99.8,"",NA,"Census"
"1786","DTP, DTaP, or DT","","States","Tennessee","2019-20","96.4",80595,100,"*.§",NA,"Census"
"1787","DTP, DTaP, or DT","","States","Texas","2019-20","96.6",398680,99.6,"‡.§",NA,"Census"
"1788","DTP, DTaP, or DT","","States","Utah","2019-20","92.2",49208,100,"*",NA,"Census"
"1789","DTP, DTaP, or DT","","States","Vermont","2019-20","94.1",6293,100,"*",NA,"Census"
"1790","DTP, DTaP, or DT","","States","Virginia","2019-20","97.6",99399,1.2,"†",NA,"Stratified 2-stage cluster sample"
"1791","DTP, DTaP, or DT","","States","Washington","2019-20","92.8",87757,91.9,"§",NA,"Census"
"1792","DTP, DTaP, or DT","","States","West Virginia","2019-20","98.8",17114,49.6,"¶",NA,"Voluntary response"
"1793","DTP, DTaP, or DT","","States","Wisconsin","2019-20","94.5",67391,2.6,"†.‡.§",NA,"Stratified 2-stage cluster sample"
"1794","DTP, DTaP, or DT","","States","Wyoming","2019-20","94.4",7913,100,"*",NA,"Census"
"1795","DTP, DTaP, or DT","","States","Alabama","2020-21","94.7",56974,100,">=. *",NA,"Census"
"1796","DTP, DTaP, or DT","","States","Arizona","2020-21","92.0",76382,92.4,"",NA,"Census (public). voluntary response (private)"
"1797","DTP, DTaP, or DT","","States","Arkansas","2020-21","92.3",37540,95.6,"‡",NA,"Census (public). voluntary response (private)"
"1798","DTP, DTaP, or DT","","States","California","2020-21","94.7",498214,97.5,"‡",NA,"Census"
"1799","DTP, DTaP, or DT","","States","Colorado","2020-21","90.1",63619,97.3,"",NA,"Census"
"1800","DTP, DTaP, or DT","","States","Connecticut","2020-21","95.3",34396,100,"*",NA,"Census"
"1801","DTP, DTaP, or DT","","States","Delaware","2020-21","94.9",10587,9.2,"",NA,"Stratified 2-stage cluster sample"
"1802","DTP, DTaP, or DT","","States","District of Columbia","2020-21","78.5",8262,100,"*",NA,"Census"
"1803","DTP, DTaP, or DT","","States","Florida","2020-21","93.3",207026,100,">=.*",NA,"Census"
"1804","DTP, DTaP, or DT","","States","Georgia","2020-21","88.5",83191,100,">=.*",NA,"Census"
"1805","DTP, DTaP, or DT","","States","Hawaii","2020-21","91.3",13074,9.3,"",NA,"Stratified 2-stage cluster sample"
"1806","DTP, DTaP, or DT","","States","Idaho","2020-21","86.4",22677,98.3,"",NA,"Census"
"1807","DTP, DTaP, or DT","","States","Illinois","2020-21","NR",NA,NA,"",NA,"Not Conducted"
"1808","DTP, DTaP, or DT","","States","Indiana","2020-21","83.9",78694,71.4,"§",NA,"Voluntary response"
"1809","DTP, DTaP, or DT","","States","Iowa","2020-21","93.4",39141,100,">=.*",NA,"Census"
"1810","DTP, DTaP, or DT","","States","Kansas","2020-21","90.8",34687,32.7,"†.‡.§",NA,"Stratified 2-stage cluster sample"
"1811","DTP, DTaP, or DT","","States","Kentucky","2020-21","89.4",59233,86.4,"‡.§",NA,"Census (public). voluntary response (private)"
"1812","DTP, DTaP, or DT","","States","Louisiana","2020-21","96.9",61912,100,"*",NA,"Census"
"1813","DTP, DTaP, or DT","","States","Maine","2020-21","94.0",13477,85,"",NA,"Voluntary response (public). census (private)"
"1814","DTP, DTaP, or DT","","States","Maryland","2020-21","89.7",65764,75.6,"‡",NA,"Voluntary response"
"1815","DTP, DTaP, or DT","","States","Massachusetts","2020-21","95.7",60724,100,"*.‡",NA,"Census"
"1816","DTP, DTaP, or DT","","States","Michigan","2020-21","95.4",106657,100,"*",NA,"Census"
"1817","DTP, DTaP, or DT","","States","Minnesota","2020-21","89.3",66007,95.2,"",NA,"Census"
"1818","DTP, DTaP, or DT","","States","Mississippi","2020-21","98.9",34028,100,">=.*",NA,"Census"
"1819","DTP, DTaP, or DT","","States","Missouri","2020-21","92.6",63093,100,"*",NA,"Census"
"1820","DTP, DTaP, or DT","","States","Montana","2020-21","91.9",11279,100,"*",NA,"Census"
"1821","DTP, DTaP, or DT","","States","Nebraska","2020-21","96.1",25681,94.8,"‡",NA,"Census (public). voluntary response (private)"
"1822","DTP, DTaP, or DT","","States","Nevada","2020-21","95.4",34171,94.7,"",NA,"Census (public). voluntary response (private)"
"1823","DTP, DTaP, or DT","","States","New Hampshire","2020-21","90.8",10242,57,">=. §",NA,"Voluntary response"
"1824","DTP, DTaP, or DT","","States","New Jersey","2020-21","94.3",100144,100,">=.*",NA,"Census"
"1825","DTP, DTaP, or DT","","States","New Mexico","2020-21","95.7",20589,100,"*",NA,"Census"
"1826","DTP, DTaP, or DT","","States","New York","2020-21","97.8",216804,91.5,"",NA,"Census (public). voluntary response (private)"
"1827","DTP, DTaP, or DT","","States","NY-City of New York","2020-21","96.6",91920,94.2,"",NA,"Census (public). voluntary response (private)"
"1828","DTP, DTaP, or DT","","States","North Carolina","2020-21","95.2",120995,89,"‡.§",NA,"Census (public). voluntary response (private)"
"1829","DTP, DTaP, or DT","","States","North Dakota","2020-21","93.1",10116,99.1,"",NA,"Census"
"1830","DTP, DTaP, or DT","","States","Ohio","2020-21","89.0",128535,91.1,"",NA,"Census (public). voluntary response (private)"
"1831","DTP, DTaP, or DT","","States","Oklahoma","2020-21","90.3",52656,90,"‡.§",NA,"Census (public). voluntary response (private)"
"1832","DTP, DTaP, or DT","","States","Oregon","2020-21","91.6",39568,100,"*.‡",NA,"Census"
"1833","DTP, DTaP, or DT","","States","Pennsylvania","2020-21","95.9",129307,95,"",NA,"Census (public). voluntary response (private)"
"1834","DTP, DTaP, or DT","","States","Rhode Island","2020-21","96.8",10402,93,"‡.§",NA,"Census"
"1835","DTP, DTaP, or DT","","States","South Carolina","2020-21","95.0",56330,26.5,"†",NA,"Stratified 1-stage cluster sample"
"1836","DTP, DTaP, or DT","","States","South Dakota","2020-21","93.7",11512,99.9,"",NA,"Census"
"1837","DTP, DTaP, or DT","","States","Tennessee","2020-21","96.4",73819,100,"*.§",NA,"Census"
"1838","DTP, DTaP, or DT","","States","Texas","2020-21","95.0",377840,98.9,"‡.§",NA,"Census"
"1839","DTP, DTaP, or DT","","States","TX-City of Houston","2020-21","83.9",39627,94.9,"‡.§",NA,"Census (public). voluntary response (private)"
"1840","DTP, DTaP, or DT","","States","Utah","2020-21","91.1",46247,100,"*",NA,"Census"
"1841","DTP, DTaP, or DT","","States","Vermont","2020-21","93.6",5535,100,"*",NA,"Census"
"1842","DTP, DTaP, or DT","","States","Virginia","2020-21","97.7",88273,2,"†",NA,"Stratified 2-stage cluster sample"
"1843","DTP, DTaP, or DT","","States","Washington","2020-21","93.2",74931,100,"§",NA,"Census"
"1844","DTP, DTaP, or DT","","States","West Virginia","2020-21","NR",NA,NA,"",NA,"Not Conducted"
"1845","DTP, DTaP, or DT","","States","Wisconsin","2020-21","87.2",63486,84.5,">=.†.‡.§",NA,"Voluntary response"
"1846","DTP, DTaP, or DT","","States","Wyoming","2020-21","90.2",6923,100,">=.*",NA,"Census"
"1847","DTP, DTaP, or DT","","States","Alabama","2021-22","94.9",60332,100,">=. *",NA,"Census"
"1848","DTP, DTaP, or DT","","States","Alaska","2021-22","78.0",9790,76.2,"¶",NA,"Vol. response (pub.), not conducted (pvt.)"
"1849","DTP, DTaP, or DT","","States","Arizona","2021-22","90.5",83463,97,"",NA,"Census"
"1850","DTP, DTaP, or DT","","States","Arkansas","2021-22","91.3",39358,96.3,"",NA,"Census (pub.), vol. response (pvt.)"
"1851","DTP, DTaP, or DT","","States","California","2021-22","95.7",512144,98.4,"‡",NA,"Census"
"1852","DTP, DTaP, or DT","","States","Colorado","2021-22","89.1",66900,97.5,"",NA,"Census"
"1853","DTP, DTaP, or DT","","States","Connecticut","2021-22","96.0",35451,100,"*",NA,"Census"
"1854","DTP, DTaP, or DT","","States","Delaware","2021-22","96.4",11181,9.5,"‡",NA,"Stratified 2-stage cluster sample"
"1855","DTP, DTaP, or DT","","States","District of Columbia","2021-22","82.2",8959,100,"*",NA,"Census"
"1856","DTP, DTaP, or DT","","States","Florida","2021-22","91.7",229432,97.8,">=. §",NA,"Census"
"1857","DTP, DTaP, or DT","","States","Georgia","2021-22","83.2",118742,100,">=. *",NA,"Census"
"1858","DTP, DTaP, or DT","","States","Hawaii","2021-22","92.5",13368,6.7,"",NA,"Stratified 2-stage cluster sample"
"1859","DTP, DTaP, or DT","","States","Idaho","2021-22","83.5",23854,99.6,"",NA,"Census"
"1860","DTP, DTaP, or DT","","States","Illinois","2021-22","91.9",137699,100,"*",NA,"Census"
"1861","DTP, DTaP, or DT","","States","Indiana","2021-22","84.0",83198,75.1,"§",NA,"Vol. response"
"1862","DTP, DTaP, or DT","","States","Iowa","2021-22","90.6",40111,100,">=. *",NA,"Census"
"1863","DTP, DTaP, or DT","","States","Kansas","2021-22","90.0",36526,29.5,"†. ‡. §",NA,"Stratified 1-stage cluster sample"
"1864","DTP, DTaP, or DT","","States","Kentucky","2021-22","87.1",59233,91.5,">=. ‡. §",NA,"Census"
"1865","DTP, DTaP, or DT","","States","Louisiana","2021-22","96.2",66518,100,"*",NA,"Census"
"1866","DTP, DTaP, or DT","","States","Maine","2021-22","96.3",12881,91.6,"",NA,"Census"
"1867","DTP, DTaP, or DT","","States","Maryland","2021-22","88.6",53866,98.4,"‡",NA,"Census"
"1868","DTP, DTaP, or DT","","States","Massachusetts","2021-22","96.1",65582,100,"*. ‡",NA,"Census"
"1869","DTP, DTaP, or DT","","States","Michigan","2021-22","94.1",114251,100,"*",NA,"Census"
"1870","DTP, DTaP, or DT","","States","Minnesota","2021-22","89.0",69403,98.7,"",NA,"Census"
"1871","DTP, DTaP, or DT","","States","Mississippi","2021-22","98.6",36524,100,">=. *",NA,"Census"
"1872","DTP, DTaP, or DT","","States","Missouri","2021-22","91.5",71034,100,"*",NA,"Census"
"1873","DTP, DTaP, or DT","","States","Nebraska","2021-22","96.6",25018,99.5,"‡",NA,"Census"
"1874","DTP, DTaP, or DT","","States","Nevada","2021-22","91.5",36855,99.2,"",NA,"Census (pub.), vol. response (pvt.)"
"1875","DTP, DTaP, or DT","","States","New Hampshire","2021-22","88.7",12157,100,">=. §. *",NA,"Census"
"1876","DTP, DTaP, or DT","","States","New Jersey","2021-22","94.1",104240,100,">=. §. *",NA,"Census"
"1877","DTP, DTaP, or DT","","States","New Mexico","2021-22","94.0",20736,100,"*",NA,"Census"
"1878","DTP, DTaP, or DT","","States","New York","2021-22","97.3",195377,99.3,"",NA,"Census"
"1879","DTP, DTaP, or DT","","States","NY-City of New York","2021-22","96.5",82938,99.8,"",NA,"Census"
"1880","DTP, DTaP, or DT","","States","North Carolina","2021-22","96.0",118191,78.5,"§. ‡",NA,"Vol. response"
"1881","DTP, DTaP, or DT","","States","North Dakota","2021-22","91.4",10755,96.6,"",NA,"Census"
"1882","DTP, DTaP, or DT","","States","Ohio","2021-22","88.5",139077,91.9,"",NA,"Census (pub.), vol. response (pvt.)"
"1883","DTP, DTaP, or DT","","States","Oklahoma","2021-22","91.1",54042,84.3,"‡",NA,"Vol. response"
"1884","DTP, DTaP, or DT","","States","Oregon","2021-22","92.0",41538,100,"*. ‡",NA,"Census"
"1885","DTP, DTaP, or DT","","States","Pennsylvania","2021-22","95.4",139558,94.9,"",NA,"Census (pub.), vol. response (pvt.)"
"1886","DTP, DTaP, or DT","","States","Rhode Island","2021-22","97.0",11002,96.9,"‡. §",NA,"Census"
"1887","DTP, DTaP, or DT","","States","South Carolina","2021-22","91.0",58276,27.2,"†",NA,"1-stage cluster sample"
"1888","DTP, DTaP, or DT","","States","South Dakota","2021-22","93.2",12251,100,"*",NA,"Census"
"1889","DTP, DTaP, or DT","","States","Tennessee","2021-22","95.2",79120,100,"§. *",NA,"Census"
"1890","DTP, DTaP, or DT","","States","Texas","2021-22","93.7",389037,99.3,"‡. §",NA,"Census"
"1891","DTP, DTaP, or DT","","States","TX-City of Houston","2021-22","88.3",40123,99.3,"‡. §",NA,"Census"
"1892","DTP, DTaP, or DT","","States","Utah","2021-22","89.6",48995,100,"*",NA,"Census"
"1893","DTP, DTaP, or DT","","States","Vermont","2021-22","92.9",6126,100,"*",NA,"Census"
"1894","DTP, DTaP, or DT","","States","Virginia","2021-22","98.3",95996,2.8,"†",NA,"Stratified 2-stage cluster sample"
"1895","DTP, DTaP, or DT","","States","Washington","2021-22","91.4",87256,97.3,"§",NA,"Census (pub.), vol. response (pvt.)"
"1896","DTP, DTaP, or DT","","States","West Virginia","2021-22","96.5",18070,85.5,"‡. §",NA,"Vol. response"
"1897","DTP, DTaP, or DT","","States","Wisconsin","2021-22","82.6",64275,96.8,">=. ‡",NA,"Census (pub.), vol. response (pvt.)"
"1898","DTP, DTaP, or DT","","States","Wyoming","2021-22","92.5",7382,100,"*",NA,"Census"
"1899","Varicella","1 Dose (or disease history)","States","Alabama","2009-10","94.0",75358,100,"≥. *. **",NA,"Census"
"1900","Varicella","1 Dose (or disease history)","States","Alaska","2009-10",NA,9641,76.4,"",NA,"Voluntary response"
"1901","Varicella","1 Dose (or disease history)","States","Arizona","2009-10","97.5",89287,93.9,"",NA,"Census"
"1902","Varicella","1 Dose (or disease history)","States","Arkansas","2009-10","98.3",34733,100,"*",NA,"Census"
"1903","Varicella","1 Dose (or disease history)","States","California","2009-10","96.6",507191,100,"*",NA,"Census"
"1904","Varicella","1 Dose (or disease history)","States","Colorado","2009-10",NA,NA,NA,"",NA,"Not conducted"
"1905","Varicella","1 Dose (or disease history)","States","Connecticut","2009-10","98.4",46158,100,"*",NA,"Census"
"1906","Varicella","1 Dose (or disease history)","States","Delaware","2009-10",NA,11327,9.2,"",NA,"Random sample"
"1907","Varicella","1 Dose (or disease history)","States","District of Columbia","2009-10",NA,6092,100,"*",NA,"Census"
"1908","Varicella","1 Dose (or disease history)","States","Florida","2009-10",NA,218630,100,"* .§",NA,"Census"
"1909","Varicella","1 Dose (or disease history)","States","Georgia","2009-10",NA,141949,1.2,"",NA,"Random sample"
"1910","Varicella","1 Dose (or disease history)","States","Hawaii","2009-10",NA,18427,6.4,"",NA,"Random sample"
"1911","Varicella","1 Dose (or disease history)","States","Idaho","2009-10","NReq",22624,100,"*",NA,"Census"
"1912","Varicella","1 Dose (or disease history)","States","Illinois","2009-10","96.5",165845,100,"",NA,"Census"
"1913","Varicella","1 Dose (or disease history)","States","Indiana","2009-10","96.0",84390,94.7,"",NA,"Census"
"1914","Varicella","1 Dose (or disease history)","States","Iowa","2009-10",NA,42698,100,"≥",NA,"Census"
"1915","Varicella","1 Dose (or disease history)","States","Kansas","2009-10",NA,39073,39.1,"†",NA,"Stratified 1-stage sample  (Public);  Census (Private)"
"1916","Varicella","1 Dose (or disease history)","States","Kentucky","2009-10",NA,56526,92.9,"",NA,"Census"
"1917","Varicella","1 Dose (or disease history)","States","Louisiana","2009-10",NA,53846,100,"*",NA,"Census"
"1918","Varicella","1 Dose (or disease history)","States","Maine","2009-10","95.9",14162,75.3,"",NA,"Voluntary response"
"1919","Varicella","1 Dose (or disease history)","States","Maryland","2009-10","99.5",75061,75,"",NA,"Voluntary response"
"1920","Varicella","1 Dose (or disease history)","States","Massachusetts","2009-10","98.6",74476,100,"*",NA,"Census"
"1921","Varicella","1 Dose (or disease history)","States","Michigan","2009-10","97.3",129810,100,"*",NA,"Census"
"1922","Varicella","1 Dose (or disease history)","States","Minnesota","2009-10",NA,70653,100,"*",NA,"Census"
"1923","Varicella","1 Dose (or disease history)","States","Mississippi","2009-10",NA,46922,100,"*",NA,"Census"
"1924","Varicella","1 Dose (or disease history)","States","Missouri","2009-10","98.8",75958,3,"",NA,"Random sample"
"1925","Varicella","1 Dose (or disease history)","States","Montana","2009-10","NReq",12335,98.8,"",NA,"Census"
"1926","Varicella","1 Dose (or disease history)","States","Nebraska","2009-10","97.2",29607,96.4,"",NA,"Census"
"1927","Varicella","1 Dose (or disease history)","States","Nevada","2009-10","76.5",35209,5.6,"",NA,"Random sample"
"1928","Varicella","1 Dose (or disease history)","States","New Hampshire","2009-10",NA,NA,NA,"",NA,"Not conducted"
"1929","Varicella","1 Dose (or disease history)","States","New Jersey","2009-10",NA,118347,95.1,"",NA,"Census"
"1930","Varicella","1 Dose (or disease history)","States","New Mexico","2009-10",NA,26318,2.2,"",NA,"Random sample"
"1931","Varicella","1 Dose (or disease history)","States","New York","2009-10","98.4",229273,100,"*",NA,"Census"
"1932","Varicella","1 Dose (or disease history)","States","North Carolina","2009-10",NA,116087,96,"",NA,"Census"
"1933","Varicella","1 Dose (or disease history)","States","North Dakota","2009-10",NA,8323,6,"¶",NA,"Random sample"
"1934","Varicella","1 Dose (or disease history)","States","Ohio","2009-10","91.2",131137,100,"*",NA,"Census"
"1935","Varicella","1 Dose (or disease history)","States","Oklahoma","2009-10","99.7",51128,88.9,"",NA,"Voluntary response"
"1936","Varicella","1 Dose (or disease history)","States","Oregon","2009-10","95.2",44676,100,"*",NA,"Census"
"1937","Varicella","1 Dose (or disease history)","States","Pennsylvania","2009-10",NA,149656,100,"*",NA,"Census"
"1938","Varicella","1 Dose (or disease history)","States","Rhode Island","2009-10",NA,11818,11.6,"",NA,"Random sample"
"1939","Varicella","1 Dose (or disease history)","States","South Carolina","2009-10","91.0",53725,10.2,"",NA,"Random sample"
"1940","Varicella","1 Dose (or disease history)","States","South Dakota","2009-10",NA,11499,100,"*",NA,"Census"
"1941","Varicella","1 Dose (or disease history)","States","Tennessee","2009-10","97.4",90811,88.1,"≥",NA,"Voluntary response"
"1942","Varicella","1 Dose (or disease history)","States","Texas","2009-10",NA,381425,98.3,"",NA,"Census"
"1943","Varicella","1 Dose (or disease history)","States","Utah","2009-10","99.3",49957,100,"*",NA,"Census"
"1944","Varicella","1 Dose (or disease history)","States","Vermont","2009-10",NA,6713,100,"*",NA,"Census"
"1945","Varicella","1 Dose (or disease history)","States","Virginia","2009-10","98.3",100891,4.4,"",NA,"Random sample"
"1946","Varicella","1 Dose (or disease history)","States","Washington","2009-10",NA,81511,93.3,"",NA,"Census"
"1947","Varicella","1 Dose (or disease history)","States","West Virginia","2009-10",NA,22730,86.7,"",NA,"Voluntary response"
"1948","Varicella","1 Dose (or disease history)","States","Wisconsin","2009-10",NA,61095,2.3,"¶",NA,"Random sample"
"1949","Varicella","1 Dose (or disease history)","States","Wyoming","2009-10",NA,NA,NA,"",NA,"Not conducted"
"1950","Varicella","1 Dose (or disease history)","States","Alabama","2010-11",NA,NA,NA,"",NA,NA
"1951","Varicella","1 Dose (or disease history)","States","Alaska","2010-11",NA,NA,NA,"",NA,NA
"1952","Varicella","1 Dose (or disease history)","States","Arizona","2010-11",NA,NA,NA,"",NA,NA
"1953","Varicella","1 Dose (or disease history)","States","Arkansas","2010-11",NA,NA,NA,"",NA,NA
"1954","Varicella","1 Dose (or disease history)","States","California","2010-11",NA,NA,NA,"",NA,NA
"1955","Varicella","1 Dose (or disease history)","States","Colorado","2010-11",NA,NA,NA,"",NA,NA
"1956","Varicella","1 Dose (or disease history)","States","Connecticut","2010-11",NA,NA,NA,"",NA,NA
"1957","Varicella","1 Dose (or disease history)","States","Delaware","2010-11",NA,NA,NA,"",NA,NA
"1958","Varicella","1 Dose (or disease history)","States","District of Columbia","2010-11",NA,NA,NA,"",NA,NA
"1959","Varicella","1 Dose (or disease history)","States","Florida","2010-11",NA,NA,NA,"",NA,NA
"1960","Varicella","1 Dose (or disease history)","States","Georgia","2010-11",NA,NA,NA,"",NA,NA
"1961","Varicella","1 Dose (or disease history)","States","Hawaii","2010-11",NA,NA,NA,"",NA,NA
"1962","Varicella","1 Dose (or disease history)","States","Idaho","2010-11",NA,NA,NA,"",NA,NA
"1963","Varicella","1 Dose (or disease history)","States","Illinois","2010-11",NA,NA,NA,"",NA,NA
"1964","Varicella","1 Dose (or disease history)","States","Indiana","2010-11",NA,NA,NA,"",NA,NA
"1965","Varicella","1 Dose (or disease history)","States","Iowa","2010-11",NA,NA,NA,"",NA,NA
"1966","Varicella","1 Dose (or disease history)","States","Kansas","2010-11",NA,NA,NA,"",NA,NA
"1967","Varicella","1 Dose (or disease history)","States","Kentucky","2010-11",NA,NA,NA,"",NA,NA
"1968","Varicella","1 Dose (or disease history)","States","Louisiana","2010-11",NA,NA,NA,"",NA,NA
"1969","Varicella","1 Dose (or disease history)","States","Maine","2010-11",NA,NA,NA,"",NA,NA
"1970","Varicella","1 Dose (or disease history)","States","Maryland","2010-11",NA,NA,NA,"",NA,NA
"1971","Varicella","1 Dose (or disease history)","States","Massachusetts","2010-11",NA,NA,NA,"",NA,NA
"1972","Varicella","1 Dose (or disease history)","States","Michigan","2010-11",NA,NA,NA,"",NA,NA
"1973","Varicella","1 Dose (or disease history)","States","Minnesota","2010-11",NA,NA,NA,"",NA,NA
"1974","Varicella","1 Dose (or disease history)","States","Mississippi","2010-11",NA,NA,NA,"",NA,NA
"1975","Varicella","1 Dose (or disease history)","States","Missouri","2010-11",NA,NA,NA,"",NA,NA
"1976","Varicella","1 Dose (or disease history)","States","Montana","2010-11",NA,NA,NA,"",NA,NA
"1977","Varicella","1 Dose (or disease history)","States","Nebraska","2010-11",NA,NA,NA,"",NA,NA
"1978","Varicella","1 Dose (or disease history)","States","Nevada","2010-11",NA,NA,NA,"",NA,NA
"1979","Varicella","1 Dose (or disease history)","States","New Hampshire","2010-11",NA,NA,NA,"",NA,NA
"1980","Varicella","1 Dose (or disease history)","States","New Jersey","2010-11",NA,NA,NA,"",NA,NA
"1981","Varicella","1 Dose (or disease history)","States","New Mexico","2010-11",NA,NA,NA,"",NA,NA
"1982","Varicella","1 Dose (or disease history)","States","New York","2010-11",NA,NA,NA,"",NA,NA
"1983","Varicella","1 Dose (or disease history)","States","North Carolina","2010-11",NA,NA,NA,"",NA,NA
"1984","Varicella","1 Dose (or disease history)","States","North Dakota","2010-11",NA,NA,NA,"",NA,NA
"1985","Varicella","1 Dose (or disease history)","States","Ohio","2010-11",NA,NA,NA,"",NA,NA
"1986","Varicella","1 Dose (or disease history)","States","Oklahoma","2010-11",NA,NA,NA,"",NA,NA
"1987","Varicella","1 Dose (or disease history)","States","Oregon","2010-11",NA,NA,NA,"",NA,NA
"1988","Varicella","1 Dose (or disease history)","States","Pennsylvania","2010-11",NA,NA,NA,"",NA,NA
"1989","Varicella","1 Dose (or disease history)","States","Rhode Island","2010-11",NA,NA,NA,"",NA,NA
"1990","Varicella","1 Dose (or disease history)","States","South Carolina","2010-11",NA,NA,NA,"",NA,NA
"1991","Varicella","1 Dose (or disease history)","States","South Dakota","2010-11",NA,NA,NA,"",NA,NA
"1992","Varicella","1 Dose (or disease history)","States","Tennessee","2010-11",NA,NA,NA,"",NA,NA
"1993","Varicella","1 Dose (or disease history)","States","Texas","2010-11",NA,NA,NA,"",NA,NA
"1994","Varicella","1 Dose (or disease history)","States","Utah","2010-11",NA,NA,NA,"",NA,NA
"1995","Varicella","1 Dose (or disease history)","States","Vermont","2010-11",NA,NA,NA,"",NA,NA
"1996","Varicella","1 Dose (or disease history)","States","Virginia","2010-11",NA,NA,NA,"",NA,NA
"1997","Varicella","1 Dose (or disease history)","States","Washington","2010-11",NA,NA,NA,"",NA,NA
"1998","Varicella","1 Dose (or disease history)","States","West Virginia","2010-11",NA,NA,NA,"",NA,NA
"1999","Varicella","1 Dose (or disease history)","States","Wisconsin","2010-11",NA,NA,NA,"",NA,NA
"2000","Varicella","1 Dose (or disease history)","States","Wyoming","2010-11",NA,NA,NA,"",NA,NA
"2001","Varicella","1 Dose (or disease history)","States","Alabama","2011-12","93.6",73190,100,"≥. * .**",NA,"Census"
"2002","Varicella","1 Dose (or disease history)","States","Alaska","2011-12",NA,10286,7.3,"",NA,"Non-random Cluster Sample"
"2003","Varicella","1 Dose (or disease history)","States","Arizona","2011-12","96.9",88293,96.9,"",NA,"Census"
"2004","Varicella","1 Dose (or disease history)","States","Arkansas","2011-12",NA,38754,92.2,"",NA,"Census"
"2005","Varicella","1 Dose (or disease history)","States","California","2011-12","96.1",542544,97.6,"",NA,"Census"
"2006","Varicella","1 Dose (or disease history)","States","Colorado","2011-12",NA,70142,0.5,"",NA,"Simple Random Sample"
"2007","Varicella","1 Dose (or disease history)","States","Connecticut","2011-12",NA,45695,100,"*",NA,"Census"
"2008","Varicella","1 Dose (or disease history)","States","Delaware","2011-12",NA,11327,7.4,"≥",NA,"2-stage Cluster Sample"
"2009","Varicella","1 Dose (or disease history)","States","District of Columbia","2011-12",NA,6854,100,"*",NA,"Census"
"2010","DTP, DTaP, or DT","","National","United States","2017-18","95.2",NA,NA,"",NA,"NaN"
"2011","DTP, DTaP, or DT","","National","U.S. Median","2017-18","95.3",NA,NA,"",NA,"NaN"
"2012","DTP, DTaP, or DT","","National","United States","2018-19","94.9",NA,NA,"",NA,"NaN"
"2013","DTP, DTaP, or DT","","National","U.S. Median","2018-19","94.6",NA,NA,"",NA,"NaN"
"2014","DTP, DTaP, or DT","","National","United States","2019-20","94.9",NA,NA,"",NA,"NaN"
"2015","DTP, DTaP, or DT","","National","U.S. Median","2019-20","94.4",NA,NA,"",NA,"NaN"
"2016","DTP, DTaP, or DT","","National","United States","2020-21","93.6",3510744,90.8,"",NA,""
"2017","DTP, DTaP, or DT","","National","U.S. Median","2020-21","93.4",3510744,90.8,"",NA,""
"2018","DTP, DTaP, or DT","","National","United States","2021-22","92.7",3835130,92.2,"",NA,""
"2019","DTP, DTaP, or DT","","National","U.S. Median","2021-22","92.0",3835130,92.2,"",NA,""
"2020","Varicella","1 Dose (or disease history)","National","United States","2009-10","96.4",NA,NA,"",NA,"NaN"
"2021","Varicella","1 Dose (or disease history)","National","U.S. Median","2009-10","97.4",NA,NA,"",NA,"NaN"
"2022","Varicella","1 Dose (or disease history)","National","United States","2010-11",NA,NA,NA,"",NA,"NaN"
"2023","Varicella","1 Dose (or disease history)","National","U.S. Median","2010-11",NA,NA,NA,"",NA,"NaN"
"2024","Varicella","1 Dose (or disease history)","States","Florida","2011-12",NA,225532,100,"* .§ ",NA,"Census"
"2025","Varicella","1 Dose (or disease history)","States","Georgia","2011-12",NA,143065,1.9,"",NA,"2-stage Cluster Sample"
"2026","Varicella","1 Dose (or disease history)","States","Hawaii","2011-12",NA,19443,7.7,"",NA,"2-stage Cluster Sample"
"2027","Varicella","1 Dose (or disease history)","States","Idaho","2011-12",NA,22762,100,"*",NA,"Census"
"2028","Varicella","1 Dose (or disease history)","States","Illinois","2011-12","98.0",163311,100,"*",NA,"Census"
"2029","Varicella","1 Dose (or disease history)","States","Indiana","2011-12",NA,83416,67.5,"",NA,"Voluntary Response"
"2030","Varicella","1 Dose (or disease history)","States","Iowa","2011-12",NA,40978,100,"*",NA,"Census"
"2031","Varicella","1 Dose (or disease history)","States","Kansas","2011-12",NA,38402,52.7,"†",NA,"Stratified 1-stage sample  (Public);  Census (Private)"
"2032","Varicella","1 Dose (or disease history)","States","Kentucky","2011-12","75.7",58185,91.8,"",NA,"Census"
"2033","Varicella","1 Dose (or disease history)","States","Louisiana","2011-12",NA,69013,100,"*",NA,"Census"
"2034","Varicella","1 Dose (or disease history)","States","Maine","2011-12","94.9",13829,97,"",NA,"Census"
"2035","Varicella","1 Dose (or disease history)","States","Maryland","2011-12","99.7",72957,67.2,"",NA,"Voluntary Response"
"2036","Varicella","1 Dose (or disease history)","States","Massachusetts","2011-12",NA,79551,97.5,"",NA,"Census"
"2037","Varicella","1 Dose (or disease history)","States","Michigan","2011-12",NA,124962,100,"*",NA,"Census"
"2038","Varicella","1 Dose (or disease history)","States","Minnesota","2011-12",NA,71213,99.2,"",NA,"Census"
"2039","Varicella","1 Dose (or disease history)","States","Mississippi","2011-12",NA,44912,100,"*",NA,"Census"
"2040","Varicella","1 Dose (or disease history)","States","Missouri","2011-12",NA,75240,4.7,"",NA,"2-stage Cluster Sample"
"2041","Varicella","1 Dose (or disease history)","States","Montana","2011-12","NReq",12128,100,"*",NA,"Census"
"2042","Varicella","1 Dose (or disease history)","States","Nebraska","2011-12",NA,26715,96.6,"",NA,"Census"
"2043","Varicella","1 Dose (or disease history)","States","Nevada","2011-12",NA,36557,5.2,"",NA,"2-stage Cluster Sample"
"2044","Varicella","1 Dose (or disease history)","States","New Hampshire","2011-12",NA,13022,100,"*",NA,"Census"
"2045","Varicella","1 Dose (or disease history)","States","New Jersey","2011-12",NA,118669,96.6,"",NA,"Census"
"2046","Varicella","1 Dose (or disease history)","States","New Mexico","2011-12",NA,29159,2,"",NA,"2-stage Cluster Sample"
"2047","Varicella","1 Dose (or disease history)","States","New York","2011-12","98.4",236016,100,"*",NA,"Census"
"2048","Varicella","1 Dose (or disease history)","States","North Carolina","2011-12",NA,128854,95.4,"",NA,"Census"
"2049","Varicella","1 Dose (or disease history)","States","North Dakota","2011-12",NA,8412,5.8,"¶",NA,"Convenient "
"2050","Varicella","1 Dose (or disease history)","States","Ohio","2011-12",NA,146144,94.5,"",NA,"Convenient "
"2051","Varicella","1 Dose (or disease history)","States","Oklahoma","2011-12","97.8",52987,90.9,"¶",NA,"Census"
"2052","Varicella","1 Dose (or disease history)","States","Oregon","2011-12","95.0",45855,100,"*",NA,"Census"
"2053","Varicella","1 Dose (or disease history)","States","Pennsylvania","2011-12",NA,148042,99,"",NA,"Census"
"2054","Varicella","1 Dose (or disease history)","States","Rhode Island","2011-12",NA,12552,13.9,"",NA,"2-stage Cluster Sample"
"2055","Varicella","1 Dose (or disease history)","States","South Carolina","2011-12","97.1",59307,10.7,"",NA,"1-stage Cluster Sample"
"2056","Varicella","1 Dose (or disease history)","States","South Dakota","2011-12",NA,12127,100,"*",NA,"Census"
"2057","Varicella","1 Dose (or disease history)","States","Tennessee","2011-12",NA,83950,99.9,"",NA,"Census"
"2058","Varicella","1 Dose (or disease history)","States","Texas","2011-12",NA,388178,100,"*",NA,"Census"
"2059","Varicella","1 Dose (or disease history)","States","Utah","2011-12","99.5",53800,100,"*",NA,"Census"
"2060","Varicella","1 Dose (or disease history)","States","Vermont","2011-12",NA,6548,100,"*",NA,"Census"
"2061","Varicella","1 Dose (or disease history)","States","Virginia","2011-12",NA,101121,4.3,"",NA,"2-stage Cluster Sample"
"2062","Varicella","1 Dose (or disease history)","States","Washington","2011-12",NA,85134,89.1,"",NA,"Voluntary Response"
"2063","Varicella","1 Dose (or disease history)","States","West Virginia","2011-12",NA,22449,94.9,"",NA,"Convenient "
"2064","Varicella","1 Dose (or disease history)","States","Wisconsin","2011-12",NA,70672,2.3,"",NA,"2-stage Cluster Sample"
"2065","Varicella","1 Dose (or disease history)","States","Wyoming","2011-12",NA,NA,NA,"",NA,"Not conducted"
"2066","Varicella","1 Dose (or disease history)","States","Alabama","2012-13","92.8",72929,100,"≥. * . ‡. **",NA,"Census"
"2067","Varicella","1 Dose (or disease history)","States","Alaska","2012-13",NA,10319,97.8,"",NA,"Census"
"2068","Varicella","1 Dose (or disease history)","States","Arizona","2012-13","96.8",90054,97.6,"",NA,"Census"
"2069","Varicella","1 Dose (or disease history)","States","Arkansas","2012-13",NA,43212,96.3,"‡",NA,"Census"
"2070","Varicella","1 Dose (or disease history)","States","California","2012-13","95.6",535523,99,"‡",NA,"Census"
"2071","Varicella","1 Dose (or disease history)","States","Colorado","2012-13",NA,70657,0.5,"",NA,"Simple Random Sample"
"2072","Varicella","1 Dose (or disease history)","States","Connecticut","2012-13",NA,41604,100,"*",NA,"Census"
"2073","Varicella","1 Dose (or disease history)","States","Delaware","2012-13",NA,11997,7.8,"",NA,"2-stage Cluster Sample"
"2074","Varicella","1 Dose (or disease history)","States","District of Columbia","2012-13",NA,7842,100,"*",NA,"Census"
"2075","Varicella","1 Dose (or disease history)","States","Florida","2012-13",NA,234628,100,"*. §",NA,"Census"
"2076","Varicella","1 Dose (or disease history)","States","Georgia","2012-13",NA,142732,2.4,"",NA,"2-stage Cluster Sample"
"2077","Varicella","1 Dose (or disease history)","States","Hawaii","2012-13",NA,20104,6.7,"",NA,"2-stage Cluster Sample"
"2078","Varicella","1 Dose (or disease history)","States","Idaho","2012-13",NA,23888,100,"*",NA,"Census"
"2079","Varicella","1 Dose (or disease history)","States","Illinois","2012-13","96.6",166884,100,"*",NA,"Census"
"2080","Varicella","1 Dose (or disease history)","States","Indiana","2012-13",NA,86983,83.4,"",NA,"Voluntary Response"
"2081","Varicella","1 Dose (or disease history)","States","Iowa","2012-13",NA,41701,99.9,"",NA,"Census"
"2082","Varicella","1 Dose (or disease history)","States","Kansas","2012-13",NA,40738,31.8,"†. ‡",NA,"Stratified 1-stage sample  (Public);  Census (Private)"
"2083","Varicella","1 Dose (or disease history)","States","Kentucky","2012-13",NA,58466,97.2,"‡",NA,"Census"
"2084","Varicella","1 Dose (or disease history)","States","Louisiana","2012-13",NA,68874,100,"*",NA,"Census"
"2085","Varicella","1 Dose (or disease history)","States","Maine","2012-13","95.1",14313,94.6,"‡",NA,"Census"
"2086","Varicella","1 Dose (or disease history)","States","Maryland","2012-13","99.6",75007,84.3,"‡",NA,"Voluntary Response"
"2087","Varicella","1 Dose (or disease history)","States","Massachusetts","2012-13",NA,79661,97.6,"‡",NA,"Census"
"2088","Varicella","1 Dose (or disease history)","States","Michigan","2012-13",NA,124662,100,"*",NA,"Census"
"2089","Varicella","1 Dose (or disease history)","States","Minnesota","2012-13",NA,73310,100,"*. ‡ ",NA,"Census"
"2090","Varicella","1 Dose (or disease history)","States","Mississippi","2012-13",NA,46595,100,"*",NA,"Census"
"2091","Varicella","1 Dose (or disease history)","States","Missouri","2012-13",NA,78416,5.9,"",NA,"2-stage Cluster Sample"
"2092","Varicella","1 Dose (or disease history)","States","Montana","2012-13","NReq",12516,95.8,"",NA,"Census"
"2093","Varicella","1 Dose (or disease history)","States","Nebraska","2012-13",NA,24999,96.6,"‡",NA,"Census"
"2094","Varicella","1 Dose (or disease history)","States","Nevada","2012-13",NA,36070,4.3,"",NA,"2-stage Cluster Sample"
"2095","Varicella","1 Dose (or disease history)","States","New Hampshire","2012-13",NA,12943,99.2,"",NA,"Census"
"2096","Varicella","1 Dose (or disease history)","States","New Jersey","2012-13","97.0",122516,96.7,"≥. ‡",NA,"Census"
"2097","Varicella","1 Dose (or disease history)","States","New Mexico","2012-13",NA,29279,3.3,"‡ ",NA,"2-stage Cluster Sample"
"2098","Varicella","1 Dose (or disease history)","States","New York","2012-13","98.4",239484,100,"*. ‡",NA,"Census"
"2099","Varicella","1 Dose (or disease history)","States","North Carolina","2012-13",NA,130612,97.3,"",NA,"Census"
"2100","Varicella","1 Dose (or disease history)","States","North Dakota","2012-13",NA,9503,4.9,"",NA,"2-stage Cluster Sample"
"2101","Varicella","1 Dose (or disease history)","States","Ohio","2012-13",NA,163687,86.9,"",NA,"Census"
"2102","Varicella","1 Dose (or disease history)","States","Oklahoma","2012-13","92.8",56943,95.5,"",NA,"Census"
"2103","Varicella","1 Dose (or disease history)","States","Oregon","2012-13","94.5",47102,100,"*. ‡",NA,"Census"
"2104","Varicella","1 Dose (or disease history)","States","Pennsylvania","2012-13",NA,151364,97.5,"",NA,"Census"
"2105","Varicella","1 Dose (or disease history)","States","Rhode Island","2012-13",NA,12552,75.2,"‡",NA,"Voluntary Response"
"2106","Varicella","1 Dose (or disease history)","States","South Carolina","2012-13","90.9",61799,17.9,"≥",NA,"1-Stage Cluster Sample"
"2107","Varicella","1 Dose (or disease history)","States","South Dakota","2012-13",NA,12468,100,"*",NA,"Census"
"2108","Varicella","1 Dose (or disease history)","States","Tennessee","2012-13",NA,85801,97,"",NA,"Census"
"2109","Varicella","1 Dose (or disease history)","States","Texas","2012-13",NA,414688,96.6,"‡",NA,"Census"
"2110","Varicella","1 Dose (or disease history)","States","Utah","2012-13","99.6",54605,100,"*",NA,"Census"
"2111","Varicella","1 Dose (or disease history)","States","Vermont","2012-13",NA,6792,100,"*",NA,"Census"
"2112","Varicella","1 Dose (or disease history)","States","Virginia","2012-13",NA,104826,4.2,"",NA,"2-stage Cluster Sample"
"2113","Varicella","1 Dose (or disease history)","States","Washington","2012-13",NA,87773,94.7,"",NA,"Census"
"2114","Varicella","1 Dose (or disease history)","States","West Virginia","2012-13",NA,22588,86.5,"",NA,"Voluntary Response"
"2115","Varicella","1 Dose (or disease history)","States","Wisconsin","2012-13",NA,72416,1.8,"‡",NA,"2-stage Cluster Sample"
"2116","Varicella","1 Dose (or disease history)","States","Wyoming","2012-13",NA,8133,100,"* .¶",NA,"Census"
"2117","Varicella","1 Dose (or disease history)","States","Alabama","2013-14","92.0",76927,100,"≥. *. **",NA,"Census"
"2118","Varicella","1 Dose (or disease history)","States","Alaska","2013-14",NA,10222,9.3,"†",NA,"Stratified  2-stage cluster sample"
"2119","Varicella","1 Dose (or disease history)","States","Arizona","2013-14","96.4",89606,95.8,"",NA,"Census"
"2120","Varicella","1 Dose (or disease history)","States","Arkansas","2013-14",NA,42649,96.3,"",NA,"Census"
"2121","Varicella","1 Dose (or disease history)","States","California","2013-14","95.3",548606,97.3,"‡",NA,"Census"
"2122","Varicella","1 Dose (or disease history)","States","Colorado","2013-14",NA,69904,0.5,"",NA,"Random Sample"
"2123","Varicella","1 Dose (or disease history)","States","Connecticut","2013-14",NA,40978,100,"*",NA,"Census"
"2124","Varicella","1 Dose (or disease history)","States","Delaware","2013-14",NA,11997,12.2,"",NA,"Stratified  2-stage cluster sample"
"2125","Varicella","1 Dose (or disease history)","States","District of Columbia","2013-14",NA,7856,100,"*",NA,"Census"
"2126","Varicella","1 Dose (or disease history)","States","Florida","2013-14",NA,233797,100,"*. §",NA,"Census"
"2127","Varicella","1 Dose (or disease history)","States","Georgia","2013-14",NA,143988,100,"*",NA,"Census"
"2128","Varicella","1 Dose (or disease history)","States","Hawaii","2013-14",NA,20056,5.4,"",NA,"Stratified  2-stage cluster sample"
"2129","Varicella","1 Dose (or disease history)","States","Idaho","2013-14",NA,23934,100,"*",NA,"Census"
"2130","Varicella","1 Dose (or disease history)","States","Illinois","2013-14","96.6",163316,100,"*",NA,"Census"
"2131","Varicella","1 Dose (or disease history)","States","Indiana","2013-14",NA,87193,70.3,"",NA,"Voluntary response"
"2132","Varicella","1 Dose (or disease history)","States","Iowa","2013-14",NA,43728,94.6,"",NA,"Census"
"2133","Varicella","1 Dose (or disease history)","States","Kansas","2013-14",NA,41107,29,"†. ‡",NA,"Stratified 1-stage sample (Public); Census (Private)"
"2134","Varicella","1 Dose (or disease history)","States","Kentucky","2013-14",NA,57857,100,"*",NA,"Census"
"2135","Varicella","1 Dose (or disease history)","States","Louisiana","2013-14",NA,63976,100,"*",NA,"Census"
"2136","Varicella","1 Dose (or disease history)","States","Maine","2013-14","93.8",15441,82.4,"‡",NA,"Voluntary response"
"2137","Varicella","1 Dose (or disease history)","States","Maryland","2013-14","99.0",75659,96.9,"‡",NA,"Census"
"2138","Varicella","1 Dose (or disease history)","States","Massachusetts","2013-14",NA,79894,97.9,"‡",NA,"Census"
"2139","Varicella","1 Dose (or disease history)","States","Michigan","2013-14",NA,120297,100,"*",NA,"Census"
"2140","Varicella","1 Dose (or disease history)","States","Minnesota","2013-14",NA,72087,98.5,"‡",NA,"Census"
"2141","Varicella","1 Dose (or disease history)","States","Mississippi","2013-14",NA,45719,100,"*",NA,"Census"
"2142","Varicella","1 Dose (or disease history)","States","Missouri","2013-14",NA,78140,100,"*",NA,"Census"
"2143","Varicella","1 Dose (or disease history)","States","Montana","2013-14","NReq",12855,95.4,"",NA,"Census"
"2144","Varicella","1 Dose (or disease history)","States","Nebraska","2013-14",NA,27000,97.3,"‡",NA,"Census"
"2145","Varicella","1 Dose (or disease history)","States","Nevada","2013-14",NA,35782,3.1,"",NA,"Stratified  2-stage cluster sample"
"2146","Varicella","1 Dose (or disease history)","States","New Hampshire","2013-14",NA,13240,100,"*",NA,"Census"
"2147","Varicella","1 Dose (or disease history)","States","New Jersey","2013-14","96.8",123085,95.4,"≥. ‡",NA,"Census"
"2148","Varicella","1 Dose (or disease history)","States","New Mexico","2013-14",NA,30725,2.7,"‡",NA,"Stratified  2-stage cluster sample"
"2149","Varicella","1 Dose (or disease history)","States","New York","2013-14","98.2",240318,100,"*. ‡",NA,"Census"
"2150","Varicella","1 Dose (or disease history)","States","North Carolina","2013-14",NA,126084,97.7,"",NA,"Census"
"2151","Varicella","1 Dose (or disease history)","States","North Dakota","2013-14",NA,9780,96.1,"",NA,"Census (Public); Stratified  2-stage cluster sample(Private)"
"2152","Varicella","1 Dose (or disease history)","States","Ohio","2013-14",NA,150000,92.5,"",NA,"Census"
"2153","Varicella","1 Dose (or disease history)","States","Oklahoma","2013-14","98.0",57377,71.3,"",NA,"Voluntary response"
"2154","Varicella","1 Dose (or disease history)","States","Oregon","2013-14","94.3",47649,100,"*. ‡",NA,"Census"
"2155","Varicella","1 Dose (or disease history)","States","Pennsylvania","2013-14",NA,151253,100,"*. ‡",NA,"Census"
"2156","Varicella","1 Dose (or disease history)","States","Rhode Island","2013-14",NA,11521,99.1,"‡",NA,"Census"
"2157","Varicella","1 Dose (or disease history)","States","South Carolina","2013-14","94.4",61661,11,"",NA,"1-stage stratified sample"
"2158","Varicella","1 Dose (or disease history)","States","South Dakota","2013-14",NA,12566,100,"*",NA,"Census"
"2159","Varicella","1 Dose (or disease history)","States","Tennessee","2013-14",NA,80212,99.8,"",NA,"Census"
"2160","Varicella","1 Dose (or disease history)","States","Texas","2013-14",NA,409255,97.1,"‡",NA,"Census"
"2161","Varicella","1 Dose (or disease history)","States","Utah","2013-14","99.6",54779,100,"*",NA,"Census"
"2162","Varicella","1 Dose (or disease history)","States","Vermont","2013-14",NA,6771,100,"*",NA,"Census"
"2163","Varicella","1 Dose (or disease history)","States","Virginia","2013-14",NA,105692,4.1,"",NA,"2-stage cluster  sample"
"2164","Varicella","1 Dose (or disease history)","States","Washington","2013-14",NA,89165,88.5,"",NA,"Voluntary response"
"2165","Varicella","1 Dose (or disease history)","States","West Virginia","2013-14",NA,22814,84.7,"",NA,"Voluntary response"
"2166","Varicella","1 Dose (or disease history)","States","Wisconsin","2013-14",NA,71363,2.8,"‡",NA,"Stratified  2-stage cluster sample"
"2167","Varicella","1 Dose (or disease history)","States","Wyoming","2013-14",NA,NA,NA,"",NA,"Not conducted"
"2168","Varicella","1 Dose (or disease history)","States","Alabama","2014-15","93.5",59660,100,"≥. *",NA,"Census"
"2169","Varicella","1 Dose (or disease history)","States","Alaska","2014-15",NA,10129,7.8,"†",NA,"Stratified 2-stage cluster sample"
"2170","Varicella","1 Dose (or disease history)","States","Arizona","2014-15","96.6",86153,98.3,"",NA,"Census"
"2171","Varicella","1 Dose (or disease history)","States","Arkansas","2014-15",NA,41252,95.9,"‡",NA,"Census (public); Voluntary response (private)"
"2172","Varicella","1 Dose (or disease history)","States","California","2014-15","95.5",552583,96.9,"‡",NA,"Census"
"2173","Varicella","1 Dose (or disease history)","States","Colorado","2014-15",NA,70597,0.5,"",NA,"Simple random sample"
"2174","Varicella","1 Dose (or disease history)","States","Connecticut","2014-15",NA,39948,100,"*",NA,"Census"
"2175","Varicella","1 Dose (or disease history)","States","Delaware","2014-15",NA,11476,7.9,"",NA,"Stratified 2-stage cluster sample"
"2176","Varicella","1 Dose (or disease history)","States","District of Columbia","2014-15",NA,7840,100,"*",NA,"Census"
"2177","Varicella","1 Dose (or disease history)","States","Florida","2014-15",NA,228982,100,"*. §",NA,"Census"
"2178","Varicella","1 Dose (or disease history)","States","Georgia","2014-15",NA,139471,100,"*",NA,"Census"
"2179","Varicella","1 Dose (or disease history)","States","Hawaii","2014-15",NA,20085,5.6,"",NA,"Stratified 2-stage cluster sample"
"2180","Varicella","1 Dose (or disease history)","States","Idaho","2014-15",NA,22968,100,"*",NA,"Census"
"2181","Varicella","1 Dose (or disease history)","States","Illinois","2014-15",NA,156942,100,"*",NA,"Census"
"2182","Varicella","1 Dose (or disease history)","National","United States","2011-12","96.1",NA,NA,"",NA,"NaN"
"2183","Varicella","1 Dose (or disease history)","National","U.S. Median","2011-12","97.0",NA,NA,"",NA,"NaN"
"2184","Varicella","1 Dose (or disease history)","National","United States","2012-13","96.2",NA,NA,"",NA,"NaN"
"2185","Varicella","1 Dose (or disease history)","National","U.S. Median","2012-13","96.1",NA,NA,"",NA,"NaN"
"2186","Varicella","1 Dose (or disease history)","National","United States","2013-14","96.2",NA,NA,"",NA,"NaN"
"2187","Varicella","1 Dose (or disease history)","National","U.S. Median","2013-14","96.5",NA,NA,"",NA,"NaN"
"2188","Varicella","1 Dose (or disease history)","National","United States","2014-15","95.1",NA,NA,"",NA,"NaN"
"2189","Varicella","1 Dose (or disease history)","States","Indiana","2014-15",NA,85477,70.1,"",NA,"Voluntary response"
"2190","Varicella","1 Dose (or disease history)","States","Iowa","2014-15",NA,43239,96.3,"",NA,"Census"
"2191","Varicella","1 Dose (or disease history)","States","Kansas","2014-15",NA,39685,24.5,"†.‡",NA,"Stratified 2-stage cluster sample"
"2192","Varicella","1 Dose (or disease history)","States","Kentucky","2014-15",NA,57884,97.2,"‡",NA,"Census"
"2193","Varicella","1 Dose (or disease history)","States","Louisiana","2014-15",NA,60377,100,"*",NA,"Census"
"2194","Varicella","1 Dose (or disease history)","States","Maine","2014-15","96.2",13704,88.9,"‡",NA,"Voluntary response (public); Census (private)"
"2195","Varicella","1 Dose (or disease history)","States","Maryland","2014-15",NA,75391,90.2,"‡",NA,"Census (public); Voluntary response (private)"
"2196","Varicella","1 Dose (or disease history)","States","Massachusetts","2014-15",NA,74869,100,"*. ‡",NA,"Census"
"2197","Varicella","1 Dose (or disease history)","States","Michigan","2014-15",NA,117963,100,"*",NA,"Census"
"2198","Varicella","1 Dose (or disease history)","States","Minnesota","2014-15",NA,70896,97.8,"",NA,"Census"
"2199","Varicella","1 Dose (or disease history)","States","Mississippi","2014-15",NA,44129,100,"*",NA,"Census"
"2200","Varicella","1 Dose (or disease history)","States","Missouri","2014-15",NA,75900,100,"*",NA,"Census"
"2201","Varicella","1 Dose (or disease history)","States","Montana","2014-15","NReq",12501,95.7,"",NA,"Census (public); Voluntary response (private)"
"2202","Varicella","1 Dose (or disease history)","States","Nebraska","2014-15",NA,26665,100,"*. ‡",NA,"Census"
"2203","Varicella","1 Dose (or disease history)","States","Nevada","2014-15",NA,36755,2.8,"",NA,"Stratified 2-stage cluster sample"
"2204","Varicella","1 Dose (or disease history)","States","New Hampshire","2014-15",NA,12422,98.9,"",NA,"Census (public); Voluntary response (private)"
"2205","Varicella","1 Dose (or disease history)","States","New Jersey","2014-15","92.3",120471,93.9,"≥. ‡",NA,"Census (public); Voluntary response (private)"
"2206","Varicella","1 Dose (or disease history)","States","New Mexico","2014-15",NA,29918,3.3,"†",NA,"Stratified 2-stage cluster sample"
"2207","Varicella","1 Dose (or disease history)","States","New York","2014-15",NA,237045,100,"*. ‡",NA,"Census"
"2208","Varicella","1 Dose (or disease history)","States","North Carolina","2014-15","97.5",129792,95,"",NA,"Census (public). Voluntary response (private)"
"2209","Varicella","1 Dose (or disease history)","States","North Dakota","2014-15",NA,10017,99.9,"",NA,"Census"
"2210","Varicella","1 Dose (or disease history)","States","Ohio","2014-15",NA,149080,91,"",NA,"Census (public); Voluntary response (private)"
"2211","Varicella","1 Dose (or disease history)","States","Oklahoma","2014-15","92.5",56967,95.9,"‡",NA,"Census"
"2212","Varicella","1 Dose (or disease history)","States","Oregon","2014-15","95.2",46229,100,"*. ‡",NA,"Census"
"2213","Varicella","1 Dose (or disease history)","States","Pennsylvania","2014-15",NA,146378,98.3,"‡",NA,"Census"
"2214","Varicella","1 Dose (or disease history)","States","Rhode Island","2014-15",NA,11163,98.9,"‡",NA,"Census"
"2215","Varicella","1 Dose (or disease history)","States","South Carolina","2014-15",NA,62864,12.2,"",NA,"Stratified 1-stage cluster sample"
"2216","Varicella","1 Dose (or disease history)","States","South Dakota","2014-15",NA,12008,100,"*",NA,"Census"
"2217","Varicella","1 Dose (or disease history)","States","Tennessee","2014-15",NA,78276,100,"*",NA,"Census"
"2218","Varicella","1 Dose (or disease history)","States","Texas","2014-15",NA,406099,98.3,"‡",NA,"Census (public); Voluntary response (private)"
"2219","Varicella","1 Dose (or disease history)","States","Utah","2014-15","97.2",50916,100,"*",NA,"Census"
"2220","Varicella","1 Dose (or disease history)","States","Vermont","2014-15",NA,6277,100,"*",NA,"Census"
"2221","Varicella","1 Dose (or disease history)","States","Virginia","2014-15",NA,103821,4.1,"",NA,"Stratified 2-stage cluster sample"
"2222","Varicella","1 Dose (or disease history)","States","Washington","2014-15",NA,88809,96.7,"",NA,"Census (public); Voluntary response (private)"
"2223","Varicella","1 Dose (or disease history)","States","West Virginia","2014-15",NA,22016,81.3,"",NA,"Voluntary response"
"2224","Varicella","1 Dose (or disease history)","States","Wisconsin","2014-15",NA,69335,2.5,"‡",NA,"Stratified 2-stage cluster sample"
"2225","Varicella","1 Dose (or disease history)","States","Wyoming","2014-15",NA,7983,97.9,"¶",NA,"Census"
"2226","Varicella","1 Dose (or disease history)","States","Alabama","2015-16","93.1",60392,100,"≥.*",NA,"Census"
"2227","Varicella","1 Dose (or disease history)","States","Alaska","2015-16",NA,9937,7.8,"†.§",NA,"Stratified 2-stage cluster sample"
"2228","Varicella","1 Dose (or disease history)","States","Arizona","2015-16","96.7",83088,100,"*",NA,"Census"
"2229","Varicella","1 Dose (or disease history)","States","Arkansas","2015-16",NA,40258,95.6,"‡",NA,"Census (public); Voluntary response (private)"
"2230","Varicella","1 Dose (or disease history)","States","California","2015-16","96.3",593788,92.8,"‡",NA,"Census"
"2231","Varicella","1 Dose (or disease history)","States","Colorado","2015-16",NA,69137,0.5,"",NA,"Simple random sample"
"2232","Varicella","1 Dose (or disease history)","States","Connecticut","2015-16",NA,39533,100,"*",NA,"Census"
"2233","Varicella","1 Dose (or disease history)","States","Delaware","2015-16",NA,11589,9.5,"",NA,"Stratified 2-stage cluster sample"
"2234","Varicella","1 Dose (or disease history)","States","District of Columbia","2015-16",NA,8080,100,"*",NA,"Census"
"2235","Varicella","1 Dose (or disease history)","States","Florida","2015-16",NA,224430,100,"≥.*.§",NA,"Census"
"2236","Varicella","1 Dose (or disease history)","States","Georgia","2015-16",NA,131403,100,"≥.*",NA,"Census"
"2237","Varicella","1 Dose (or disease history)","States","Hawaii","2015-16","95.4",16325,6.7,"",NA,"Stratified 2-stage cluster sample"
"2238","Varicella","1 Dose (or disease history)","States","Idaho","2015-16",NA,22686,100,"*",NA,"Census"
"2239","Varicella","1 Dose (or disease history)","States","Illinois","2015-16",NA,151309,100,"*",NA,"Census"
"2240","Varicella","1 Dose (or disease history)","States","Indiana","2015-16",NA,83525,69.5,"",NA,"Voluntary response"
"2241","Varicella","1 Dose (or disease history)","States","Iowa","2015-16",NA,41215,100,"≥.*",NA,"Census"
"2242","Varicella","1 Dose (or disease history)","States","Kansas","2015-16",NA,39555,21,"†.‡.§",NA,"Stratified 2-stage cluster sample"
"2243","Varicella","1 Dose (or disease history)","States","Kentucky","2015-16",NA,54353,99.5,"‡.§",NA,"Census"
"2244","Varicella","1 Dose (or disease history)","States","Louisiana","2015-16",NA,59159,100,"*",NA,"Census"
"2245","Varicella","1 Dose (or disease history)","States","Maine","2015-16","96.1",13526,90.5,"",NA,"Census"
"2246","Varicella","1 Dose (or disease history)","States","Maryland","2015-16",NA,72012,94.3,"‡",NA,"Census (public); Voluntary response (private)"
"2247","Varicella","1 Dose (or disease history)","States","Massachusetts","2015-16",NA,72897,100,"*.‡",NA,"Census"
"2248","Varicella","1 Dose (or disease history)","States","Michigan","2015-16",NA,116299,100,"*",NA,"Census"
"2249","Varicella","1 Dose (or disease history)","States","Minnesota","2015-16",NA,69710,97.8,"§",NA,"Census"
"2250","Varicella","1 Dose (or disease history)","States","Mississippi","2015-16",NA,41042,100,"≥.*",NA,"Census"
"2251","Varicella","1 Dose (or disease history)","States","Missouri","2015-16",NA,74413,100,"*.§",NA,"Census"
"2252","Varicella","1 Dose (or disease history)","States","Montana","2015-16",NA,11484,100,"*",NA,"Census"
"2253","Varicella","1 Dose (or disease history)","States","Nebraska","2015-16",NA,30409,100,"*.‡",NA,"Census"
"2254","Varicella","1 Dose (or disease history)","States","Nevada","2015-16",NA,37118,3.3,"",NA,"Stratified 2-stage cluster sample"
"2255","Varicella","1 Dose (or disease history)","States","New Hampshire","2015-16",NA,11852,99.8,"≥",NA,"Census"
"2256","Varicella","1 Dose (or disease history)","States","New Jersey","2015-16","96.3",110116,100,"≥.*",NA,"Census"
"2257","Varicella","1 Dose (or disease history)","States","New Mexico","2015-16",NA,29049,2.7,"†",NA,"Stratified 2-stage cluster sample"
"2258","Varicella","1 Dose (or disease history)","States","New York","2015-16",NA,232521,100,"*",NA,"Census"
"2259","Varicella","1 Dose (or disease history)","States","North Carolina","2015-16",NA,128290,92,"‡.§",NA,"Census (public). Voluntary response (private)"
"2260","Varicella","1 Dose (or disease history)","States","North Dakota","2015-16",NA,9875,97.1,"",NA,"Census"
"2261","Varicella","1 Dose (or disease history)","States","Ohio","2015-16",NA,144604,93.7,"",NA,"Census (public); Voluntary response (private)"
"2262","Varicella","1 Dose (or disease history)","States","Oklahoma","2015-16",NA,54335,96.1,"‡",NA,"Census"
"2263","Varicella","1 Dose (or disease history)","States","Oregon","2015-16","95.2",45531,100,"*.‡",NA,"Census"
"2264","Varicella","1 Dose (or disease history)","States","Pennsylvania","2015-16",NA,143298,93.2,"",NA,"Census (public); Voluntary response (private)"
"2265","Varicella","1 Dose (or disease history)","States","Rhode Island","2015-16",NA,11165,100,"*.‡.§",NA,"Census"
"2266","Varicella","1 Dose (or disease history)","States","South Carolina","2015-16",NA,59240,8.9,"",NA,"Stratified 1-stage cluster sample"
"2267","Varicella","1 Dose (or disease history)","States","South Dakota","2015-16",NA,12181,100,"*",NA,"Census"
"2268","Varicella","1 Dose (or disease history)","States","Tennessee","2015-16",NA,79233,100,"*.§",NA,"Census"
"2269","Varicella","1 Dose (or disease history)","States","Texas","2015-16",NA,394801,98.7,"‡.§",NA,"Census (public); Voluntary response (private)"
"2270","Varicella","1 Dose (or disease history)","States","Utah","2015-16",NA,50114,100,"*",NA,"Census"
"2271","Varicella","1 Dose (or disease history)","States","Vermont","2015-16",NA,6366,100,"*",NA,"Census"
"2272","Varicella","1 Dose (or disease history)","States","Virginia","2015-16",NA,100074,4.3,"†.§",NA,"Stratified 2-stage cluster sample"
"2273","Varicella","1 Dose (or disease history)","States","Washington","2015-16",NA,86492,97.3,"§",NA,"Census"
"2274","Varicella","1 Dose (or disease history)","States","West Virginia","2015-16",NA,21333,87.6,"",NA,"Voluntary response"
"2275","Varicella","1 Dose (or disease history)","States","Wisconsin","2015-16",NA,70220,2,"‡.§",NA,"Stratified 2-stage cluster sample"
"2276","Varicella","1 Dose (or disease history)","States","Wyoming","2015-16",NA,7825,74,"§.¶",NA,"Voluntary response"
"2277","Varicella","1 Dose (or disease history)","States","Alabama","2016-17","93.8",58394,100,"≥.*",NA,"Census"
"2278","Varicella","1 Dose (or disease history)","States","Arizona","2016-17","96.7",83627,100,"*",NA,"Census"
"2279","Varicella","1 Dose (or disease history)","States","California","2016-17","98.5",575305,97.8,"‡",NA,"Census"
"2280","Varicella","1 Dose (or disease history)","States","Hawaii","2016-17","95.3",16325,6.7,"",NA,"Stratified 2-stage cluster sample"
"2281","Varicella","1 Dose (or disease history)","States","Maine","2016-17","96.7",13834,90.1,"",NA,"Voluntary response (public). census (private)"
"2282","Varicella","1 Dose (or disease history)","States","New Jersey","2016-17","96.5",109577,100,"≥.*",NA,"Census"
"2283","Varicella","1 Dose (or disease history)","States","Oklahoma","2016-17",NA,52184,0,"‡.¶",NA,"Census"
"2284","Varicella","1 Dose (or disease history)","States","Oregon","2016-17","95.0",45705,100,"*.‡",NA,"Census"
"2285","Varicella","1 Dose (or disease history)","States","Wyoming","2016-17",NA,NA,NA,"",NA,"Not conducted"
"2286","Varicella","1 Dose (or disease history)","States","Alabama","2017-18","92.7",57245,100,"≥.*",NA,"Census"
"2287","Varicella","1 Dose (or disease history)","States","Arizona","2017-18","96.2",81710,100,"*",NA,"Census"
"2288","Varicella","1 Dose (or disease history)","States","California","2017-18","98.2",574702,100,"‡",NA,"Census"
"2289","Varicella","1 Dose (or disease history)","States","Hawaii","2017-18","96.2",16325,6.6,"",NA,"Stratified 2-stage cluster sample"
"2290","Varicella","1 Dose (or disease history)","States","Maine","2017-18","96.5",13255,95.9,"",NA,"Census "
"2291","Varicella","1 Dose (or disease history)","States","New Jersey","2017-18","96.1",107630,100,"≥.*",NA,"Census"
"2292","Varicella","1 Dose (or disease history)","States","Oklahoma","2017-18","96.8",53898,92.1,"§",NA,"Census (public). voluntary response (private)"
"2293","Varicella","1 Dose (or disease history)","States","Oregon","2017-18","94.4",45818,100,"*.‡",NA,"Census"
"2294","Varicella","1 Dose (or disease history)","States","Wyoming","2017-18",NA,NA,NA,"",NA,"Not conducted "
"2295","Varicella","1 Dose (or disease history)","States","Alabama","2018-19","90.6",77739,100,"≥.*",NA,"Census"
"2296","Varicella","1 Dose (or disease history)","States","Arizona","2018-19","95.6",79981,100,"*",NA,"Census"
"2297","Varicella","1 Dose (or disease history)","States","California","2018-19","97.9",568947,97.7,"‡",NA,"Census"
"2298","Varicella","1 Dose (or disease history)","States","Hawaii","2018-19","94.0",16051,6.7,"",NA,"Stratified 2-stage cluster sample"
"2299","Varicella","1 Dose (or disease history)","States","Maine","2018-19","95.9",13419,95.9,"",NA,"Census"
"2300","Varicella","1 Dose (or disease history)","States","New Jersey","2018-19","95.0",109161,100,"≥.*",NA,"Census"
"2301","Varicella","1 Dose (or disease history)","States","Oklahoma","2018-19","95.8",54806,92.1,"§",NA,"Census (public). voluntary response (private)"
"2302","Varicella","1 Dose (or disease history)","States","Oregon","2018-19","94.3",45870,100,"*.‡",NA,"Census"
"2303","Varicella","1 Dose (or disease history)","States","Alabama","2019-20","86.6",59477,94.9,"≥",NA,"Census"
"2304","Varicella","1 Dose (or disease history)","States","Alaska","2019-20","NReq",10381,82.7,"§",NA,"Voluntary response"
"2305","Varicella","1 Dose (or disease history)","States","Arizona","2019-20","95.3",83976,98.7,"",NA,"Census (public). voluntary response (private)"
"2306","Varicella","1 Dose (or disease history)","States","Arkansas","2019-20","NReq",39510,96.2,"‡",NA,"Census (public). voluntary response (private)"
"2307","Varicella","1 Dose (or disease history)","States","California","2019-20","NReq",566155,97.9,"‡",NA,"Census"
"2308","Varicella","1 Dose (or disease history)","States","Colorado","2019-20","NReq",69088,98.2,"",NA,"Census"
"2309","Varicella","1 Dose (or disease history)","States","Connecticut","2019-20","NReq",38888,100,"*",NA,"Census"
"2310","Varicella","1 Dose (or disease history)","States","Delaware","2019-20","NReq",NA,NA,"",NA,"Not Conducted"
"2311","Varicella","1 Dose (or disease history)","States","District of Columbia","2019-20","NReq",NA,NA,"",NA,"Not Conducted"
"2312","Varicella","1 Dose (or disease history)","States","Florida","2019-20","NReq",228298,100,"≥.*.§",NA,"Census"
"2313","Varicella","1 Dose (or disease history)","States","Georgia","2019-20","NReq",130102,100,"≥.*",NA,"Census"
"2314","Varicella","1 Dose (or disease history)","States","Hawaii","2019-20","91.8",15695,8.9,"",NA,"Stratified 2-stage cluster sample"
"2315","Varicella","1 Dose (or disease history)","States","Idaho","2019-20","NReq",23301,98.5,"",NA,"Census"
"2316","Varicella","1 Dose (or disease history)","States","Illinois","2019-20","NReq",145891,100,"*",NA,"Census"
"2317","Varicella","1 Dose (or disease history)","States","Indiana","2019-20","NReq",88253,65.7,"",NA,"Voluntary response"
"2318","Varicella","1 Dose (or disease history)","States","Iowa","2019-20","NReq",40812,100,"≥.*",NA,"Census"
"2319","Varicella","1 Dose (or disease history)","States","Kansas","2019-20","NReq",37865,34.3,"†.‡.§",NA,"Stratified 2-stage cluster sample"
"2320","Varicella","1 Dose (or disease history)","States","Kentucky","2019-20","NReq",59233,92.9,"‡.§",NA,"Census"
"2321","Varicella","1 Dose (or disease history)","States","Louisiana","2019-20","NReq",59685,100,"*",NA,"Census"
"2322","Varicella","1 Dose (or disease history)","States","Maine","2019-20","96.2",13450,99.6,"",NA,"Census "
"2323","Varicella","1 Dose (or disease history)","States","Maryland","2019-20","NReq",72443,98.3,"‡",NA,"Census (public). voluntary response (private)"
"2324","Varicella","1 Dose (or disease history)","States","Massachusetts","2019-20","NReq",66756,100,"*.‡",NA,"Census"
"2325","Varicella","1 Dose (or disease history)","States","Michigan","2019-20","NReq",120565,100,"*",NA,"Census"
"2326","Varicella","1 Dose (or disease history)","States","Minnesota","2019-20","NReq",71223,98.7,"§",NA,"Census"
"2327","Varicella","1 Dose (or disease history)","States","Mississippi","2019-20","NReq",37870,100,"≥.*",NA,"Census"
"2328","Varicella","1 Dose (or disease history)","States","Missouri","2019-20","NReq",72324,100,"*",NA,"Census"
"2329","Varicella","1 Dose (or disease history)","States","Montana","2019-20","NReq",12501,100,"*",NA,"Census"
"2330","Varicella","1 Dose (or disease history)","States","Nebraska","2019-20","NReq",26893,96.7,"‡.‡‡",NA,"Census"
"2331","Varicella","1 Dose (or disease history)","States","Nevada","2019-20","NReq",37724,99.9,"",NA,"Census"
"2332","Varicella","1 Dose (or disease history)","States","New Hampshire","2019-20","NReq",12447,100,"≥.*",NA,"Census"
"2333","Varicella","1 Dose (or disease history)","States","New Jersey","2019-20","95.9",107900,100,"≥.*",NA,"Census"
"2334","Varicella","1 Dose (or disease history)","States","New Mexico","2019-20","NReq",23087,100,"*",NA,"Census"
"2335","Varicella","1 Dose (or disease history)","States","New York","2019-20","NReq",234165,99.9,"",NA,"Census"
"2336","Varicella","1 Dose (or disease history)","States","North Carolina","2019-20","NReq",124548,97.8,"‡.§",NA,"Census"
"2337","Varicella","1 Dose (or disease history)","States","North Dakota","2019-20","NReq",10587,99.5,"",NA,"Census"
"2338","Varicella","1 Dose (or disease history)","States","Ohio","2019-20","NReq",139103,98.8,"",NA,"Census"
"2339","Varicella","1 Dose (or disease history)","States","Oklahoma","2019-20","96.9",55348,85.6,"§",NA,"Voluntary response"
"2340","Varicella","1 Dose (or disease history)","States","Oregon","2019-20","94.6",45959,100,"*.‡",NA,"Census"
"2341","Varicella","1 Dose (or disease history)","States","Pennsylvania","2019-20","NReq",140197,98.8,"",NA,"Census"
"2342","Varicella","1 Dose (or disease history)","States","Rhode Island","2019-20","NReq",11219,98.5,"*.‡.§",NA,"Census"
"2343","Varicella","1 Dose (or disease history)","States","South Carolina","2019-20","NReq",65938,27.5,"†",NA,"Stratified 1-stage cluster sample"
"2344","Varicella","1 Dose (or disease history)","States","South Dakota","2019-20","NReq",12367,99.8,"",NA,"Census"
"2345","Varicella","1 Dose (or disease history)","States","Tennessee","2019-20","NReq",80595,100,"*.§",NA,"Census"
"2346","Varicella","1 Dose (or disease history)","States","Texas","2019-20","NReq",398680,99.6,"‡.§",NA,"Census"
"2347","Varicella","1 Dose (or disease history)","States","Utah","2019-20","NReq",49208,100,"*",NA,"Census"
"2348","Varicella","1 Dose (or disease history)","States","Vermont","2019-20","NReq",6293,100,"*",NA,"Census"
"2349","Varicella","1 Dose (or disease history)","States","Virginia","2019-20","NReq",99399,1.2,"†",NA,"Stratified 2-stage cluster sample"
"2350","Varicella","1 Dose (or disease history)","States","Washington","2019-20","NReq",87757,91.9,"§",NA,"Census"
"2351","Varicella","1 Dose (or disease history)","States","West Virginia","2019-20","NReq",17114,49.6,"¶",NA,"Voluntary response"
"2352","Varicella","1 Dose (or disease history)","States","Wisconsin","2019-20","NReq",67391,2.6,"†.‡.§",NA,"Stratified 2-stage cluster sample"
"2353","Varicella","1 Dose (or disease history)","States","Wyoming","2019-20","NReq",7913,100,"*",NA,"Census"
"2354","Varicella","1 Dose (or disease history)","States","Alabama","2020-21","94.7",56974,100,">=.*",NA,"Census"
"2355","Varicella","1 Dose (or disease history)","States","Alaska","2020-21","NReq",9461,NA,"",NA,"Not Conducted"
"2356","Varicella","1 Dose (or disease history)","States","Arizona","2020-21","95.5",76382,92.4,"",NA,"Census (public). voluntary response (private)"
"2357","Varicella","1 Dose (or disease history)","States","Arkansas","2020-21","NReq",37540,95.6,"‡",NA,"Census (public). voluntary response (private)"
"2358","Varicella","1 Dose (or disease history)","States","California","2020-21","NReq",498214,97.5,"‡",NA,"Census"
"2359","Varicella","1 Dose (or disease history)","States","Colorado","2020-21","NReq",63619,97.3,"",NA,"Census"
"2360","Varicella","1 Dose (or disease history)","States","Connecticut","2020-21","NReq",34396,100,"*",NA,"Census"
"2361","Varicella","1 Dose (or disease history)","States","Delaware","2020-21","NReq",10587,9.2,"",NA,"Stratified 2-stage cluster sample"
"2362","Varicella","1 Dose (or disease history)","States","District of Columbia","2020-21","NReq",8262,100,"*",NA,"Census"
"2363","Varicella","1 Dose (or disease history)","States","Florida","2020-21","NReq",207026,100,">=.*",NA,"Census"
"2364","Varicella","1 Dose (or disease history)","States","Georgia","2020-21","NReq",83191,100,">=.*",NA,"Census"
"2365","Varicella","1 Dose (or disease history)","States","Hawaii","2020-21","NReq",13074,9.3,"",NA,"Stratified 2-stage cluster sample"
"2366","Varicella","1 Dose (or disease history)","States","Idaho","2020-21","NReq",22677,98.3,"",NA,"Census"
"2367","Varicella","1 Dose (or disease history)","States","Illinois","2020-21","NReq",NA,NA,"",NA,"Not Conducted"
"2368","Varicella","1 Dose (or disease history)","States","Indiana","2020-21","NReq",78694,71.4,"§",NA,"Voluntary response"
"2369","Varicella","1 Dose (or disease history)","States","Iowa","2020-21","NReq",39141,100,">=.*",NA,"Census"
"2370","Varicella","1 Dose (or disease history)","States","Kansas","2020-21","NReq",34687,32.7,"†.‡.§",NA,"Stratified 2-stage cluster sample"
"2371","Varicella","1 Dose (or disease history)","States","Kentucky","2020-21","NReq",59233,86.4,"‡.§",NA,"Census (public). voluntary response (private)"
"2372","Varicella","1 Dose (or disease history)","States","Louisiana","2020-21","NReq",61912,100,"*",NA,"Census"
"2373","Varicella","1 Dose (or disease history)","States","Maine","2020-21","97.0",13477,85,"",NA,"Voluntary response (public). census (private)"
"2374","Varicella","1 Dose (or disease history)","States","Maryland","2020-21","NReq",65764,75.6,"‡",NA,"Voluntary response"
"2375","Varicella","1 Dose (or disease history)","States","Massachusetts","2020-21","NReq",60724,100,"*.‡",NA,"Census"
"2376","Varicella","1 Dose (or disease history)","States","Michigan","2020-21","NReq",106657,100,"*",NA,"Census"
"2377","Varicella","1 Dose (or disease history)","States","Minnesota","2020-21","NReq",66007,95.2,"",NA,"Census"
"2378","Varicella","1 Dose (or disease history)","States","Mississippi","2020-21","NReq",34028,100,">=.*",NA,"Census"
"2379","Varicella","1 Dose (or disease history)","States","Missouri","2020-21","NReq",63093,100,"*",NA,"Census"
"2380","Varicella","1 Dose (or disease history)","States","Montana","2020-21","NReq",11279,100,"*",NA,"Census"
"2381","Varicella","1 Dose (or disease history)","States","Nebraska","2020-21","NReq",25681,94.8,"‡",NA,"Census (public). voluntary response (private)"
"2382","Varicella","1 Dose (or disease history)","States","Nevada","2020-21","NReq",34171,94.7,"",NA,"Census (public). voluntary response (private)"
"2383","Varicella","1 Dose (or disease history)","States","New Hampshire","2020-21","NReq",10242,57,">=. §",NA,"Voluntary response"
"2384","Varicella","1 Dose (or disease history)","States","New Jersey","2020-21","94.3",100144,100,">=.*",NA,"Census"
"2385","Varicella","1 Dose (or disease history)","States","New Mexico","2020-21","NReq",20589,100,"*",NA,"Census"
"2386","Varicella","1 Dose (or disease history)","States","New York","2020-21","NReq",216804,91.5,"",NA,"Census (public). voluntary response (private)"
"2387","Varicella","1 Dose (or disease history)","States","NY-City of New York","2020-21","NReq",91920,94.2,"",NA,"Census (public). voluntary response (private)"
"2388","Varicella","1 Dose (or disease history)","States","North Carolina","2020-21","NReq",120995,89,"‡.§",NA,"Census (public). voluntary response (private)"
"2389","Varicella","1 Dose (or disease history)","States","North Dakota","2020-21","NReq",10116,99.1,"",NA,"Census"
"2390","Varicella","1 Dose (or disease history)","States","Ohio","2020-21","NReq",128535,91.1,"",NA,"Census (public). voluntary response (private)"
"2391","Varicella","1 Dose (or disease history)","States","Oklahoma","2020-21","96.1",52656,90,"‡.§",NA,"Census (public). voluntary response (private)"
"2392","Varicella","1 Dose (or disease history)","States","Oregon","2020-21","95.1",39568,100,"*.‡",NA,"Census"
"2393","Varicella","1 Dose (or disease history)","States","Pennsylvania","2020-21","NReq",129307,95,"",NA,"Census (public). voluntary response (private)"
"2394","Varicella","1 Dose (or disease history)","States","Rhode Island","2020-21","NReq",10402,93,"‡.§",NA,"Census"
"2395","Varicella","1 Dose (or disease history)","States","South Carolina","2020-21","NReq",56330,26.5,"†",NA,"Stratified 1-stage cluster sample"
"2396","Varicella","1 Dose (or disease history)","States","South Dakota","2020-21","NReq",11512,99.9,"",NA,"Census"
"2397","Varicella","1 Dose (or disease history)","States","Tennessee","2020-21","NReq",73819,100,"*.§",NA,"Census"
"2398","Varicella","1 Dose (or disease history)","States","Texas","2020-21","NReq",377840,98.9,"‡.§",NA,"Census"
"2399","Varicella","1 Dose (or disease history)","States","TX-City of Houston","2020-21","NReq",39627,94.9,"‡.§",NA,"Census (public). voluntary response (private)"
"2400","Varicella","1 Dose (or disease history)","States","Utah","2020-21","NReq",46247,100,"*",NA,"Census"
"2401","Varicella","1 Dose (or disease history)","States","Vermont","2020-21","NReq",5535,100,"*",NA,"Census"
"2402","Varicella","1 Dose (or disease history)","States","Virginia","2020-21","NReq",88273,2,"†",NA,"Stratified 2-stage cluster sample"
"2403","Varicella","1 Dose (or disease history)","States","Washington","2020-21","NReq",74931,100,"§",NA,"Census"
"2404","Varicella","1 Dose (or disease history)","States","West Virginia","2020-21","NR",NA,NA,"",NA,"Not Conducted"
"2405","Varicella","1 Dose (or disease history)","States","Wisconsin","2020-21","NReq",63486,84.5,">=.†.‡.§",NA,"Voluntary response"
"2406","Varicella","1 Dose (or disease history)","States","Wyoming","2020-21","NReq",6923,100,">=.*",NA,"Census"
"2407","Varicella","1 Dose (or disease history)","States","Alabama","2021-22","94.9",60332,100,">=. *",NA,"Census"
"2408","Varicella","1 Dose (or disease history)","States","Alaska","2021-22","NReq",9790,76.2,"¶",NA,"Vol. response (pub.), not conducted (pvt.)"
"2409","Varicella","1 Dose (or disease history)","States","Arizona","2021-22","94.6",83463,97,"",NA,"Census"
"2410","Varicella","1 Dose (or disease history)","States","Arkansas","2021-22","NReq",39358,96.3,"",NA,"Census (pub.), vol. response (pvt.)"
"2411","Varicella","1 Dose (or disease history)","National","U.S. Median","2014-15","95.2",NA,NA,"",NA,"NaN"
"2412","Varicella","1 Dose (or disease history)","National","United States","2015-16","96.0",NA,NA,"",NA,"NaN"
"2413","Varicella","1 Dose (or disease history)","National","U.S. Median","2015-16","96.1",NA,NA,"",NA,"NaN"
"2414","Varicella","1 Dose (or disease history)","National","United States","2016-17","97.5",NA,NA,"",NA,"NaN"
"2415","Varicella","1 Dose (or disease history)","National","U.S. Median","2016-17","96.5",NA,NA,"",NA,"NaN"
"2416","Varicella","1 Dose (or disease history)","National","United States","2017-18","97.1",NA,NA,"",NA,"NaN"
"2417","Varicella","1 Dose (or disease history)","National","U.S. Median","2017-18","96.2",NA,NA,"",NA,"NaN"
"2418","Varicella","1 Dose (or disease history)","National","United States","2018-19","96.4",NA,NA,"",NA,"NaN"
"2419","Varicella","1 Dose (or disease history)","National","U.S. Median","2018-19","95.3",NA,NA,"",NA,"NaN"
"2420","Varicella","1 Dose (or disease history)","National","United States","2019-20","94.1",NA,NA,"",NA,"NaN"
"2421","Varicella","1 Dose (or disease history)","National","U.S. Median","2019-20","95.3",NA,NA,"",NA,"NaN"
"2422","Varicella","1 Dose (or disease history)","National","United States","2020-21","94.8",352275,93.1,"",NA,""
"2423","Varicella","1 Dose (or disease history)","National","U.S. Median","2020-21","95.1",352275,93.1,"",NA,""
"2424","Varicella","1 Dose (or disease history)","States","California","2021-22","NReq",512144,98.4,"‡",NA,"Census"
"2425","Varicella","1 Dose (or disease history)","States","Colorado","2021-22","NReq",66900,97.5,"",NA,"Census"
"2426","Varicella","1 Dose (or disease history)","States","Connecticut","2021-22","NReq",35451,100,"*",NA,"Census"
"2427","Varicella","1 Dose (or disease history)","States","Delaware","2021-22","NReq",11181,9.5,"‡",NA,"Stratified 2-stage cluster sample"
"2428","Varicella","1 Dose (or disease history)","States","District of Columbia","2021-22","NReq",8959,100,"*",NA,"Census"
"2429","Varicella","1 Dose (or disease history)","States","Florida","2021-22","NReq",229432,97.8,">=. §",NA,"Census"
"2430","Varicella","1 Dose (or disease history)","States","Georgia","2021-22","NReq",118742,100,">=. *",NA,"Census"
"2431","Varicella","1 Dose (or disease history)","States","Hawaii","2021-22","NReq",13368,6.7,"",NA,"Stratified 2-stage cluster sample"
"2432","Varicella","1 Dose (or disease history)","States","Idaho","2021-22","NReq",23854,99.6,"",NA,"Census"
"2433","Varicella","1 Dose (or disease history)","States","Illinois","2021-22","NReq",137699,100,"*",NA,"Census"
"2434","Varicella","1 Dose (or disease history)","States","Indiana","2021-22","NReq",83198,75.1,"§",NA,"Vol. response"
"2435","Varicella","1 Dose (or disease history)","States","Iowa","2021-22","NReq",40111,100,">=. *",NA,"Census"
"2436","Varicella","1 Dose (or disease history)","States","Kansas","2021-22","NReq",36526,29.5,"†. ‡. §",NA,"Stratified 1-stage cluster sample"
"2437","Varicella","1 Dose (or disease history)","States","Kentucky","2021-22","NReq",59233,91.5,">=. ‡. §",NA,"Census"
"2438","Varicella","1 Dose (or disease history)","States","Louisiana","2021-22","NReq",66518,100,"*",NA,"Census"
"2439","Varicella","1 Dose (or disease history)","States","Maine","2021-22","NReq",12881,91.6,"",NA,"Census"
"2440","Varicella","1 Dose (or disease history)","States","Maryland","2021-22","NReq",53866,98.4,"‡",NA,"Census"
"2441","Varicella","1 Dose (or disease history)","States","Massachusetts","2021-22","NReq",65582,100,"*. ‡",NA,"Census"
"2442","Varicella","1 Dose (or disease history)","States","Michigan","2021-22","NReq",114251,100,"*",NA,"Census"
"2443","Varicella","1 Dose (or disease history)","States","Minnesota","2021-22","NReq",69403,98.7,"",NA,"Census"
"2444","Varicella","1 Dose (or disease history)","States","Mississippi","2021-22","NReq",36524,100,">=. *",NA,"Census"
"2445","Varicella","1 Dose (or disease history)","States","Missouri","2021-22","NReq",71034,100,"*",NA,"Census"
"2446","Varicella","1 Dose (or disease history)","States","Nebraska","2021-22","NReq",25018,99.5,"‡",NA,"Census"
"2447","Varicella","1 Dose (or disease history)","States","Nevada","2021-22","NReq",36855,99.2,"",NA,"Census (pub.), vol. response (pvt.)"
"2448","Varicella","1 Dose (or disease history)","States","New Hampshire","2021-22","NReq",12157,100,">=. §. *",NA,"Census"
"2449","Varicella","1 Dose (or disease history)","States","New Jersey","2021-22","94.1",104240,100,">=. §. *",NA,"Census"
"2450","Varicella","1 Dose (or disease history)","States","New Mexico","2021-22","NReq",20736,100,"*",NA,"Census"
"2451","Varicella","1 Dose (or disease history)","States","New York","2021-22","NReq",195377,99.3,"",NA,"Census"
"2452","Varicella","1 Dose (or disease history)","States","NY-City of New York","2021-22","NReq",82938,99.8,"",NA,"Census"
"2453","Varicella","1 Dose (or disease history)","States","North Carolina","2021-22","NReq",118191,78.5,"§. ‡",NA,"Vol. response"
"2454","Varicella","1 Dose (or disease history)","States","North Dakota","2021-22","NReq",10755,96.6,"",NA,"Census"
"2455","Varicella","1 Dose (or disease history)","States","Ohio","2021-22","NReq",139077,91.9,"",NA,"Census (pub.), vol. response (pvt.)"
"2456","Varicella","1 Dose (or disease history)","States","Oklahoma","2021-22","95.5",54042,84.3,"‡",NA,"Vol. response"
"2457","Varicella","1 Dose (or disease history)","States","Oregon","2021-22","94.7",41538,100,"*. ‡",NA,"Census"
"2458","Varicella","1 Dose (or disease history)","States","Pennsylvania","2021-22","NReq",139558,94.9,"",NA,"Census (pub.), vol. response (pvt.)"
"2459","Varicella","1 Dose (or disease history)","States","Rhode Island","2021-22","NReq",11002,96.9,"‡. §",NA,"Census"
"2460","Varicella","1 Dose (or disease history)","States","South Carolina","2021-22","NReq",58276,27.2,"†",NA,"1-stage cluster sample"
"2461","Varicella","1 Dose (or disease history)","States","South Dakota","2021-22","NReq",12251,100,"*",NA,"Census"
"2462","Varicella","1 Dose (or disease history)","States","Tennessee","2021-22","NReq",79120,100,"§. *",NA,"Census"
"2463","Varicella","1 Dose (or disease history)","States","Texas","2021-22","NReq",389037,99.3,"‡. §",NA,"Census"
"2464","Varicella","1 Dose (or disease history)","States","TX-City of Houston","2021-22","NReq",40123,99.3,"‡. §",NA,"Census"
"2465","Varicella","1 Dose (or disease history)","States","Utah","2021-22","NReq",48995,100,"*",NA,"Census"
"2466","Varicella","1 Dose (or disease history)","States","Vermont","2021-22","NReq",6126,100,"*",NA,"Census"
"2467","Varicella","1 Dose (or disease history)","States","Virginia","2021-22","NReq",95996,2.8,"†",NA,"Stratified 2-stage cluster sample"
"2468","Varicella","1 Dose (or disease history)","States","Washington","2021-22","NReq",87256,97.3,"§",NA,"Census (pub.), vol. response (pvt.)"
"2469","Varicella","1 Dose (or disease history)","States","West Virginia","2021-22","NReq",18070,85.5,"‡. §",NA,"Vol. response"
"2470","Varicella","1 Dose (or disease history)","States","Wisconsin","2021-22","NReq",64275,96.8,">=. ‡",NA,"Census (pub.), vol. response (pvt.)"
"2471","Varicella","1 Dose (or disease history)","States","Wyoming","2021-22","NReq",7382,100,"*",NA,"Census"
"2472","Varicella","2 Doses (or disease history)","States","Alabama","2009-10","NReq",75358,100,"*. **",NA,"Census"
"2473","Varicella","2 Doses (or disease history)","States","Alaska","2009-10",NA,9641,76.4,"",NA,"Voluntary response"
"2474","Varicella","2 Doses (or disease history)","States","Arizona","2009-10","NReq",89287,93.9,"",NA,"Census"
"2475","Varicella","2 Doses (or disease history)","States","Arkansas","2009-10","NReq",34733,100,"*",NA,"Census"
"2476","Varicella","2 Doses (or disease history)","States","California","2009-10","NReq",507191,100,"*",NA,"Census"
"2477","Varicella","2 Doses (or disease history)","States","Colorado","2009-10",NA,NA,NA,"",NA,"Not conducted"
"2478","Varicella","2 Doses (or disease history)","States","Connecticut","2009-10","NReq",46158,100,"*",NA,"Census"
"2479","Varicella","2 Doses (or disease history)","States","Delaware","2009-10","89.0",11327,9.2,"",NA,"Random sample"
"2480","Varicella","2 Doses (or disease history)","States","District of Columbia","2009-10",NA,6092,100,"*",NA,"Census"
"2481","Varicella","2 Doses (or disease history)","States","Florida","2009-10","91.3",218630,100,"≥. * .§",NA,"Census"
"2482","Varicella","2 Doses (or disease history)","States","Georgia","2009-10","99.6",141949,1.2,"",NA,"Random sample"
"2483","Varicella","2 Doses (or disease history)","States","Hawaii","2009-10","NReq",18427,6.4,"",NA,"Random sample"
"2484","Varicella","2 Doses (or disease history)","States","Idaho","2009-10","NReq",22624,100,"*",NA,"Census"
"2485","Varicella","2 Doses (or disease history)","States","Illinois","2009-10","NReq",165845,100,"",NA,"Census"
"2486","Varicella","2 Doses (or disease history)","States","Indiana","2009-10","NReq",84390,94.7,"",NA,"Census"
"2487","Varicella","2 Doses (or disease history)","States","Iowa","2009-10","84.5",42698,100,"≥",NA,"Census"
"2488","Varicella","2 Doses (or disease history)","States","Kansas","2009-10","85.3",39073,39.1,"†",NA,"Stratified 1-stage sample  (Public);  Census (Private)"
"2489","Varicella","2 Doses (or disease history)","States","Kentucky","2009-10","NReq",56526,92.9,"",NA,"Census"
"2490","Varicella","2 Doses (or disease history)","States","Louisiana","2009-10","93.7",53846,100,"*",NA,"Census"
"2491","Varicella","2 Doses (or disease history)","States","Maine","2009-10","NReq",14162,75.3,"",NA,"Voluntary response"
"2492","Varicella","2 Doses (or disease history)","States","Maryland","2009-10","NReq",75061,75,"",NA,"Voluntary response"
"2493","Varicella","2 Doses (or disease history)","States","Massachusetts","2009-10","NReq",74476,100,"*",NA,"Census"
"2494","Varicella","2 Doses (or disease history)","States","Michigan","2009-10","NReq",129810,100,"*",NA,"Census"
"2495","Varicella","2 Doses (or disease history)","States","Minnesota","2009-10","94.0",70653,100,"*",NA,"Census"
"2496","Varicella","2 Doses (or disease history)","States","Mississippi","2009-10","99.7",46922,100,"≥. *",NA,"Census"
"2497","Varicella","2 Doses (or disease history)","States","Missouri","2009-10","NReq",75958,3,"",NA,"Random sample"
"2498","Varicella","2 Doses (or disease history)","States","Montana","2009-10","NReq",12335,98.8,"",NA,"Census"
"2499","Varicella","2 Doses (or disease history)","States","Nebraska","2009-10","NReq",29607,96.4,"",NA,"Census"
"2500","Varicella","2 Doses (or disease history)","States","Nevada","2009-10","NReq",35209,5.6,"",NA,"Random sample"
"2501","Varicella","2 Doses (or disease history)","States","New Hampshire","2009-10",NA,NA,NA,"",NA,"Not conducted"
"2502","Varicella","2 Doses (or disease history)","States","New Jersey","2009-10","NReq",118347,95.1,"",NA,"Census"
"2503","Varicella","2 Doses (or disease history)","States","New Mexico","2009-10","94.9",26318,2.2,"",NA,"Random sample"
"2504","Varicella","2 Doses (or disease history)","States","New York","2009-10","NReq",229273,100,"*",NA,"Census"
"2505","Varicella","2 Doses (or disease history)","States","North Carolina","2009-10","NReq",116087,96,"",NA,"Census"
"2506","Varicella","2 Doses (or disease history)","States","North Dakota","2009-10","89.6",8323,6,"¶",NA,"Random sample"
"2507","Varicella","2 Doses (or disease history)","States","Ohio","2009-10","NReq",131137,100,"*",NA,"Census"
"2508","Varicella","2 Doses (or disease history)","States","Oklahoma","2009-10","NReq",51128,88.9,"",NA,"Voluntary response"
"2509","Varicella","2 Doses (or disease history)","States","Oregon","2009-10","NReq",44676,100,"*",NA,"Census"
"2510","Varicella","2 Doses (or disease history)","States","Pennsylvania","2009-10","NReq",149656,100,"*",NA,"Census"
"2511","Varicella","2 Doses (or disease history)","States","Rhode Island","2009-10","86.9",11818,11.6,"",NA,"Random sample"
"2512","Varicella","2 Doses (or disease history)","States","South Carolina","2009-10","NReq",53725,10.2,"",NA,"Random sample"
"2513","Varicella","2 Doses (or disease history)","States","South Dakota","2009-10","97.7",11499,100,"*",NA,"Census"
"2514","Varicella","2 Doses (or disease history)","States","Tennessee","2009-10","NReq",90811,88.1,"",NA,"Voluntary response"
"2515","Varicella","2 Doses (or disease history)","States","Texas","2009-10","96.8",381425,98.3,"",NA,"Census"
"2516","Varicella","2 Doses (or disease history)","States","Utah","2009-10","NReq",49957,100,"*",NA,"Census"
"2517","Varicella","2 Doses (or disease history)","States","Vermont","2009-10","88.2",6713,100,"*",NA,"Census"
"2518","Varicella","2 Doses (or disease history)","States","Virginia","2009-10","NReq",100891,4.4,"",NA,"Random sample"
"2519","Varicella","2 Doses (or disease history)","States","Washington","2009-10","88.6",81511,93.3,"",NA,"Census"
"2520","Varicella","2 Doses (or disease history)","States","West Virginia","2009-10","88.4",22730,86.7,"",NA,"Voluntary response"
"2521","Varicella","2 Doses (or disease history)","States","Wisconsin","2009-10","90.3",61095,2.3,"¶",NA,"Random sample"
"2522","Varicella","2 Doses (or disease history)","States","Wyoming","2009-10",NA,NA,NA,"",NA,"Not conducted"
"2523","Varicella","2 Doses (or disease history)","States","Alabama","2010-11",NA,NA,NA,"",NA,NA
"2524","Varicella","2 Doses (or disease history)","States","Alaska","2010-11",NA,NA,NA,"",NA,NA
"2525","Varicella","2 Doses (or disease history)","States","Arizona","2010-11",NA,NA,NA,"",NA,NA
"2526","Varicella","2 Doses (or disease history)","States","Arkansas","2010-11",NA,NA,NA,"",NA,NA
"2527","Varicella","2 Doses (or disease history)","States","California","2010-11",NA,NA,NA,"",NA,NA
"2528","Varicella","2 Doses (or disease history)","States","Colorado","2010-11",NA,NA,NA,"",NA,NA
"2529","Varicella","2 Doses (or disease history)","States","Connecticut","2010-11",NA,NA,NA,"",NA,NA
"2530","Varicella","2 Doses (or disease history)","States","Delaware","2010-11",NA,NA,NA,"",NA,NA
"2531","Varicella","2 Doses (or disease history)","States","District of Columbia","2010-11",NA,NA,NA,"",NA,NA
"2532","Varicella","2 Doses (or disease history)","States","Florida","2010-11",NA,NA,NA,"",NA,NA
"2533","Varicella","2 Doses (or disease history)","States","Georgia","2010-11",NA,NA,NA,"",NA,NA
"2534","Varicella","2 Doses (or disease history)","States","Hawaii","2010-11",NA,NA,NA,"",NA,NA
"2535","Varicella","2 Doses (or disease history)","States","Idaho","2010-11",NA,NA,NA,"",NA,NA
"2536","Varicella","2 Doses (or disease history)","States","Illinois","2010-11",NA,NA,NA,"",NA,NA
"2537","Varicella","2 Doses (or disease history)","States","Indiana","2010-11",NA,NA,NA,"",NA,NA
"2538","Varicella","2 Doses (or disease history)","States","Iowa","2010-11",NA,NA,NA,"",NA,NA
"2539","Varicella","2 Doses (or disease history)","States","Kansas","2010-11",NA,NA,NA,"",NA,NA
"2540","Varicella","2 Doses (or disease history)","States","Kentucky","2010-11",NA,NA,NA,"",NA,NA
"2541","Varicella","2 Doses (or disease history)","States","Louisiana","2010-11",NA,NA,NA,"",NA,NA
"2542","Varicella","2 Doses (or disease history)","States","Maine","2010-11",NA,NA,NA,"",NA,NA
"2543","Varicella","2 Doses (or disease history)","States","Maryland","2010-11",NA,NA,NA,"",NA,NA
"2544","Varicella","2 Doses (or disease history)","States","Massachusetts","2010-11",NA,NA,NA,"",NA,NA
"2545","Varicella","2 Doses (or disease history)","States","Michigan","2010-11",NA,NA,NA,"",NA,NA
"2546","Varicella","2 Doses (or disease history)","States","Minnesota","2010-11",NA,NA,NA,"",NA,NA
"2547","Varicella","2 Doses (or disease history)","States","Mississippi","2010-11",NA,NA,NA,"",NA,NA
"2548","Varicella","2 Doses (or disease history)","States","Missouri","2010-11",NA,NA,NA,"",NA,NA
"2549","Varicella","2 Doses (or disease history)","States","Montana","2010-11",NA,NA,NA,"",NA,NA
"2550","Varicella","2 Doses (or disease history)","States","Nebraska","2010-11",NA,NA,NA,"",NA,NA
"2551","Varicella","2 Doses (or disease history)","States","Nevada","2010-11",NA,NA,NA,"",NA,NA
"2552","Varicella","2 Doses (or disease history)","States","New Hampshire","2010-11",NA,NA,NA,"",NA,NA
"2553","Varicella","2 Doses (or disease history)","States","New Jersey","2010-11",NA,NA,NA,"",NA,NA
"2554","Varicella","2 Doses (or disease history)","States","New Mexico","2010-11",NA,NA,NA,"",NA,NA
"2555","Varicella","2 Doses (or disease history)","States","New York","2010-11",NA,NA,NA,"",NA,NA
"2556","Varicella","2 Doses (or disease history)","States","North Carolina","2010-11",NA,NA,NA,"",NA,NA
"2557","Varicella","2 Doses (or disease history)","States","North Dakota","2010-11",NA,NA,NA,"",NA,NA
"2558","Varicella","2 Doses (or disease history)","States","Ohio","2010-11",NA,NA,NA,"",NA,NA
"2559","Varicella","2 Doses (or disease history)","States","Oklahoma","2010-11",NA,NA,NA,"",NA,NA
"2560","Varicella","2 Doses (or disease history)","States","Oregon","2010-11",NA,NA,NA,"",NA,NA
"2561","Varicella","2 Doses (or disease history)","States","Pennsylvania","2010-11",NA,NA,NA,"",NA,NA
"2562","Varicella","2 Doses (or disease history)","States","Rhode Island","2010-11",NA,NA,NA,"",NA,NA
"2563","Varicella","2 Doses (or disease history)","States","South Carolina","2010-11",NA,NA,NA,"",NA,NA
"2564","Varicella","2 Doses (or disease history)","States","South Dakota","2010-11",NA,NA,NA,"",NA,NA
"2565","Varicella","2 Doses (or disease history)","States","Tennessee","2010-11",NA,NA,NA,"",NA,NA
"2566","Varicella","2 Doses (or disease history)","States","Texas","2010-11",NA,NA,NA,"",NA,NA
"2567","Varicella","2 Doses (or disease history)","States","Utah","2010-11",NA,NA,NA,"",NA,NA
"2568","Varicella","2 Doses (or disease history)","States","Vermont","2010-11",NA,NA,NA,"",NA,NA
"2569","Varicella","2 Doses (or disease history)","States","Virginia","2010-11",NA,NA,NA,"",NA,NA
"2570","Varicella","2 Doses (or disease history)","States","Washington","2010-11",NA,NA,NA,"",NA,NA
"2571","Varicella","2 Doses (or disease history)","States","West Virginia","2010-11",NA,NA,NA,"",NA,NA
"2572","Varicella","2 Doses (or disease history)","States","Wisconsin","2010-11",NA,NA,NA,"",NA,NA
"2573","Varicella","2 Doses (or disease history)","States","Wyoming","2010-11",NA,NA,NA,"",NA,NA
"2574","Varicella","2 Doses (or disease history)","States","Alabama","2011-12","NReq",73190,100,"* .**",NA,"Census"
"2575","Varicella","2 Doses (or disease history)","States","Alaska","2011-12",NA,10286,7.3,"",NA,"Non-random Cluster Sample"
"2576","Varicella","2 Doses (or disease history)","States","Arizona","2011-12","NReq",88293,96.9,"",NA,"Census"
"2577","Varicella","2 Doses (or disease history)","States","Arkansas","2011-12","95.4",38754,92.2,"",NA,"Census"
"2578","Varicella","2 Doses (or disease history)","States","California","2011-12","NReq",542544,97.6,"",NA,"Census"
"2579","Varicella","2 Doses (or disease history)","States","Colorado","2011-12","84.0",70142,0.5,"",NA,"Simple Random Sample"
"2580","Varicella","2 Doses (or disease history)","States","Connecticut","2011-12","97.1",45695,100,"*",NA,"Census"
"2581","Varicella","2 Doses (or disease history)","States","Delaware","2011-12","96.9",11327,7.4,"≥",NA,"2-stage Cluster Sample"
"2582","Varicella","2 Doses (or disease history)","States","District of Columbia","2011-12",NA,6854,100,"*",NA,"Census"
"2583","Varicella","2 Doses (or disease history)","States","Florida","2011-12","92.6",225532,100,"≥. * .§ ",NA,"Census"
"2584","Varicella","2 Doses (or disease history)","States","Georgia","2011-12","96.6",143065,1.9,"",NA,"2-stage Cluster Sample"
"2585","Varicella","2 Doses (or disease history)","States","Hawaii","2011-12","NReq",19443,7.7,"",NA,"2-stage Cluster Sample"
"2586","Varicella","2 Doses (or disease history)","States","Idaho","2011-12","85.8",22762,100,"*",NA,"Census"
"2587","Varicella","2 Doses (or disease history)","States","Illinois","2011-12","NReq",163311,100,"*",NA,"Census"
"2588","Varicella","2 Doses (or disease history)","States","Indiana","2011-12","91.9",83416,67.5,"",NA,"Voluntary Response"
"2589","Varicella","2 Doses (or disease history)","States","Iowa","2011-12","91.1",40978,100,"≥. *",NA,"Census"
"2590","Varicella","2 Doses (or disease history)","States","Kansas","2011-12","85.9",38402,52.7,"†",NA,"Stratified 1-stage sample  (Public);  Census (Private)"
"2591","Varicella","2 Doses (or disease history)","States","Kentucky","2011-12","NReq",58185,91.8,"",NA,"Census"
"2592","Varicella","2 Doses (or disease history)","States","Louisiana","2011-12","97.2",69013,100,"*",NA,"Census"
"2593","Varicella","2 Doses (or disease history)","States","Maine","2011-12","NReq",13829,97,"",NA,"Census"
"2594","Varicella","2 Doses (or disease history)","States","Maryland","2011-12","NReq",72957,67.2,"",NA,"Voluntary Response"
"2595","Varicella","2 Doses (or disease history)","States","Massachusetts","2011-12","92.7",79551,97.5,"",NA,"Census"
"2596","Varicella","2 Doses (or disease history)","States","Michigan","2011-12","93.2",124962,100,"*",NA,"Census"
"2597","Varicella","2 Doses (or disease history)","States","Minnesota","2011-12","94.9",71213,99.2,"",NA,"Census"
"2598","Varicella","2 Doses (or disease history)","States","Mississippi","2011-12","99.2",44912,100,"≥. *",NA,"Census"
"2599","Varicella","2 Doses (or disease history)","States","Missouri","2011-12","95.1",75240,4.7,"",NA,"2-stage Cluster Sample"
"2600","Varicella","2 Doses (or disease history)","States","Montana","2011-12","NReq",12128,100,"*",NA,"Census"
"2601","Varicella","2 Doses (or disease history)","States","Nebraska","2011-12","96.8",26715,96.6,"",NA,"Census"
"2602","Varicella","2 Doses (or disease history)","States","Nevada","2011-12","90.3",36557,5.2,"",NA,"2-stage Cluster Sample"
"2603","Varicella","2 Doses (or disease history)","States","New Hampshire","2011-12",NA,13022,100,"*",NA,"Census"
"2604","Varicella","2 Doses (or disease history)","States","New Jersey","2011-12","NReq",118669,96.6,"",NA,"Census"
"2605","Varicella","2 Doses (or disease history)","States","New Mexico","2011-12","94.2",29159,2,"",NA,"2-stage Cluster Sample"
"2606","Varicella","2 Doses (or disease history)","States","New York","2011-12","NReq",236016,100,"*",NA,"Census"
"2607","Varicella","2 Doses (or disease history)","States","North Carolina","2011-12","NReq",128854,95.4,"",NA,"Census"
"2608","Varicella","2 Doses (or disease history)","States","North Dakota","2011-12","88.9",8412,5.8,"¶",NA,"Convenient "
"2609","Varicella","2 Doses (or disease history)","States","Ohio","2011-12","95.4",146144,94.5,"",NA,"Convenient "
"2610","Varicella","2 Doses (or disease history)","States","Oklahoma","2011-12","NReq",52987,90.9,"¶",NA,"Census"
"2611","Varicella","2 Doses (or disease history)","States","Oregon","2011-12","NReq",45855,100,"*",NA,"Census"
"2612","Varicella","2 Doses (or disease history)","States","Pennsylvania","2011-12","85.1",148042,99,"",NA,"Census"
"2613","Varicella","2 Doses (or disease history)","States","Rhode Island","2011-12","91.3",12552,13.9,"",NA,"2-stage Cluster Sample"
"2614","Varicella","2 Doses (or disease history)","States","South Carolina","2011-12","NReq",59307,10.7,"",NA,"1-stage Cluster Sample"
"2615","Varicella","2 Doses (or disease history)","States","South Dakota","2011-12","95.5",12127,100,"*",NA,"Census"
"2616","Varicella","2 Doses (or disease history)","States","Tennessee","2011-12","97.3",83950,99.9,"≥",NA,"Census"
"2617","Varicella","2 Doses (or disease history)","States","Texas","2011-12","99.2",388178,100,"*",NA,"Census"
"2618","Varicella","2 Doses (or disease history)","States","Utah","2011-12","NReq",53800,100,"*",NA,"Census"
"2619","Varicella","2 Doses (or disease history)","States","Vermont","2011-12","90.3",6548,100,"*",NA,"Census"
"2620","Varicella","2 Doses (or disease history)","States","Virginia","2011-12","90.6",101121,4.3,"",NA,"2-stage Cluster Sample"
"2621","Varicella","2 Doses (or disease history)","States","Washington","2011-12","90.4",85134,89.1,"",NA,"Voluntary Response"
"2622","Varicella","2 Doses (or disease history)","States","West Virginia","2011-12","88.9",22449,94.9,"",NA,"Convenient "
"2623","Varicella","2 Doses (or disease history)","States","Wisconsin","2011-12","91.0",70672,2.3,"",NA,"2-stage Cluster Sample"
"2624","Varicella","2 Doses (or disease history)","States","Wyoming","2011-12",NA,NA,NA,"",NA,"Not conducted"
"2625","Varicella","2 Doses (or disease history)","States","Alabama","2012-13","NReq",72929,100,"* . ‡. **",NA,"Census"
"2626","Varicella","2 Doses (or disease history)","States","Alaska","2012-13",NA,10319,97.8,"",NA,"Census"
"2627","Varicella","2 Doses (or disease history)","States","Arizona","2012-13","NReq",90054,97.6,"",NA,"Census"
"2628","Varicella","2 Doses (or disease history)","States","Arkansas","2012-13","84.8",43212,96.3,"‡",NA,"Census"
"2629","Varicella","2 Doses (or disease history)","States","California","2012-13","NReq",535523,99,"‡",NA,"Census"
"2630","Varicella","2 Doses (or disease history)","States","Colorado","2012-13","84.6",70657,0.5,"",NA,"Simple Random Sample"
"2631","Varicella","2 Doses (or disease history)","States","Connecticut","2012-13","96.8",41604,100,"*",NA,"Census"
"2632","Varicella","2 Doses (or disease history)","States","Delaware","2012-13","95.7",11997,7.8,"≥",NA,"2-stage Cluster Sample"
"2633","Varicella","2 Doses (or disease history)","States","District of Columbia","2012-13",NA,7842,100,"*",NA,"Census"
"2634","Varicella","2 Doses (or disease history)","States","Florida","2012-13","92.1",234628,100,"≥. *. §",NA,"Census"
"2635","Varicella","2 Doses (or disease history)","States","Georgia","2012-13","95.1",142732,2.4,"≥",NA,"2-stage Cluster Sample"
"2636","Varicella","2 Doses (or disease history)","States","Hawaii","2012-13","NReq",20104,6.7,"",NA,"2-stage Cluster Sample"
"2637","Varicella","2 Doses (or disease history)","States","Idaho","2012-13","86.6",23888,100,"*",NA,"Census"
"2638","Varicella","2 Doses (or disease history)","States","Illinois","2012-13","NReq",166884,100,"*",NA,"Census"
"2639","Varicella","2 Doses (or disease history)","States","Indiana","2012-13","93.9",86983,83.4,"",NA,"Voluntary Response"
"2640","Varicella","2 Doses (or disease history)","States","Iowa","2012-13","90.5",41701,99.9,"≥",NA,"Census"
"2641","Varicella","2 Doses (or disease history)","States","Kansas","2012-13","88.4",40738,31.8,"†. ‡",NA,"Stratified 1-stage sample  (Public);  Census (Private)"
"2642","Varicella","2 Doses (or disease history)","States","Kentucky","2012-13","89.5",58466,97.2,"‡",NA,"Census"
"2643","Varicella","2 Doses (or disease history)","States","Louisiana","2012-13","96.5",68874,100,"*",NA,"Census"
"2644","Varicella","2 Doses (or disease history)","States","Maine","2012-13","NReq",14313,94.6,"‡",NA,"Census"
"2645","Varicella","2 Doses (or disease history)","States","Maryland","2012-13","NReq",75007,84.3,"‡",NA,"Voluntary Response"
"2646","Varicella","2 Doses (or disease history)","States","Massachusetts","2012-13","93.6",79661,97.6,"‡",NA,"Census"
"2647","Varicella","2 Doses (or disease history)","States","Michigan","2012-13","92.9",124662,100,"*",NA,"Census"
"2648","Varicella","2 Doses (or disease history)","States","Minnesota","2012-13","95.9",73310,100,"*. ‡ ",NA,"Census"
"2649","Varicella","2 Doses (or disease history)","States","Mississippi","2012-13","99.9",46595,100,"≥. *",NA,"Census"
"2650","Varicella","2 Doses (or disease history)","States","Missouri","2012-13","96.1",78416,5.9,"",NA,"2-stage Cluster Sample"
"2651","Varicella","2 Doses (or disease history)","States","Montana","2012-13","NReq",12516,95.8,"",NA,"Census"
"2652","Varicella","2 Doses (or disease history)","States","Nebraska","2012-13","94.7",24999,96.6,"‡",NA,"Census"
"2653","Varicella","2 Doses (or disease history)","States","Nevada","2012-13","92.2",36070,4.3,"",NA,"2-stage Cluster Sample"
"2654","Varicella","2 Doses (or disease history)","States","New Hampshire","2012-13",NA,12943,99.2,"",NA,"Census"
"2655","Varicella","2 Doses (or disease history)","States","New Jersey","2012-13","NReq",122516,96.7,"‡",NA,"Census"
"2656","Varicella","2 Doses (or disease history)","States","New Mexico","2012-13","94.0",29279,3.3,"‡ ",NA,"2-stage Cluster Sample"
"2657","Varicella","2 Doses (or disease history)","States","New York","2012-13","NReq",239484,100,"*. ‡",NA,"Census"
"2658","Varicella","2 Doses (or disease history)","States","North Carolina","2012-13","NReq",130612,97.3,"",NA,"Census"
"2659","Varicella","2 Doses (or disease history)","States","North Dakota","2012-13","88.5",9503,4.9,"",NA,"2-stage Cluster Sample"
"2660","Varicella","2 Doses (or disease history)","States","Ohio","2012-13","95.7",163687,86.9,"",NA,"Census"
"2661","Varicella","2 Doses (or disease history)","States","Oklahoma","2012-13","NReq",56943,95.5,"",NA,"Census"
"2662","Varicella","2 Doses (or disease history)","States","Oregon","2012-13","NReq",47102,100,"*. ‡",NA,"Census"
"2663","Varicella","2 Doses (or disease history)","States","Pennsylvania","2012-13","85.7",151364,97.5,"",NA,"Census"
"2664","Varicella","2 Doses (or disease history)","States","Rhode Island","2012-13","94.2",12552,75.2,"‡",NA,"Voluntary Response"
"2665","Varicella","2 Doses (or disease history)","States","South Carolina","2012-13","NReq",61799,17.9,"",NA,"1-Stage Cluster Sample"
"2666","Varicella","2 Doses (or disease history)","States","South Dakota","2012-13","96.0",12468,100,"*",NA,"Census"
"2667","Varicella","2 Doses (or disease history)","States","Tennessee","2012-13","94.5",85801,97,"≥",NA,"Census"
"2668","Varicella","2 Doses (or disease history)","States","Texas","2012-13","97.2",414688,96.6,"‡",NA,"Census"
"2669","Varicella","2 Doses (or disease history)","States","Utah","2012-13","NReq",54605,100,"*",NA,"Census"
"2670","Varicella","2 Doses (or disease history)","States","Vermont","2012-13","90.1",6792,100,"*",NA,"Census"
"2671","Varicella","2 Doses (or disease history)","States","Virginia","2012-13","91.2",104826,4.2,"",NA,"2-stage Cluster Sample"
"2672","Varicella","2 Doses (or disease history)","States","Washington","2012-13","90.3",87773,94.7,"",NA,"Census"
"2673","Varicella","2 Doses (or disease history)","States","West Virginia","2012-13","96.2",22588,86.5,"",NA,"Voluntary Response"
"2674","Varicella","2 Doses (or disease history)","States","Wisconsin","2012-13","91.1",72416,1.8,"‡",NA,"2-stage Cluster Sample"
"2675","Varicella","2 Doses (or disease history)","States","Wyoming","2012-13","97.0",8133,100,"* .¶",NA,"Census"
"2676","Varicella","1 Dose (or disease history)","National","United States","2021-22","94.6",3835130,92.2,"",NA,""
"2677","Varicella","1 Dose (or disease history)","National","U.S. Median","2021-22","94.7",3835130,92.2,"",NA,""
"2678","Varicella","2 Doses (or disease history)","National","United States","2009-10","93.9",NA,NA,"",NA,"NaN"
"2679","Varicella","2 Doses (or disease history)","National","U.S. Median","2009-10","90.3",NA,NA,"",NA,"NaN"
"2680","Varicella","2 Doses (or disease history)","National","United States","2010-11",NA,NA,NA,"",NA,"NaN"
"2681","Varicella","2 Doses (or disease history)","National","U.S. Median","2010-11",NA,NA,NA,"",NA,"NaN"
"2682","Varicella","2 Doses (or disease history)","National","United States","2011-12","93.7",NA,NA,"",NA,"NaN"
"2683","Varicella","2 Doses (or disease history)","National","U.S. Median","2011-12","92.7",NA,NA,"",NA,"NaN"
"2684","Varicella","2 Doses (or disease history)","National","United States","2012-13","93.2",NA,NA,"",NA,"NaN"
"2685","Varicella","2 Doses (or disease history)","National","U.S. Median","2012-13","93.9",NA,NA,"",NA,"NaN"
"2686","Varicella","2 Doses (or disease history)","National","United States","2013-14","92.8",NA,NA,"",NA,"NaN"
"2687","Varicella","2 Doses (or disease history)","National","U.S. Median","2013-14","93.3",NA,NA,"",NA,"NaN"
"2688","Varicella","2 Doses (or disease history)","National","United States","2014-15","93.8",NA,NA,"",NA,"NaN"
"2689","Varicella","2 Doses (or disease history)","National","U.S. Median","2014-15","93.9",NA,NA,"",NA,"NaN"
"2690","Varicella","2 Doses (or disease history)","States","Alabama","2013-14","NReq",76927,100,"*. **",NA,"Census"
"2691","Varicella","2 Doses (or disease history)","States","Alaska","2013-14","92.5",10222,9.3,"†",NA,"Stratified  2-stage cluster sample"
"2692","Varicella","2 Doses (or disease history)","States","Arizona","2013-14","NReq",89606,95.8,"",NA,"Census"
"2693","Varicella","2 Doses (or disease history)","States","Arkansas","2013-14","85.4",42649,96.3,"",NA,"Census"
"2694","Varicella","2 Doses (or disease history)","States","California","2013-14","NReq",548606,97.3,"‡",NA,"Census"
"2695","Varicella","2 Doses (or disease history)","States","Colorado","2013-14","81.7",69904,0.5,"",NA,"Random Sample"
"2696","Varicella","2 Doses (or disease history)","States","Connecticut","2013-14","96.7",40978,100,"*",NA,"Census"
"2697","Varicella","2 Doses (or disease history)","States","Delaware","2013-14","96.4",11997,12.2,"≥",NA,"Stratified  2-stage cluster sample"
"2698","Varicella","2 Doses (or disease history)","States","District of Columbia","2013-14",NA,7856,100,"*",NA,"Census"
"2699","Varicella","2 Doses (or disease history)","States","Florida","2013-14","93.2",233797,100,"≥. *. §",NA,"Census"
"2700","Varicella","2 Doses (or disease history)","States","Georgia","2013-14","94.0",143988,100,"≥. *",NA,"Census"
"2701","Varicella","2 Doses (or disease history)","States","Hawaii","2013-14","NReq",20056,5.4,"",NA,"Stratified  2-stage cluster sample"
"2702","Varicella","2 Doses (or disease history)","States","Idaho","2013-14","86.5",23934,100,"*",NA,"Census"
"2703","Varicella","2 Doses (or disease history)","States","Illinois","2013-14","NReq",163316,100,"*",NA,"Census"
"2704","Varicella","2 Doses (or disease history)","States","Indiana","2013-14","90.2",87193,70.3,"",NA,"Voluntary response"
"2705","Varicella","2 Doses (or disease history)","States","Iowa","2013-14","91.0",43728,94.6,"≥",NA,"Census"
"2706","Varicella","2 Doses (or disease history)","States","Kansas","2013-14","85.5",41107,29,"†. ‡",NA,"Stratified 1-stage sample (Public); Census (Private)"
"2707","Varicella","2 Doses (or disease history)","States","Kentucky","2013-14","91.9",57857,100,"*",NA,"Census"
"2708","Varicella","2 Doses (or disease history)","States","Louisiana","2013-14","96.1",63976,100,"*",NA,"Census"
"2709","Varicella","2 Doses (or disease history)","States","Maine","2013-14","NReq",15441,82.4,"‡",NA,"Voluntary response"
"2710","Varicella","2 Doses (or disease history)","States","Maryland","2013-14","NReq",75659,96.9,"‡",NA,"Census"
"2711","Varicella","2 Doses (or disease history)","States","Massachusetts","2013-14","93.9",79894,97.9,"‡",NA,"Census"
"2712","Varicella","2 Doses (or disease history)","States","Michigan","2013-14","93.0",120297,100,"*",NA,"Census"
"2713","Varicella","2 Doses (or disease history)","States","Minnesota","2013-14","92.6",72087,98.5,"‡",NA,"Census"
"2714","Varicella","2 Doses (or disease history)","States","Mississippi","2013-14","99.7",45719,100,"≥. *",NA,"Census"
"2715","Varicella","2 Doses (or disease history)","States","Missouri","2013-14","94.6",78140,100,"*",NA,"Census"
"2716","Varicella","2 Doses (or disease history)","States","Montana","2013-14","NReq",12855,95.4,"",NA,"Census"
"2717","Varicella","2 Doses (or disease history)","States","Nebraska","2013-14","94.9",27000,97.3,"‡",NA,"Census"
"2718","Varicella","2 Doses (or disease history)","States","Nevada","2013-14","93.6",35782,3.1,"",NA,"Stratified  2-stage cluster sample"
"2719","Varicella","2 Doses (or disease history)","States","New Hampshire","2013-14","94.7",13240,100,"≥. *",NA,"Census"
"2720","Varicella","2 Doses (or disease history)","States","New Jersey","2013-14","NReq",123085,95.4,"≥. ‡",NA,"Census"
"2721","Varicella","2 Doses (or disease history)","States","New Mexico","2013-14","93.4",30725,2.7,"‡",NA,"Stratified  2-stage cluster sample"
"2722","Varicella","2 Doses (or disease history)","States","New York","2013-14","NReq",240318,100,"*. ‡",NA,"Census"
"2723","Varicella","2 Doses (or disease history)","States","North Carolina","2013-14","NReq",126084,97.7,"",NA,"Census"
"2724","Varicella","2 Doses (or disease history)","States","North Dakota","2013-14","89.4",9780,96.1,"",NA,"Census (Public); Stratified  2-stage cluster sample(Private)"
"2725","Varicella","2 Doses (or disease history)","States","Ohio","2013-14","95.7",150000,92.5,"",NA,"Census"
"2726","Varicella","2 Doses (or disease history)","States","Oklahoma","2013-14","NReq",57377,71.3,"",NA,"Voluntary response"
"2727","Varicella","2 Doses (or disease history)","States","Oregon","2013-14","NReq",47649,100,"*. ‡",NA,"Census"
"2728","Varicella","2 Doses (or disease history)","States","Pennsylvania","2013-14","84.0",151253,100,"*. ‡",NA,"Census"
"2729","Varicella","2 Doses (or disease history)","States","Rhode Island","2013-14","94.7",11521,99.1,"‡",NA,"Census"
"2730","Varicella","2 Doses (or disease history)","States","South Carolina","2013-14","NReq",61661,11,"",NA,"1-stage stratified sample"
"2731","Varicella","2 Doses (or disease history)","States","South Dakota","2013-14","95.3",12566,100,"*",NA,"Census"
"2732","Varicella","2 Doses (or disease history)","States","Tennessee","2013-14","94.9",80212,99.8,"≥",NA,"Census"
"2733","Varicella","2 Doses (or disease history)","States","Texas","2013-14","97.2",409255,97.1,"‡",NA,"Census"
"2734","Varicella","2 Doses (or disease history)","States","Utah","2013-14","NReq",54779,100,"*",NA,"Census"
"2735","Varicella","2 Doses (or disease history)","States","Vermont","2013-14","89.4",6771,100,"*",NA,"Census"
"2736","Varicella","2 Doses (or disease history)","States","Virginia","2013-14","91.3",105692,4.1,"",NA,"2-stage cluster  sample"
"2737","Varicella","2 Doses (or disease history)","States","Washington","2013-14","88.4",89165,88.5,"",NA,"Voluntary response"
"2738","Varicella","2 Doses (or disease history)","States","West Virginia","2013-14","95.5",22814,84.7,"",NA,"Voluntary response"
"2739","Varicella","2 Doses (or disease history)","States","Wisconsin","2013-14","91.2",71363,2.8,"‡",NA,"Stratified  2-stage cluster sample"
"2740","Varicella","2 Doses (or disease history)","States","Wyoming","2013-14",NA,NA,NA,"",NA,"Not conducted"
"2741","Varicella","2 Doses (or disease history)","States","Alabama","2014-15","NReq",59660,100,"*",NA,"Census"
"2742","Varicella","2 Doses (or disease history)","States","Alaska","2014-15","91.6",10129,7.8,"†",NA,"Stratified 2-stage cluster sample"
"2743","Varicella","2 Doses (or disease history)","States","Arizona","2014-15","NReq",86153,98.3,"",NA,"Census"
"2744","Varicella","2 Doses (or disease history)","States","Arkansas","2014-15","88.0",41252,95.9,"‡",NA,"Census (public); Voluntary response (private)"
"2745","Varicella","2 Doses (or disease history)","States","California","2014-15","NReq",552583,96.9,"‡",NA,"Census"
"2746","Varicella","2 Doses (or disease history)","States","Colorado","2014-15","85.4",70597,0.5,"",NA,"Simple random sample"
"2747","Varicella","2 Doses (or disease history)","States","Connecticut","2014-15","96.8",39948,100,"*",NA,"Census"
"2748","Varicella","2 Doses (or disease history)","States","Delaware","2014-15","97.7",11476,7.9,"",NA,"Stratified 2-stage cluster sample"
"2749","Varicella","2 Doses (or disease history)","States","District of Columbia","2014-15","89.5",7840,100,"*",NA,"Census"
"2750","Varicella","2 Doses (or disease history)","States","Florida","2014-15","93.3",228982,100,"≥. *. §",NA,"Census"
"2751","Varicella","2 Doses (or disease history)","States","Georgia","2014-15","94.0",139471,100,"≥. *",NA,"Census"
"2752","Varicella","2 Doses (or disease history)","States","Hawaii","2014-15","NReq",20085,5.6,"",NA,"Stratified 2-stage cluster sample"
"2753","Varicella","2 Doses (or disease history)","States","Idaho","2014-15","88.4",22968,100,"*",NA,"Census"
"2754","Varicella","2 Doses (or disease history)","States","Illinois","2014-15","95.3",156942,100,"*",NA,"Census"
"2755","Varicella","2 Doses (or disease history)","States","Indiana","2014-15","90.1",85477,70.1,"",NA,"Voluntary response"
"2756","Varicella","2 Doses (or disease history)","States","Iowa","2014-15","91.9",43239,96.3,"≥",NA,"Census"
"2757","Varicella","2 Doses (or disease history)","States","Kansas","2014-15","88.9",39685,24.5,"†.‡",NA,"Stratified 2-stage cluster sample"
"2758","Varicella","2 Doses (or disease history)","States","Kentucky","2014-15","92.3",57884,97.2,"‡",NA,"Census"
"2759","Varicella","2 Doses (or disease history)","States","Louisiana","2014-15","96.7",60377,100,"*",NA,"Census"
"2760","Varicella","2 Doses (or disease history)","States","Maine","2014-15","NReq",13704,88.9,"‡",NA,"Voluntary response (public); Census (private)"
"2761","Varicella","2 Doses (or disease history)","States","Maryland","2014-15","98.8",75391,90.2,"‡",NA,"Census (public); Voluntary response (private)"
"2762","Varicella","2 Doses (or disease history)","States","Massachusetts","2014-15","94.1",74869,100,"*. ‡",NA,"Census"
"2763","Varicella","2 Doses (or disease history)","States","Michigan","2014-15","93.9",117963,100,"*",NA,"Census"
"2764","Varicella","2 Doses (or disease history)","States","Minnesota","2014-15","92.7",70896,97.8,"",NA,"Census"
"2765","Varicella","2 Doses (or disease history)","States","Mississippi","2014-15","99.2",44129,100,"≥. *",NA,"Census"
"2766","Varicella","2 Doses (or disease history)","States","Missouri","2014-15","95.3",75900,100,"*",NA,"Census"
"2767","Varicella","2 Doses (or disease history)","States","Montana","2014-15","NReq",12501,95.7,"",NA,"Census (public); Voluntary response (private)"
"2768","Varicella","2 Doses (or disease history)","States","Nebraska","2014-15","95.8",26665,100,"*. ‡",NA,"Census"
"2769","Varicella","2 Doses (or disease history)","States","Nevada","2014-15","92.9",36755,2.8,"",NA,"Stratified 2-stage cluster sample"
"2770","Varicella","2 Doses (or disease history)","States","New Hampshire","2014-15","91.4",12422,98.9,"≥",NA,"Census (public); Voluntary response (private)"
"2771","Varicella","2 Doses (or disease history)","States","New Jersey","2014-15","NReq",120471,93.9,"‡",NA,"Census (public); Voluntary response (private)"
"2772","Varicella","2 Doses (or disease history)","States","New Mexico","2014-15","97.2",29918,3.3,"†",NA,"Stratified 2-stage cluster sample"
"2773","Varicella","2 Doses (or disease history)","States","New York","2014-15","96.4",237045,100,"*. ‡",NA,"Census"
"2774","Varicella","2 Doses (or disease history)","States","North Carolina","2014-15","NReq",129792,95,"",NA,"Census (public). Voluntary response (private)"
"2775","Varicella","2 Doses (or disease history)","States","North Dakota","2014-15","89.5",10017,99.9,"",NA,"Census"
"2776","Varicella","2 Doses (or disease history)","States","Ohio","2014-15","91.2",149080,91,"",NA,"Census (public); Voluntary response (private)"
"2777","Varicella","2 Doses (or disease history)","States","Oklahoma","2014-15","NReq",56967,95.9,"‡",NA,"Census"
"2778","Varicella","2 Doses (or disease history)","States","Oregon","2014-15","NReq",46229,100,"*. ‡",NA,"Census"
"2779","Varicella","2 Doses (or disease history)","States","Pennsylvania","2014-15","92.0",146378,98.3,"‡",NA,"Census"
"2780","Varicella","2 Doses (or disease history)","States","Rhode Island","2014-15","95.4",11163,98.9,"‡",NA,"Census"
"2781","Varicella","2 Doses (or disease history)","States","South Carolina","2014-15","95.4",62864,12.2,"",NA,"Stratified 1-stage cluster sample"
"2782","Varicella","2 Doses (or disease history)","States","South Dakota","2014-15","96.8",12008,100,"*",NA,"Census"
"2783","Varicella","2 Doses (or disease history)","States","Tennessee","2014-15","95.1",78276,100,"≥. *",NA,"Census"
"2784","Varicella","2 Doses (or disease history)","States","Texas","2014-15","97.0",406099,98.3,"‡",NA,"Census (public); Voluntary response (private)"
"2785","Varicella","2 Doses (or disease history)","States","Utah","2014-15","NReq",50916,100,"*",NA,"Census"
"2786","Varicella","2 Doses (or disease history)","States","Vermont","2014-15","90.5",6277,100,"*",NA,"Census"
"2787","Varicella","2 Doses (or disease history)","States","Virginia","2014-15","90.4",103821,4.1,"",NA,"Stratified 2-stage cluster sample"
"2788","Varicella","2 Doses (or disease history)","States","Washington","2014-15","87.9",88809,96.7,"",NA,"Census (public); Voluntary response (private)"
"2789","Varicella","2 Doses (or disease history)","States","West Virginia","2014-15","97.0",22016,81.3,"",NA,"Voluntary response"
"2790","Varicella","2 Doses (or disease history)","States","Wisconsin","2014-15","90.9",69335,2.5,"‡",NA,"Stratified 2-stage cluster sample"
"2791","Varicella","2 Doses (or disease history)","States","Wyoming","2014-15","96.5",7983,97.9,"¶",NA,"Census"
"2792","Varicella","2 Doses (or disease history)","States","Alabama","2015-16","NReq",60392,100,"≥.*",NA,"Census"
"2793","Varicella","2 Doses (or disease history)","States","Alaska","2015-16","92.6",9937,7.8,"†.§",NA,"Stratified 2-stage cluster sample"
"2794","Varicella","2 Doses (or disease history)","States","Arizona","2015-16","NReq",83088,100,"*",NA,"Census"
"2795","Varicella","2 Doses (or disease history)","States","Arkansas","2015-16","90.6",40258,95.6,"‡",NA,"Census (public); Voluntary response (private)"
"2796","Varicella","2 Doses (or disease history)","States","California","2015-16","NReq",593788,92.8,"‡",NA,"Census"
"2797","Varicella","2 Doses (or disease history)","States","Colorado","2015-16","85.7",69137,0.5,"",NA,"Simple random sample"
"2798","Varicella","2 Doses (or disease history)","States","Connecticut","2015-16","96.6",39533,100,"*",NA,"Census"
"2799","Varicella","2 Doses (or disease history)","States","Delaware","2015-16","97.6",11589,9.5,"",NA,"Stratified 2-stage cluster sample"
"2800","Varicella","2 Doses (or disease history)","States","District of Columbia","2015-16","88.1",8080,100,"*",NA,"Census"
"2801","Varicella","2 Doses (or disease history)","States","Florida","2015-16","93.7",224430,100,"≥.*.§",NA,"Census"
"2802","Varicella","2 Doses (or disease history)","States","Georgia","2015-16","94.6",131403,100,"≥.*",NA,"Census"
"2803","Varicella","2 Doses (or disease history)","States","Hawaii","2015-16","NReq",16325,6.7,"",NA,"Stratified 2-stage cluster sample"
"2804","Varicella","2 Doses (or disease history)","States","Idaho","2015-16","89.1",22686,100,"*",NA,"Census"
"2805","Varicella","2 Doses (or disease history)","States","Illinois","2015-16","95.5",151309,100,"*",NA,"Census"
"2806","Varicella","2 Doses (or disease history)","States","Indiana","2015-16","88.0",83525,69.5,"",NA,"Voluntary response"
"2807","Varicella","2 Doses (or disease history)","States","Iowa","2015-16","91.8",41215,100,"≥.*",NA,"Census"
"2808","Varicella","2 Doses (or disease history)","States","Kansas","2015-16","87.9",39555,21,"†.‡.§",NA,"Stratified 2-stage cluster sample"
"2809","Varicella","2 Doses (or disease history)","States","Kentucky","2015-16","91.6",54353,99.5,"‡.§",NA,"Census"
"2810","Varicella","2 Doses (or disease history)","States","Louisiana","2015-16","96.8",59159,100,"*",NA,"Census"
"2811","Varicella","2 Doses (or disease history)","States","Maine","2015-16","NReq",13526,90.5,"",NA,"Census"
"2812","Varicella","2 Doses (or disease history)","States","Maryland","2015-16","99.2",72012,94.3,"‡",NA,"Census (public); Voluntary response (private)"
"2813","Varicella","2 Doses (or disease history)","States","Massachusetts","2015-16","95.8",72897,100,"*.‡",NA,"Census"
"2814","Varicella","2 Doses (or disease history)","States","Michigan","2015-16","95.2",116299,100,"*",NA,"Census"
"2815","Varicella","2 Doses (or disease history)","National","United States","2015-16","94.3",NA,NA,"",NA,"NaN"
"2816","Varicella","2 Doses (or disease history)","National","U.S. Median","2015-16","94.4",NA,NA,"",NA,"NaN"
"2817","Varicella","2 Doses (or disease history)","National","United States","2016-17","94.2",NA,NA,"",NA,"NaN"
"2818","Varicella","2 Doses (or disease history)","National","U.S. Median","2016-17","94.1",NA,NA,"",NA,"NaN"
"2819","Varicella","2 Doses (or disease history)","National","United States","2017-18","94.4",NA,NA,"",NA,"NaN"
"2820","Varicella","2 Doses (or disease history)","National","U.S. Median","2017-18","93.9",NA,NA,"",NA,"NaN"
"2821","Varicella","2 Doses (or disease history)","National","United States","2018-19","94.3",NA,NA,"",NA,"NaN"
"2822","Varicella","2 Doses (or disease history)","National","U.S. Median","2018-19","93.8",NA,NA,"",NA,"NaN"
"2823","Varicella","2 Doses (or disease history)","National","United States","2019-20","94.8",NA,NA,"",NA,"NaN"
"2824","Varicella","2 Doses (or disease history)","National","U.S. Median","2019-20","94.3",NA,NA,"",NA,"NaN"
"2825","Varicella","2 Doses (or disease history)","States","Minnesota","2015-16","92.3",69710,97.8,"§",NA,"Census"
"2826","Varicella","2 Doses (or disease history)","States","Mississippi","2015-16","99.4",41042,100,"≥.*",NA,"Census"
"2827","Varicella","2 Doses (or disease history)","States","Missouri","2015-16","95.4",74413,100,"*.§",NA,"Census"
"2828","Varicella","2 Doses (or disease history)","States","Montana","2015-16","93.6",11484,100,"*",NA,"Census"
"2829","Varicella","2 Doses (or disease history)","States","Nebraska","2015-16","97.3",30409,100,"*.‡",NA,"Census"
"2830","Varicella","2 Doses (or disease history)","States","Nevada","2015-16","93.4",37118,3.3,"",NA,"Stratified 2-stage cluster sample"
"2831","Varicella","2 Doses (or disease history)","States","New Hampshire","2015-16","91.9",11852,99.8,"≥",NA,"Census"
"2832","Varicella","2 Doses (or disease history)","States","New Jersey","2015-16","NReq",110116,100,"≥.*",NA,"Census"
"2833","Varicella","2 Doses (or disease history)","States","New Mexico","2015-16","95.8",29049,2.7,"†",NA,"Stratified 2-stage cluster sample"
"2834","Varicella","2 Doses (or disease history)","States","New York","2015-16","94.8",232521,100,"*",NA,"Census"
"2835","Varicella","2 Doses (or disease history)","States","North Carolina","2015-16","97.0",128290,92,"‡.§",NA,"Census (public). Voluntary response (private)"
"2836","Varicella","2 Doses (or disease history)","States","North Dakota","2015-16","90.4",9875,97.1,"",NA,"Census"
"2837","Varicella","2 Doses (or disease history)","States","Ohio","2015-16","91.5",144604,93.7,"",NA,"Census (public); Voluntary response (private)"
"2838","Varicella","2 Doses (or disease history)","States","Oklahoma","2015-16","NReq",54335,96.1,"‡",NA,"Census"
"2839","Varicella","2 Doses (or disease history)","States","Oregon","2015-16","NReq",45531,100,"*.‡",NA,"Census"
"2840","Varicella","2 Doses (or disease history)","States","Pennsylvania","2015-16","96.5",143298,93.2,"",NA,"Census (public); Voluntary response (private)"
"2841","Varicella","2 Doses (or disease history)","States","Rhode Island","2015-16","96.0",11165,100,"*.‡.§",NA,"Census"
"2842","Varicella","2 Doses (or disease history)","States","South Carolina","2015-16","96.2",59240,8.9,"",NA,"Stratified 1-stage cluster sample"
"2843","Varicella","2 Doses (or disease history)","States","South Dakota","2015-16","95.2",12181,100,"*",NA,"Census"
"2844","Varicella","2 Doses (or disease history)","States","Tennessee","2015-16","93.5",79233,100,"*.§",NA,"Census"
"2845","Varicella","2 Doses (or disease history)","States","Texas","2015-16","97.2",394801,98.7,"‡.§",NA,"Census (public); Voluntary response (private)"
"2846","Varicella","2 Doses (or disease history)","States","Utah","2015-16","94.8",50114,100,"*",NA,"Census"
"2847","Varicella","2 Doses (or disease history)","States","Vermont","2015-16","91.9",6366,100,"*",NA,"Census"
"2848","Varicella","2 Doses (or disease history)","States","Virginia","2015-16","93.7",100074,4.3,"†.§",NA,"Stratified 2-stage cluster sample"
"2849","Varicella","2 Doses (or disease history)","States","Washington","2015-16","89.4",86492,97.3,"§",NA,"Census"
"2850","Varicella","2 Doses (or disease history)","States","West Virginia","2015-16","94.3",21333,87.6,"",NA,"Voluntary response"
"2851","Varicella","2 Doses (or disease history)","States","Wisconsin","2015-16","92.5",70220,2,"‡.§",NA,"Stratified 2-stage cluster sample"
"2852","Varicella","2 Doses (or disease history)","States","Wyoming","2015-16","96.5",7825,74,"§.¶",NA,"Voluntary response"
"2853","Varicella","2 Doses (or disease history)","States","Alaska","2016-17","88.9",9815,7.6,"†.§",NA,"Stratified 2-stage cluster sample"
"2854","Varicella","2 Doses (or disease history)","States","Arkansas","2016-17","91.7",39666,75.9,"‡",NA,"Voluntary response"
"2855","Varicella","2 Doses (or disease history)","States","Colorado","2016-17","86.1",64440,100,"*",NA,"Census"
"2856","Varicella","2 Doses (or disease history)","States","Connecticut","2016-17","96.5",39002,100,"*",NA,"Census"
"2857","Varicella","2 Doses (or disease history)","States","Delaware","2016-17","98.2",11490,9.3,"",NA,"Stratified 2-stage cluster sample"
"2858","Varicella","2 Doses (or disease history)","States","Florida","2016-17","94.1",224463,100,"≥.*.§",NA,"Census"
"2859","Varicella","2 Doses (or disease history)","States","Georgia","2016-17","93.3",136165,100,"≥.*",NA,"Census"
"2860","Varicella","2 Doses (or disease history)","States","Idaho","2016-17","89.1",22589,100,"*",NA,"Census"
"2861","Varicella","2 Doses (or disease history)","States","Illinois","2016-17","94.5",151309,97.7,"",NA,"Census"
"2862","Varicella","2 Doses (or disease history)","States","Indiana","2016-17","87.9",83263,80.3,"",NA,"Voluntary response"
"2863","Varicella","2 Doses (or disease history)","States","Iowa","2016-17","92.6",39587,100,"≥.*",NA,"Census"
"2864","Varicella","2 Doses (or disease history)","States","Kansas","2016-17","88.8",38298,22.9,"†.‡.§",NA,"Stratified 2-stage cluster sample"
"2865","Varicella","2 Doses (or disease history)","States","Kentucky","2016-17","90.4",51487,92.9,"‡.§",NA,"Census"
"2866","Varicella","2 Doses (or disease history)","States","Louisiana","2016-17","96.5",55257,100,"*",NA,"Census"
"2867","Varicella","2 Doses (or disease history)","States","Maryland","2016-17","97.6",71467,98.1,"‡",NA,"Census"
"2868","Varicella","2 Doses (or disease history)","States","Massachusetts","2016-17","95.7",70109,100,"*.‡",NA,"Census"
"2869","Varicella","2 Doses (or disease history)","States","Michigan","2016-17","95.3",118777,100,"*",NA,"Census"
"2870","Varicella","2 Doses (or disease history)","States","Minnesota","2016-17","92.3",69140,96.7,"§",NA,"Census"
"2871","Varicella","2 Doses (or disease history)","States","Mississippi","2016-17","99.4",40509,100,"≥.*",NA,"Census"
"2872","Varicella","2 Doses (or disease history)","States","Missouri","2016-17","95.1",73355,100,"*",NA,"Census"
"2873","Varicella","2 Doses (or disease history)","States","Montana","2016-17","92.9",11956,100,"*",NA,"Census"
"2874","Varicella","2 Doses (or disease history)","States","Nebraska","2016-17","95.8",27117,100,"*.‡.‡‡",NA,"Census"
"2875","Varicella","2 Doses (or disease history)","States","Nevada","2016-17","90.5",36885,3.7,"",NA,"Stratified 2-stage cluster sample"
"2876","Varicella","2 Doses (or disease history)","States","New Hampshire","2016-17","91.5",12145,100,"≥.*",NA,"Census"
"2877","Varicella","2 Doses (or disease history)","States","New Mexico","2016-17","94.6",27119,4.5,"",NA,"Stratified 2-stage cluster sample"
"2878","Varicella","2 Doses (or disease history)","States","New York","2016-17","96.9",227050,100,"*",NA,"Census"
"2879","Varicella","2 Doses (or disease history)","States","North Carolina","2016-17","95.9",126454,88.2,"‡.§",NA,"Voluntary response"
"2880","Varicella","2 Doses (or disease history)","States","North Dakota","2016-17","93.5",9799,98.7,"",NA,"Census"
"2881","Varicella","2 Doses (or disease history)","States","Ohio","2016-17","91.9",137542,95.5,"",NA,"Census"
"2882","Varicella","2 Doses (or disease history)","States","Pennsylvania","2016-17","94.6",143888,84.4,"",NA,"Voluntary response"
"2883","Varicella","2 Doses (or disease history)","States","Rhode Island","2016-17","94.8",11100,98.4,"‡.§",NA,"Census"
"2884","Varicella","2 Doses (or disease history)","States","South Carolina","2016-17","95.7",59177,8.9,"",NA,"Stratified 1-stage cluster sample"
"2885","Varicella","2 Doses (or disease history)","States","South Dakota","2016-17","95.4",12106,99.8,"",NA,"Census"
"2886","Varicella","2 Doses (or disease history)","States","Tennessee","2016-17","96.7",78169,100,"*.§",NA,"Census"
"2887","Varicella","2 Doses (or disease history)","States","Texas","2016-17","96.6",389999,99,"‡.§",NA,"Census"
"2888","Varicella","2 Doses (or disease history)","States","Utah","2016-17","94.6",49073,100,"*",NA,"Census"
"2889","Varicella","2 Doses (or disease history)","States","Vermont","2016-17","92.5",6344,100,"*",NA,"Census"
"2890","Varicella","2 Doses (or disease history)","States","Virginia","2016-17","92.7",102357,4,"†",NA,"Stratified 2-stage cluster sample"
"2891","Varicella","2 Doses (or disease history)","States","Washington","2016-17","89.3",87142,98.2,"§",NA,"Census"
"2892","Varicella","2 Doses (or disease history)","States","West Virginia","2016-17","92.6",28666,66.5,"§",NA,"Census (public). voluntary response (private)"
"2893","Varicella","2 Doses (or disease history)","States","Wisconsin","2016-17","92.8",67607,2.2,"†.‡.§",NA,"Stratified 2-stage cluster sample"
"2894","Varicella","2 Doses (or disease history)","States","Wyoming","2016-17",NA,NA,NA,"",NA,"Not conducted"
"2895","Varicella","2 Doses (or disease history)","States","Alaska","2017-18","91.3",9692,84.4,"†.§",NA,"Stratified 2-stage cluster sample"
"2896","Varicella","2 Doses (or disease history)","States","Arkansas","2017-18","91.6",39630,95.4,"‡",NA,"Census "
"2897","Varicella","2 Doses (or disease history)","States","Colorado","2017-18","87.7",65718,100,"*",NA,"Census"
"2898","Varicella","2 Doses (or disease history)","States","Connecticut","2017-18","96.3",39174,100,"*",NA,"Census"
"2899","Varicella","2 Doses (or disease history)","States","Delaware","2017-18","96.7",10988,9.5,"",NA,"Stratified 2-stage cluster sample"
"2900","Varicella","2 Doses (or disease history)","States","Florida","2017-18","93.7",222397,100,"≥.*.§",NA,"Census"
"2901","Varicella","2 Doses (or disease history)","States","Georgia","2017-18","93.4",131459,100,"≥.*",NA,"Census"
"2902","Varicella","2 Doses (or disease history)","States","Idaho","2017-18","88.6",22553,99,"",NA,"Census"
"2903","Varicella","2 Doses (or disease history)","States","Illinois","2017-18","94.8",144858,100,"*",NA,"Census"
"2904","Varicella","2 Doses (or disease history)","States","Indiana","2017-18","90.2",84296,96.4,"",NA,"Voluntary Response"
"2905","Varicella","2 Doses (or disease history)","States","Iowa","2017-18","93.0",39632,100,"≥.*",NA,"Census"
"2906","Varicella","2 Doses (or disease history)","States","Kansas","2017-18","88.3",38484,23.1,"†.‡.§",NA,"Stratified 2-stage cluster sample"
"2907","Varicella","2 Doses (or disease history)","States","Kentucky","2017-18","91.7",55152,99,"‡.§",NA,"Census"
"2908","Varicella","2 Doses (or disease history)","States","Louisiana","2017-18","95.6",58277,100,"*",NA,"Census"
"2909","Varicella","2 Doses (or disease history)","States","Maryland","2017-18","97.5",68528,98.5,"‡",NA,"Census"
"2910","Varicella","2 Doses (or disease history)","States","Massachusetts","2017-18","96.0",63377,100,"*.‡",NA,"Census"
"2911","Varicella","2 Doses (or disease history)","States","Michigan","2017-18","94.7",119028,100,"*",NA,"Census"
"2912","Varicella","2 Doses (or disease history)","States","Minnesota","2017-18","92.2",69807,98.1,"§",NA,"Census"
"2913","Varicella","2 Doses (or disease history)","States","Mississippi","2017-18","99.4",39284,100,"≥.*",NA,"Census"
"2914","Varicella","2 Doses (or disease history)","States","Missouri","2017-18","95.0",73113,100,"*",NA,"Census"
"2915","Varicella","2 Doses (or disease history)","States","Montana","2017-18","91.6",12188,100,"*",NA,"Census"
"2916","Varicella","2 Doses (or disease history)","States","Nebraska","2017-18","95.5",26313,98.6,"‡.‡‡",NA,"Census"
"2917","Varicella","2 Doses (or disease history)","States","Nevada","2017-18","92.6",37178,4.8,"",NA,"Stratified 2-stage cluster sample"
"2918","Varicella","2 Doses (or disease history)","States","New Hampshire","2017-18","92.4",12165,100,"≥",NA,"Census"
"2919","Varicella","2 Doses (or disease history)","States","New Mexico","2017-18","94.5",26896,99.6,"",NA,"Stratified 2-stage cluster sample"
"2920","Varicella","2 Doses (or disease history)","States","New York","2017-18","96.9",226456,100,"*",NA,"Census"
"2921","Varicella","2 Doses (or disease history)","States","North Carolina","2017-18","96.8",127197,90.9,"‡.§",NA,"Census"
"2922","Varicella","2 Doses (or disease history)","States","North Dakota","2017-18","93.9",10365,99.4,"",NA,"Census"
"2923","Varicella","2 Doses (or disease history)","States","Ohio","2017-18","91.5",138753,94.9,"",NA,"Census"
"2924","Varicella","2 Doses (or disease history)","States","Pennsylvania","2017-18","97.0",141571,93.3,"",NA,"Voluntary response"
"2925","Varicella","2 Doses (or disease history)","States","Rhode Island","2017-18","96.0",11025,100,"*.‡.§",NA,"Census"
"2926","Varicella","2 Doses (or disease history)","States","South Carolina","2017-18","96.1",58458,27,"",NA,"Stratified 1-stage cluster sample"
"2927","Varicella","2 Doses (or disease history)","States","South Dakota","2017-18","95.8",12125,99.9,"",NA,"Census"
"2928","Varicella","2 Doses (or disease history)","States","Tennessee","2017-18","96.8",78743,100,"*.§",NA,"Census"
"2929","Varicella","2 Doses (or disease history)","States","Texas","2017-18","96.4",387981,99.4,"‡.§",NA,"Census"
"2930","Varicella","2 Doses (or disease history)","States","Utah","2017-18","93.7",48827,100,"*",NA,"Census"
"2931","Varicella","2 Doses (or disease history)","States","Vermont","2017-18","93.2",6255,100,"*",NA,"Census"
"2932","Varicella","2 Doses (or disease history)","States","Virginia","2017-18","93.3",100581,4.4,"†",NA,"Stratified 2-stage cluster sample"
"2933","Varicella","2 Doses (or disease history)","States","Washington","2017-18","89.4",85118,96.9,"§",NA,"Census"
"2934","Varicella","2 Doses (or disease history)","States","West Virginia","2017-18","98.1",19519,79.3,"¶",NA,"Voluntary response"
"2935","Varicella","2 Doses (or disease history)","States","Wisconsin","2017-18","91.2",66178,2.3,"†.‡.§",NA,"Stratified 2-stage cluster sample"
"2936","Varicella","2 Doses (or disease history)","States","Wyoming","2017-18",NA,NA,NA,"",NA,"Not conducted "
"2937","Varicella","2 Doses (or disease history)","States","Arkansas","2018-19","93.8",39257,95.4,"‡",NA,"Census (public). voluntary response (private)"
"2938","Varicella","2 Doses (or disease history)","States","Colorado","2018-19","86.5",64191,100,"*",NA,"Census"
"2939","Varicella","2 Doses (or disease history)","States","Connecticut","2018-19","95.7",38230,100,"*",NA,"Census"
"2940","Varicella","2 Doses (or disease history)","States","Delaware","2018-19","97.6",10798,9.5,"",NA,"Stratified 2-stage cluster sample"
"2941","Varicella","2 Doses (or disease history)","States","Florida","2018-19","93.8",224641,100,"≥.*.§",NA,"Census"
"2942","Varicella","2 Doses (or disease history)","States","Georgia","2018-19","93.6",131275,100,"≥.*",NA,"Census"
"2943","Varicella","2 Doses (or disease history)","States","Idaho","2018-19","88.3",22995,99,"",NA,"Census"
"2944","Varicella","2 Doses (or disease history)","States","Illinois","2018-19","94.4",143876,100,"*",NA,"Census"
"2945","Varicella","2 Doses (or disease history)","States","Indiana","2018-19","93.5",82324,96.4,"",NA,"Census"
"2946","Varicella","2 Doses (or disease history)","States","Iowa","2018-19","93.3",40624,100,"≥.*",NA,"Census"
"2947","Varicella","2 Doses (or disease history)","States","Kansas","2018-19","89.2",37838,23.1,"†.‡.§",NA,"Stratified 2-stage cluster sample"
"2948","Varicella","2 Doses (or disease history)","States","Kentucky","2018-19","92.8",55587,99,"‡.§",NA,"Census"
"2949","Varicella","2 Doses (or disease history)","States","Louisiana","2018-19","95.4",56203,100,"*",NA,"Census"
"2950","Varicella","2 Doses (or disease history)","States","Maryland","2018-19","97.1",71431,100,"‡",NA,"Census"
"2951","Varicella","2 Doses (or disease history)","States","Massachusetts","2018-19","96.5",65279,100,"*.‡",NA,"Census"
"2952","Varicella","2 Doses (or disease history)","States","Michigan","2018-19","94.3",118632,100,"*",NA,"Census"
"2953","Varicella","2 Doses (or disease history)","States","Minnesota","2018-19","92.0",70085,98.1,"§",NA,"Census"
"2954","Varicella","2 Doses (or disease history)","States","Mississippi","2018-19","99.2",37775,100,"≥.*",NA,"Census"
"2955","Varicella","2 Doses (or disease history)","States","Missouri","2018-19","94.5",72687,100,"*",NA,"Census"
"2956","Varicella","2 Doses (or disease history)","States","Montana","2018-19","92.9",12480,100,"*",NA,"Census"
"2957","Varicella","2 Doses (or disease history)","States","Nebraska","2018-19","96.3",26925,98.6,"‡.‡‡",NA,"Census"
"2958","Varicella","2 Doses (or disease history)","States","Nevada","2018-19","94.7",37971,4.8,"",NA,"Stratified 2-stage cluster sample"
"2959","Varicella","2 Doses (or disease history)","States","New Hampshire","2018-19","91.8",12421,100,"≥",NA,"Census"
"2960","Varicella","2 Doses (or disease history)","States","New Mexico","2018-19","95.7",25269,99.6,"",NA,"Census"
"2961","Varicella","2 Doses (or disease history)","States","New York","2018-19","96.7",220495,100,"*",NA,"Census"
"2962","Varicella","2 Doses (or disease history)","States","North Carolina","2018-19","93.1",124343,90.9,"‡.§",NA,"Census (public). voluntary response (private)"
"2963","Varicella","2 Doses (or disease history)","States","North Dakota","2018-19","93.8",10382,99.4,"",NA,"Census"
"2964","Varicella","2 Doses (or disease history)","States","Ohio","2018-19","91.2",139679,94.9,"",NA,"Census (public). voluntary response (private)"
"2965","Varicella","2 Doses (or disease history)","States","Pennsylvania","2018-19","95.8",143560,93.3,"",NA,"Census (public). voluntary response (private)"
"2966","Varicella","2 Doses (or disease history)","States","Rhode Island","2018-19","97.0",10964,100,"*.‡.§",NA,"Census"
"2967","Varicella","2 Doses (or disease history)","States","South Carolina","2018-19","93.5",58442,27,"",NA,"Stratified 1-stage cluster sample"
"2968","Varicella","2 Doses (or disease history)","States","South Dakota","2018-19","95.5",12062,99.9,"",NA,"Census"
"2969","Varicella","2 Doses (or disease history)","States","Tennessee","2018-19","96.2",78630,100,"*.§",NA,"Census"
"2970","Varicella","2 Doses (or disease history)","States","Texas","2018-19","96.5",390034,99.4,"‡.§",NA,"Census"
"2971","Varicella","2 Doses (or disease history)","States","Utah","2018-19","92.5",50179,100,"*",NA,"Census"
"2972","Varicella","2 Doses (or disease history)","States","Vermont","2018-19","92.3",6126,100,"*",NA,"Census"
"2973","Varicella","2 Doses (or disease history)","States","Virginia","2018-19","93.6",100394,4.4,"†",NA,"Stratified 2-stage cluster sample"
"2974","Varicella","2 Doses (or disease history)","States","Washington","2018-19","89.7",87510,96.9,"§",NA,"Census"
"2975","Varicella","2 Doses (or disease history)","States","West Virginia","2018-19","98.5",19442,79.3,"¶",NA,"Voluntary response"
"2976","Varicella","2 Doses (or disease history)","States","Wisconsin","2018-19","91.6",66344,2.3,"†.‡.§",NA,"Stratified 2-stage cluster sample"
"2977","Varicella","2 Doses (or disease history)","States","Wyoming","2018-19","94.7",7734,100,"*",NA,"Census"
"2978","Varicella","2 Doses (or disease history)","States","Alabama","2019-20","NReq",59477,94.9,"≥",NA,"Census"
"2979","Varicella","2 Doses (or disease history)","States","Alaska","2019-20","NR",10381,82.7,"§",NA,"Voluntary response"
"2980","Varicella","2 Doses (or disease history)","States","Arizona","2019-20","NReq",83976,98.7,"",NA,"Census (public). voluntary response (private)"
"2981","Varicella","2 Doses (or disease history)","States","Arkansas","2019-20","93.9",39510,96.2,"‡",NA,"Census (public). voluntary response (private)"
"2982","Varicella","2 Doses (or disease history)","States","California","2019-20","96.1",566155,97.9,"‡",NA,"Census"
"2983","Varicella","2 Doses (or disease history)","States","Colorado","2019-20","90.1",69088,98.2,"",NA,"Census"
"2984","Varicella","2 Doses (or disease history)","States","Connecticut","2019-20","95.9",38888,100,"*",NA,"Census"
"2985","Varicella","2 Doses (or disease history)","States","Delaware","2019-20",NA,NA,NA,"",NA,"Not Conducted"
"2986","Varicella","2 Doses (or disease history)","States","District of Columbia","2019-20",NA,NA,NA,"",NA,"Not Conducted"
"2987","Varicella","2 Doses (or disease history)","States","Florida","2019-20","93.5",228298,100,"≥.*.§",NA,"Census"
"2988","Varicella","2 Doses (or disease history)","States","Georgia","2019-20","93.1",130102,100,"≥.*",NA,"Census"
"2989","Varicella","2 Doses (or disease history)","States","Hawaii","2019-20","70.2",15695,8.9,"",NA,"Stratified 2-stage cluster sample"
"2990","Varicella","2 Doses (or disease history)","States","Idaho","2019-20","88.5",23301,98.5,"",NA,"Census"
"2991","Varicella","2 Doses (or disease history)","States","Illinois","2019-20","96.4",145891,100,"*",NA,"Census"
"2992","Varicella","2 Doses (or disease history)","States","Indiana","2019-20","94.0",88253,65.7,"",NA,"Voluntary response"
"2993","Varicella","2 Doses (or disease history)","States","Iowa","2019-20","93.2",40812,100,"≥.*",NA,"Census"
"2994","Varicella","2 Doses (or disease history)","States","Kansas","2019-20","89.1",37865,34.3,"†.‡.§",NA,"Stratified 2-stage cluster sample"
"2995","Varicella","2 Doses (or disease history)","States","Kentucky","2019-20","92.5",59233,92.9,"‡.§",NA,"Census"
"2996","Varicella","2 Doses (or disease history)","States","Louisiana","2019-20","95.0",59685,100,"*",NA,"Census"
"2997","Varicella","2 Doses (or disease history)","States","Maine","2019-20","NReq",13450,99.6,"",NA,"Census "
"2998","Varicella","2 Doses (or disease history)","States","Maryland","2019-20","97.5",72443,98.3,"‡",NA,"Census (public). voluntary response (private)"
"2999","Varicella","2 Doses (or disease history)","States","Massachusetts","2019-20","97.0",66756,100,"*.‡",NA,"Census"
"3000","Varicella","2 Doses (or disease history)","States","Michigan","2019-20","94.4",120565,100,"*",NA,"Census"
"3001","Varicella","2 Doses (or disease history)","States","Minnesota","2019-20","92.0",71223,98.7,"§",NA,"Census"
"3002","Varicella","2 Doses (or disease history)","States","Mississippi","2019-20","99.1",37870,100,"≥.*",NA,"Census"
"3003","Varicella","2 Doses (or disease history)","States","Missouri","2019-20","94.2",72324,100,"*",NA,"Census"
"3004","Varicella","2 Doses (or disease history)","States","Montana","2019-20","93.2",12501,100,"*",NA,"Census"
"3005","Varicella","2 Doses (or disease history)","States","Nebraska","2019-20","95.6",26893,96.7,"‡.‡‡",NA,"Census"
"3006","Varicella","2 Doses (or disease history)","States","Nevada","2019-20","94.6",37724,99.9,"",NA,"Census"
"3007","Varicella","2 Doses (or disease history)","States","New Hampshire","2019-20","91.5",12447,100,"≥.*",NA,"Census"
"3008","Varicella","2 Doses (or disease history)","States","New Jersey","2019-20","NReq",107900,100,"≥.*",NA,"Census"
"3009","Varicella","2 Doses (or disease history)","States","New Mexico","2019-20","96.7",23087,100,"*",NA,"Census"
"3010","Varicella","2 Doses (or disease history)","States","New York","2019-20","98.1",234165,99.9,"",NA,"Census"
"3011","Varicella","2 Doses (or disease history)","States","North Carolina","2019-20","95.3",124548,97.8,"‡.§",NA,"Census"
"3012","Varicella","2 Doses (or disease history)","States","North Dakota","2019-20","94.8",10587,99.5,"",NA,"Census"
"3013","Varicella","2 Doses (or disease history)","States","Ohio","2019-20","91.9",139103,98.8,"",NA,"Census"
"3014","Varicella","2 Doses (or disease history)","States","Oklahoma","2019-20","NReq",55348,85.6,"§",NA,"Voluntary response"
"3015","Varicella","2 Doses (or disease history)","States","Oregon","2019-20","NReq",45959,100,"*.‡",NA,"Census"
"3016","Varicella","2 Doses (or disease history)","States","Pennsylvania","2019-20","96.3",140197,98.8,"",NA,"Census"
"3017","Varicella","2 Doses (or disease history)","States","Rhode Island","2019-20","97.0",11219,98.5,"*.‡.§",NA,"Census"
"3018","Varicella","2 Doses (or disease history)","States","South Carolina","2019-20","94.5",65938,27.5,"†",NA,"Stratified 1-stage cluster sample"
"3019","Varicella","2 Doses (or disease history)","States","South Dakota","2019-20","95.2",12367,99.8,"",NA,"Census"
"3020","Varicella","2 Doses (or disease history)","States","Tennessee","2019-20","96.5",80595,100,"*.§",NA,"Census"
"3021","Varicella","2 Doses (or disease history)","States","Texas","2019-20","96.4",398680,99.6,"‡.§",NA,"Census"
"3022","Varicella","2 Doses (or disease history)","States","Utah","2019-20","92.4",49208,100,"*",NA,"Census"
"3023","Varicella","2 Doses (or disease history)","States","Vermont","2019-20","93.9",6293,100,"*",NA,"Census"
"3024","Varicella","2 Doses (or disease history)","States","Virginia","2019-20","93.3",99399,1.2,"†",NA,"Stratified 2-stage cluster sample"
"3025","Varicella","2 Doses (or disease history)","States","Washington","2019-20","92.7",87757,91.9,"§",NA,"Census"
"3026","Varicella","2 Doses (or disease history)","States","West Virginia","2019-20","97.8",17114,49.6,"¶",NA,"Voluntary response"
"3027","Varicella","2 Doses (or disease history)","States","Wisconsin","2019-20","91.6",67391,2.6,"†.‡.§",NA,"Stratified 2-stage cluster sample"
"3028","Varicella","2 Doses (or disease history)","States","Wyoming","2019-20","85.6",7913,100,"*",NA,"Census"
"3029","Varicella","2 Doses (or disease history)","States","Alabama","2020-21","NReq",56974,100,">=.*",NA,"Census"
"3030","Varicella","2 Doses (or disease history)","States","Arizona","2020-21","NReq",76382,92.4,"",NA,"Census (public). voluntary response (private)"
"3031","Varicella","2 Doses (or disease history)","States","Arkansas","2020-21","92.8",37540,95.6,"‡",NA,"Census (public). voluntary response (private)"
"3032","Varicella","2 Doses (or disease history)","States","California","2020-21","94.8",498214,97.5,"‡",NA,"Census"
"3033","Varicella","2 Doses (or disease history)","States","Colorado","2020-21","89.4",63619,97.3,"",NA,"Census"
"3034","Varicella","2 Doses (or disease history)","States","Connecticut","2020-21","95.1",34396,100,"*",NA,"Census"
"3035","Varicella","2 Doses (or disease history)","States","Delaware","2020-21","95.3",10587,9.2,"",NA,"Stratified 2-stage cluster sample"
"3036","Varicella","2 Doses (or disease history)","States","District of Columbia","2020-21","78.0",8262,100,"*",NA,"Census"
"3037","Varicella","2 Doses (or disease history)","States","Florida","2020-21","93.3",207026,100,">=.*",NA,"Census"
"3038","Varicella","2 Doses (or disease history)","States","Georgia","2020-21","88.5",83191,100,">=.*",NA,"Census"
"3039","Varicella","2 Doses (or disease history)","States","Hawaii","2020-21","87.2",13074,9.3,"",NA,"Stratified 2-stage cluster sample"
"3040","Varicella","2 Doses (or disease history)","States","Idaho","2020-21","86.2",22677,98.3,"",NA,"Census"
"3041","Varicella","2 Doses (or disease history)","States","Illinois","2020-21","NR",NA,NA,"",NA,"Not Conducted"
"3042","Varicella","2 Doses (or disease history)","States","Indiana","2020-21","92.8",78694,71.4,"§",NA,"Voluntary response"
"3043","Varicella","2 Doses (or disease history)","States","Iowa","2020-21","93.4",39141,100,">=.*",NA,"Census"
"3044","Varicella","2 Doses (or disease history)","States","Kansas","2020-21","91.8",34687,32.7,"†.‡.§",NA,"Stratified 2-stage cluster sample"
"3045","Varicella","2 Doses (or disease history)","States","Kentucky","2020-21","88.3",59233,86.4,"‡.§",NA,"Census (public). voluntary response (private)"
"3046","Varicella","2 Doses (or disease history)","States","Louisiana","2020-21","93.2",61912,100,"*",NA,"Census"
"3047","Varicella","2 Doses (or disease history)","States","Maine","2020-21","NReq",13477,85,"",NA,"Voluntary response (public). census (private)"
"3048","Varicella","2 Doses (or disease history)","States","Maryland","2020-21","87.3",65764,75.6,"‡",NA,"Voluntary response"
"3049","Varicella","2 Doses (or disease history)","States","Massachusetts","2020-21","95.4",60724,100,"*.‡",NA,"Census"
"3050","Varicella","2 Doses (or disease history)","States","Michigan","2020-21","94.2",106657,100,"*",NA,"Census"
"3051","Varicella","2 Doses (or disease history)","States","Minnesota","2020-21","89.0",66007,95.2,"",NA,"Census"
"3052","Varicella","2 Doses (or disease history)","States","Mississippi","2020-21","98.9",34028,100,">=.*",NA,"Census"
"3053","Varicella","2 Doses (or disease history)","States","Missouri","2020-21","92.1",63093,100,"*",NA,"Census"
"3054","Varicella","2 Doses (or disease history)","States","Montana","2020-21","91.9",11279,100,"*",NA,"Census"
"3055","Varicella","2 Doses (or disease history)","States","Nebraska","2020-21","95.1",25681,94.8,"‡",NA,"Census (public). voluntary response (private)"
"3056","Varicella","2 Doses (or disease history)","States","Nevada","2020-21","95.8",34171,94.7,"",NA,"Census (public). voluntary response (private)"
"3057","Varicella","2 Doses (or disease history)","States","New Hampshire","2020-21","90.8",10242,57,">=. §",NA,"Voluntary response"
"3058","Varicella","2 Doses (or disease history)","States","New Jersey","2020-21","NReq",100144,100,">=.*",NA,"Census"
"3059","Varicella","2 Doses (or disease history)","States","New Mexico","2020-21","95.3",20589,100,"*",NA,"Census"
"3060","Varicella","2 Doses (or disease history)","States","New York","2020-21","98.1",216804,91.5,"",NA,"Census (public). voluntary response (private)"
"3061","Varicella","2 Doses (or disease history)","States","NY-City of New York","2020-21","97.1",91920,94.2,"",NA,"Census (public). voluntary response (private)"
"3062","Varicella","2 Doses (or disease history)","States","North Carolina","2020-21","95.1",120995,89,"‡.§",NA,"Census (public). voluntary response (private)"
"3063","Varicella","2 Doses (or disease history)","States","North Dakota","2020-21","93.2",10116,99.1,"",NA,"Census"
"3064","Varicella","2 Doses (or disease history)","States","Ohio","2020-21","88.7",128535,91.1,"",NA,"Census (public). voluntary response (private)"
"3065","Varicella","2 Doses (or disease history)","States","Oklahoma","2020-21","NReq",52656,90,"‡.§",NA,"Census (public). voluntary response (private)"
"3066","Varicella","2 Doses (or disease history)","States","Oregon","2020-21","NReq",39568,100,"*.‡",NA,"Census"
"3067","Varicella","2 Doses (or disease history)","States","Pennsylvania","2020-21","95.3",129307,95,"",NA,"Census (public). voluntary response (private)"
"3068","Varicella","2 Doses (or disease history)","States","Rhode Island","2020-21","96.7",10402,93,"‡.§",NA,"Census"
"3069","Varicella","2 Doses (or disease history)","States","South Carolina","2020-21","94.2",56330,26.5,"†",NA,"Stratified 1-stage cluster sample"
"3070","Varicella","2 Doses (or disease history)","States","South Dakota","2020-21","94.0",11512,99.9,"",NA,"Census"
"3071","Varicella","2 Doses (or disease history)","States","Tennessee","2020-21","96.4",73819,100,"*.§",NA,"Census"
"3072","Varicella","2 Doses (or disease history)","States","Texas","2020-21","95.0",377840,98.9,"‡.§",NA,"Census"
"3073","Varicella","2 Doses (or disease history)","States","TX-City of Houston","2020-21","83.1",39627,94.9,"‡.§",NA,"Census (public). voluntary response (private)"
"3074","Varicella","2 Doses (or disease history)","States","Utah","2020-21","91.2",46247,100,"*",NA,"Census"
"3075","Varicella","2 Doses (or disease history)","States","Vermont","2020-21","93.3",5535,100,"*",NA,"Census"
"3076","Varicella","2 Doses (or disease history)","States","Virginia","2020-21","94.1",88273,2,"†",NA,"Stratified 2-stage cluster sample"
"3077","Varicella","2 Doses (or disease history)","States","Washington","2020-21","93.2",74931,100,"§",NA,"Census"
"3078","Varicella","2 Doses (or disease history)","States","West Virginia","2020-21","NR",NA,NA,"",NA,"Not Conducted"
"3079","Varicella","2 Doses (or disease history)","States","Wisconsin","2020-21","87.2",63486,84.5,">=.†.‡.§",NA,"Voluntary response"
"3080","Varicella","2 Doses (or disease history)","States","Wyoming","2020-21","90.2",6923,100,">=.*",NA,"Census"
"3081","Varicella","2 Doses (or disease history)","States","Alabama","2021-22","NReq",60332,100,">=. *",NA,"Census"
"3082","Varicella","2 Doses (or disease history)","States","Alaska","2021-22","76.1",9790,76.2,"",NA,"Vol. response (pub.), not conducted (pvt.)"
"3083","Varicella","2 Doses (or disease history)","States","Arizona","2021-22","NReq",83463,97,"",NA,"Census"
"3084","Varicella","2 Doses (or disease history)","States","Arkansas","2021-22","91.9",39358,96.3,"",NA,"Census (pub.), vol. response (pvt.)"
"3085","Varicella","2 Doses (or disease history)","States","California","2021-22","96.0",512144,98.4,"‡",NA,"Census"
"3086","Varicella","2 Doses (or disease history)","States","Colorado","2021-22","87.6",66900,97.5,"",NA,"Census"
"3087","Varicella","2 Doses (or disease history)","States","Connecticut","2021-22","95.5",35451,100,"*",NA,"Census"
"3088","Varicella","2 Doses (or disease history)","States","Delaware","2021-22","95.7",11181,9.5,"‡",NA,"Stratified 2-stage cluster sample"
"3089","Varicella","2 Doses (or disease history)","States","District of Columbia","2021-22","81.0",8959,100,"*",NA,"Census"
"3090","Varicella","2 Doses (or disease history)","States","Florida","2021-22","91.7",229432,97.8,">=. §",NA,"Census"
"3091","Varicella","2 Doses (or disease history)","States","Georgia","2021-22","83.2",118742,100,">=. *",NA,"Census"
"3092","Varicella","2 Doses (or disease history)","States","Hawaii","2021-22","90.2",13368,6.7,"",NA,"Stratified 2-stage cluster sample"
"3093","Varicella","2 Doses (or disease history)","States","Idaho","2021-22","83.4",23854,99.6,"",NA,"Census"
"3094","Varicella","2 Doses (or disease history)","States","Illinois","2021-22","91.8",137699,100,"*",NA,"Census"
"3095","Varicella","2 Doses (or disease history)","States","Indiana","2021-22","91.7",83198,75.1,"§",NA,"Vol. response"
"3096","Varicella","2 Doses (or disease history)","States","Iowa","2021-22","90.6",40111,100,">=. *",NA,"Census"
"3097","Varicella","2 Doses (or disease history)","States","Kansas","2021-22","90.2",36526,29.5,"†. ‡. §",NA,"Stratified 1-stage cluster sample"
"3098","Varicella","2 Doses (or disease history)","States","Kentucky","2021-22","85.6",59233,91.5,">=. ‡. §",NA,"Census"
"3099","Varicella","2 Doses (or disease history)","States","Louisiana","2021-22","91.4",66518,100,"*",NA,"Census"
"3100","Varicella","2 Doses (or disease history)","States","Maine","2021-22","95.5",12881,91.6,"",NA,"Census"
"3101","Varicella","2 Doses (or disease history)","States","Maryland","2021-22","92.7",53866,98.4,"‡",NA,"Census"
"3102","Varicella","2 Doses (or disease history)","States","Massachusetts","2021-22","95.7",65582,100,"*. ‡",NA,"Census"
"3103","Varicella","2 Doses (or disease history)","States","Michigan","2021-22","93.6",114251,100,"*",NA,"Census"
"3104","Varicella","2 Doses (or disease history)","States","Minnesota","2021-22","88.7",69403,98.7,"",NA,"Census"
"3105","Varicella","2 Doses (or disease history)","States","Mississippi","2021-22","98.6",36524,100,">=. *",NA,"Census"
"3106","Varicella","2 Doses (or disease history)","States","Missouri","2021-22","91.2",71034,100,"*",NA,"Census"
"3107","Varicella","2 Doses (or disease history)","States","Nebraska","2021-22","95.5",25018,99.5,"‡",NA,"Census"
"3108","Varicella","2 Doses (or disease history)","States","Nevada","2021-22","92.1",36855,99.2,"",NA,"Census (pub.), vol. response (pvt.)"
"3109","Varicella","2 Doses (or disease history)","States","New Hampshire","2021-22","88.7",12157,100,">=. §. *",NA,"Census"
"3110","Varicella","2 Doses (or disease history)","States","New Jersey","2021-22","NReq",104240,100,">=. §. *",NA,"Census"
"3111","Varicella","2 Doses (or disease history)","States","New Mexico","2021-22","93.6",20736,100,"*",NA,"Census"
"3112","Varicella","2 Doses (or disease history)","States","New York","2021-22","97.4",195377,99.3,"",NA,"Census"
"3113","Varicella","2 Doses (or disease history)","States","NY-City of New York","2021-22","96.7",82938,99.8,"",NA,"Census"
"3114","Varicella","2 Doses (or disease history)","States","North Carolina","2021-22","95.9",118191,78.5,"§. ‡",NA,"Vol. response"
"3115","Varicella","2 Doses (or disease history)","States","North Dakota","2021-22","91.2",10755,96.6,"",NA,"Census"
"3116","Varicella","2 Doses (or disease history)","States","Ohio","2021-22","87.9",139077,91.9,"",NA,"Census (pub.), vol. response (pvt.)"
"3117","Varicella","2 Doses (or disease history)","States","Oklahoma","2021-22","NReq",54042,84.3,"‡",NA,"Vol. response"
"3118","Varicella","2 Doses (or disease history)","States","Oregon","2021-22","NReq",41538,100,"*. ‡",NA,"Census"
"3119","Varicella","2 Doses (or disease history)","States","Pennsylvania","2021-22","94.8",139558,94.9,"",NA,"Census (pub.), vol. response (pvt.)"
"3120","Varicella","2 Doses (or disease history)","States","Rhode Island","2021-22","97.0",11002,96.9,"‡. §",NA,"Census"
"3121","Varicella","2 Doses (or disease history)","States","South Carolina","2021-22","92.4",58276,27.2,"†",NA,"1-stage cluster sample"
"3122","Varicella","2 Doses (or disease history)","States","South Dakota","2021-22","91.9",12251,100,"*",NA,"Census"
"3123","Varicella","2 Doses (or disease history)","States","Tennessee","2021-22","95.4",79120,100,"§. *",NA,"Census"
"3124","Varicella","2 Doses (or disease history)","States","Texas","2021-22","93.5",389037,99.3,"‡. §",NA,"Census"
"3125","Varicella","2 Doses (or disease history)","States","TX-City of Houston","2021-22","87.8",40123,99.3,"‡. §",NA,"Census"
"3126","Varicella","2 Doses (or disease history)","States","Utah","2021-22","92.8",48995,100,"*",NA,"Census"
"3127","Varicella","2 Doses (or disease history)","States","Vermont","2021-22","92.6",6126,100,"*",NA,"Census"
"3128","Varicella","2 Doses (or disease history)","States","Virginia","2021-22","94.9",95996,2.8,"†",NA,"Stratified 2-stage cluster sample"
"3129","Varicella","2 Doses (or disease history)","States","Washington","2021-22","91.3",87256,97.3,"§",NA,"Census (pub.), vol. response (pvt.)"
"3130","Varicella","2 Doses (or disease history)","States","West Virginia","2021-22","98.0",18070,85.5,"‡. §",NA,"Vol. response"
"3131","Varicella","2 Doses (or disease history)","States","Wisconsin","2021-22","82.6",64275,96.8,">=. ‡",NA,"Census (pub.), vol. response (pvt.)"
"3132","Varicella","2 Doses (or disease history)","States","Wyoming","2021-22","93.6",7382,100,"*",NA,"Census"
"3133","Hepatitis B","","States","Alabama","2009-10","NReq",75358,100,"*. **",NA,"Census"
"3134","Hepatitis B","","States","Alaska","2009-10",NA,9641,76.4,"",NA,"Voluntary response"
"3135","Hepatitis B","","States","Arizona","2009-10","96.8",89287,93.9,"",NA,"Census"
"3136","Hepatitis B","","States","Arkansas","2009-10","98.5",34733,100,"*",NA,"Census"
"3137","Hepatitis B","","States","California","2009-10","96.1",507191,100,"*",NA,"Census"
"3138","Hepatitis B","","States","Colorado","2009-10",NA,NA,NA,"",NA,"Not conducted"
"3139","Hepatitis B","","States","Connecticut","2009-10","98.4",46158,100,"*",NA,"Census"
"3140","Hepatitis B","","States","Delaware","2009-10","88.9",11327,9.2,"",NA,"Random sample"
"3141","Hepatitis B","","States","District of Columbia","2009-10",NA,6092,100,"*",NA,"Census"
"3142","Hepatitis B","","States","Florida","2009-10","91.3",218630,100,"≥. * .§",NA,"Census"
"3143","Hepatitis B","","States","Georgia","2009-10","100.0",141949,1.2,"",NA,"Random sample"
"3144","Hepatitis B","","States","Hawaii","2009-10",NA,18427,6.4,"",NA,"Random sample"
"3145","Hepatitis B","","States","Idaho","2009-10","93.0",22624,100,"*",NA,"Census"
"3146","Hepatitis B","","States","Illinois","2009-10","NReq",165845,100,"",NA,"Census"
"3147","Hepatitis B","","States","Indiana","2009-10","95.2",84390,94.7,"",NA,"Census"
"3148","Hepatitis B","","States","Iowa","2009-10","84.5",42698,100,"≥",NA,"Census"
"3149","Hepatitis B","","States","Kansas","2009-10","97.0",39073,39.1,"†",NA,"Stratified 1-stage sample  (Public);  Census (Private)"
"3150","Hepatitis B","","States","Kentucky","2009-10","93.0",56526,92.9,"",NA,"Census"
"3151","Hepatitis B","","States","Louisiana","2009-10","98.0",53846,100,"*",NA,"Census"
"3152","Hepatitis B","","States","Maine","2009-10","NReq",14162,75.3,"",NA,"Voluntary response"
"3153","Hepatitis B","","States","Maryland","2009-10","99.7",75061,75,"",NA,"Voluntary response"
"3154","Hepatitis B","","States","Massachusetts","2009-10","97.7",74476,100,"*",NA,"Census"
"3155","Hepatitis B","","States","Michigan","2009-10","97.3",129810,100,"*",NA,"Census"
"3156","Hepatitis B","","States","Minnesota","2009-10","96.4",70653,100,"*",NA,"Census"
"3157","Hepatitis B","","States","Mississippi","2009-10","99.7",46922,100,"≥. *",NA,"Census"
"3158","Hepatitis B","","States","Missouri","2009-10","97.4",75958,3,"",NA,"Random sample"
"3159","Hepatitis B","","States","Montana","2009-10","NReq",12335,98.8,"",NA,"Census"
"3160","Hepatitis B","","States","Nebraska","2009-10","97.5",29607,96.4,"",NA,"Census"
"3161","Hepatitis B","","States","Nevada","2009-10","98.0",35209,5.6,"",NA,"Random sample"
"3162","Hepatitis B","","States","New Hampshire","2009-10",NA,NA,NA,"",NA,"Not conducted"
"3163","Hepatitis B","","States","New Jersey","2009-10",NA,118347,95.1,"",NA,"Census"
"3164","Hepatitis B","","States","New Mexico","2009-10","99.1",26318,2.2,"",NA,"Random sample"
"3165","Hepatitis B","","States","New York","2009-10","98.3",229273,100,"*",NA,"Census"
"3166","Hepatitis B","","States","North Carolina","2009-10",NA,116087,96,"",NA,"Census"
"3167","Hepatitis B","","States","North Dakota","2009-10","92.6",8323,6,"¶",NA,"Random sample"
"3168","Hepatitis B","","States","Ohio","2009-10","90.5",131137,100,"*",NA,"Census"
"3169","Hepatitis B","","States","Oklahoma","2009-10","99.5",51128,88.9,"",NA,"Voluntary response"
"3170","Hepatitis B","","States","Oregon","2009-10","95.0",44676,100,"*",NA,"Census"
"3171","Hepatitis B","","States","Pennsylvania","2009-10","93.5",149656,100,"*",NA,"Census"
"3172","Hepatitis B","","States","Rhode Island","2009-10","92.8",11818,11.6,"",NA,"Random sample"
"3173","Hepatitis B","","States","South Carolina","2009-10","87.6",53725,10.2,"",NA,"Random sample"
"3174","Hepatitis B","","States","South Dakota","2009-10","NReq",11499,100,"*",NA,"Census"
"3175","Hepatitis B","","States","Tennessee","2009-10","97.4",90811,88.1,"≥",NA,"Voluntary response"
"3176","Hepatitis B","","States","Texas","2009-10","98.6",381425,98.3,"",NA,"Census"
"3177","Hepatitis B","","States","Utah","2009-10","98.6",49957,100,"*",NA,"Census"
"3178","Hepatitis B","","States","Vermont","2009-10","94.8",6713,100,"*",NA,"Census"
"3179","Hepatitis B","","States","Virginia","2009-10","97.6",100891,4.4,"",NA,"Random sample"
"3180","Hepatitis B","","States","Washington","2009-10","92.8",81511,93.3,"",NA,"Census"
"3181","Hepatitis B","","States","West Virginia","2009-10","92.0",22730,86.7,"",NA,"Voluntary response"
"3182","Hepatitis B","","States","Wisconsin","2009-10","97.4",61095,2.3,"¶",NA,"Random sample"
"3183","Hepatitis B","","States","Wyoming","2009-10",NA,NA,NA,"",NA,"Not conducted"
"3184","Hepatitis B","","States","Alabama","2010-11",NA,NA,NA,"",NA,NA
"3185","Hepatitis B","","States","Alaska","2010-11",NA,NA,NA,"",NA,NA
"3186","Hepatitis B","","States","Arizona","2010-11",NA,NA,NA,"",NA,NA
"3187","Hepatitis B","","States","Arkansas","2010-11",NA,NA,NA,"",NA,NA
"3188","Hepatitis B","","States","California","2010-11",NA,NA,NA,"",NA,NA
"3189","Hepatitis B","","States","Colorado","2010-11",NA,NA,NA,"",NA,NA
"3190","Hepatitis B","","States","Connecticut","2010-11",NA,NA,NA,"",NA,NA
"3191","Hepatitis B","","States","Delaware","2010-11",NA,NA,NA,"",NA,NA
"3192","Hepatitis B","","States","District of Columbia","2010-11",NA,NA,NA,"",NA,NA
"3193","Hepatitis B","","States","Florida","2010-11",NA,NA,NA,"",NA,NA
"3194","Hepatitis B","","States","Georgia","2010-11",NA,NA,NA,"",NA,NA
"3195","Hepatitis B","","States","Hawaii","2010-11",NA,NA,NA,"",NA,NA
"3196","Varicella","2 Doses (or disease history)","National","United States","2020-21","93.5",3158469,90.6,"",NA,""
"3197","Varicella","2 Doses (or disease history)","National","U.S. Median","2020-21","93.3",3158469,90.6,"",NA,""
"3198","Varicella","2 Doses (or disease history)","National","United States","2021-22","92.7",3835130,92.2,"",NA,""
"3199","Varicella","2 Doses (or disease history)","National","U.S. Median","2021-22","92.1",3835130,92.2,"",NA,""
"3200","Hepatitis B","","National","United States","2009-10","96.1",NA,NA,"",NA,"NaN"
"3201","Hepatitis B","","National","U.S. Median","2009-10","97.2",NA,NA,"",NA,"NaN"
"3202","Hepatitis B","","National","United States","2010-11",NA,NA,NA,"",NA,"NaN"
"3203","Hepatitis B","","National","U.S. Median","2010-11",NA,NA,NA,"",NA,"NaN"
"3204","Hepatitis B","","States","Idaho","2010-11",NA,NA,NA,"",NA,NA
"3205","Hepatitis B","","States","Illinois","2010-11",NA,NA,NA,"",NA,NA
"3206","Hepatitis B","","States","Indiana","2010-11",NA,NA,NA,"",NA,NA
"3207","Hepatitis B","","States","Iowa","2010-11",NA,NA,NA,"",NA,NA
"3208","Hepatitis B","","States","Kansas","2010-11",NA,NA,NA,"",NA,NA
"3209","Hepatitis B","","States","Kentucky","2010-11",NA,NA,NA,"",NA,NA
"3210","Hepatitis B","","States","Louisiana","2010-11",NA,NA,NA,"",NA,NA
"3211","Hepatitis B","","States","Maine","2010-11",NA,NA,NA,"",NA,NA
"3212","Hepatitis B","","States","Maryland","2010-11",NA,NA,NA,"",NA,NA
"3213","Hepatitis B","","States","Massachusetts","2010-11",NA,NA,NA,"",NA,NA
"3214","Hepatitis B","","States","Michigan","2010-11",NA,NA,NA,"",NA,NA
"3215","Hepatitis B","","States","Minnesota","2010-11",NA,NA,NA,"",NA,NA
"3216","Hepatitis B","","States","Mississippi","2010-11",NA,NA,NA,"",NA,NA
"3217","Hepatitis B","","States","Missouri","2010-11",NA,NA,NA,"",NA,NA
"3218","Hepatitis B","","States","Montana","2010-11",NA,NA,NA,"",NA,NA
"3219","Hepatitis B","","States","Nebraska","2010-11",NA,NA,NA,"",NA,NA
"3220","Hepatitis B","","States","Nevada","2010-11",NA,NA,NA,"",NA,NA
"3221","Hepatitis B","","States","New Hampshire","2010-11",NA,NA,NA,"",NA,NA
"3222","Hepatitis B","","States","New Jersey","2010-11",NA,NA,NA,"",NA,NA
"3223","Hepatitis B","","States","New Mexico","2010-11",NA,NA,NA,"",NA,NA
"3224","Hepatitis B","","States","New York","2010-11",NA,NA,NA,"",NA,NA
"3225","Hepatitis B","","States","North Carolina","2010-11",NA,NA,NA,"",NA,NA
"3226","Hepatitis B","","States","North Dakota","2010-11",NA,NA,NA,"",NA,NA
"3227","Hepatitis B","","States","Ohio","2010-11",NA,NA,NA,"",NA,NA
"3228","Hepatitis B","","States","Oklahoma","2010-11",NA,NA,NA,"",NA,NA
"3229","Hepatitis B","","States","Oregon","2010-11",NA,NA,NA,"",NA,NA
"3230","Hepatitis B","","States","Pennsylvania","2010-11",NA,NA,NA,"",NA,NA
"3231","Hepatitis B","","States","Rhode Island","2010-11",NA,NA,NA,"",NA,NA
"3232","Hepatitis B","","States","South Carolina","2010-11",NA,NA,NA,"",NA,NA
"3233","Hepatitis B","","States","South Dakota","2010-11",NA,NA,NA,"",NA,NA
"3234","Hepatitis B","","States","Tennessee","2010-11",NA,NA,NA,"",NA,NA
"3235","Hepatitis B","","States","Texas","2010-11",NA,NA,NA,"",NA,NA
"3236","Hepatitis B","","States","Utah","2010-11",NA,NA,NA,"",NA,NA
"3237","Hepatitis B","","States","Vermont","2010-11",NA,NA,NA,"",NA,NA
"3238","Hepatitis B","","States","Virginia","2010-11",NA,NA,NA,"",NA,NA
"3239","Hepatitis B","","States","Washington","2010-11",NA,NA,NA,"",NA,NA
"3240","Hepatitis B","","States","West Virginia","2010-11",NA,NA,NA,"",NA,NA
"3241","Hepatitis B","","States","Wisconsin","2010-11",NA,NA,NA,"",NA,NA
"3242","Hepatitis B","","States","Wyoming","2010-11",NA,NA,NA,"",NA,NA
"3243","Hepatitis B","","States","Alabama","2011-12","NReq",73190,100,"* .**",NA,"Census"
"3244","Hepatitis B","","States","Alaska","2011-12",NA,10286,7.3,"",NA,"Non-random Cluster Sample"
"3245","Hepatitis B","","States","Arizona","2011-12","96.3",88293,96.9,"",NA,"Census"
"3246","Hepatitis B","","States","Arkansas","2011-12","98.1",38754,92.2,"",NA,"Census"
"3247","Hepatitis B","","States","California","2011-12","95.7",542544,97.6,"",NA,"Census"
"3248","Hepatitis B","","States","Colorado","2011-12","93.1",70142,0.5,"",NA,"Simple Random Sample"
"3249","Hepatitis B","","States","Connecticut","2011-12","98.0",45695,100,"*",NA,"Census"
"3250","Hepatitis B","","States","Delaware","2011-12","96.9",11327,7.4,"≥",NA,"2-stage Cluster Sample"
"3251","Hepatitis B","","States","District of Columbia","2011-12",NA,6854,100,"*",NA,"Census"
"3252","Hepatitis B","","States","Florida","2011-12","92.6",225532,100,"≥. * .§ ",NA,"Census"
"3253","Hepatitis B","","States","Georgia","2011-12","96.7",143065,1.9,"",NA,"2-stage Cluster Sample"
"3254","Hepatitis B","","States","Hawaii","2011-12",NA,19443,7.7,"",NA,"2-stage Cluster Sample"
"3255","Hepatitis B","","States","Idaho","2011-12","92.3",22762,100,"*",NA,"Census"
"3256","Hepatitis B","","States","Illinois","2011-12","NReq",163311,100,"*",NA,"Census"
"3257","Hepatitis B","","States","Indiana","2011-12","93.2",83416,67.5,"",NA,"Voluntary Response"
"3258","Hepatitis B","","States","Iowa","2011-12","91.1",40978,100,"≥. *",NA,"Census"
"3259","Hepatitis B","","States","Kansas","2011-12","95.8",38402,52.7,"†",NA,"Stratified 1-stage sample  (Public);  Census (Private)"
"3260","Hepatitis B","","States","Kentucky","2011-12","93.3",58185,91.8,"",NA,"Census"
"3261","Hepatitis B","","States","Louisiana","2011-12","99.3",69013,100,"*",NA,"Census"
"3262","Hepatitis B","","States","Maine","2011-12","NReq",13829,97,"",NA,"Census"
"3263","Hepatitis B","","States","Maryland","2011-12","99.6",72957,67.2,"",NA,"Voluntary Response"
"3264","Hepatitis B","","States","Massachusetts","2011-12","97.8",79551,97.5,"",NA,"Census"
"3265","Hepatitis B","","States","Michigan","2011-12","96.8",124962,100,"*",NA,"Census"
"3266","Hepatitis B","","States","Minnesota","2011-12","97.5",71213,99.2,"",NA,"Census"
"3267","Hepatitis B","","States","Mississippi","2011-12","99.2",44912,100,"≥. *",NA,"Census"
"3268","Hepatitis B","","States","Missouri","2011-12","96.0",75240,4.7,"",NA,"2-stage Cluster Sample"
"3269","Hepatitis B","","States","Montana","2011-12","NReq",12128,100,"*",NA,"Census"
"3270","Hepatitis B","","States","Nebraska","2011-12","99.3",26715,96.6,"",NA,"Census"
"3271","Hepatitis B","","States","Nevada","2011-12","97.8",36557,5.2,"",NA,"2-stage Cluster Sample"
"3272","Hepatitis B","","States","New Hampshire","2011-12",NA,13022,100,"*",NA,"Census"
"3273","Hepatitis B","","States","New Jersey","2011-12",NA,118669,96.6,"",NA,"Census"
"3274","Hepatitis B","","States","New Mexico","2011-12","97.3",29159,2,"",NA,"2-stage Cluster Sample"
"3275","Hepatitis B","","States","New York","2011-12","98.2",236016,100,"*",NA,"Census"
"3276","Hepatitis B","","States","North Carolina","2011-12",NA,128854,95.4,"",NA,"Census"
"3277","Hepatitis B","","States","North Dakota","2011-12","91.4",8412,5.8,"¶",NA,"Convenient "
"3278","Hepatitis B","","States","Ohio","2011-12","99.0",146144,94.5,"",NA,"Convenient "
"3279","Hepatitis B","","States","Oklahoma","2011-12","97.7",52987,90.9,"¶",NA,"Census"
"3280","Hepatitis B","","States","Oregon","2011-12","94.6",45855,100,"*",NA,"Census"
"3281","Hepatitis B","","States","Pennsylvania","2011-12","94.4",148042,99,"",NA,"Census"
"3282","Hepatitis B","","States","Rhode Island","2011-12","93.1",12552,13.9,"",NA,"2-stage Cluster Sample"
"3283","Hepatitis B","","States","South Carolina","2011-12","96.6",59307,10.7,"",NA,"1-stage Cluster Sample"
"3284","Hepatitis B","","States","South Dakota","2011-12","95.4",12127,100,"*.††",NA,"Census"
"3285","Hepatitis B","","States","Tennessee","2011-12","97.3",83950,99.9,"≥",NA,"Census"
"3286","Hepatitis B","","States","Texas","2011-12","99.7",388178,100,"*",NA,"Census"
"3287","Hepatitis B","","States","Utah","2011-12","99.1",53800,100,"*",NA,"Census"
"3288","Hepatitis B","","States","Vermont","2011-12","95.6",6548,100,"*",NA,"Census"
"3289","Hepatitis B","","States","Virginia","2011-12","92.7",101121,4.3,"",NA,"2-stage Cluster Sample"
"3290","Hepatitis B","","States","Washington","2011-12","93.0",85134,89.1,"",NA,"Voluntary Response"
"3291","Hepatitis B","","States","West Virginia","2011-12","93.3",22449,94.9,"",NA,"Convenient "
"3292","Hepatitis B","","States","Wisconsin","2011-12","96.2",70672,2.3,"",NA,"2-stage Cluster Sample"
"3293","Hepatitis B","","States","Wyoming","2011-12",NA,NA,NA,"",NA,"Not conducted"
"3294","Hepatitis B","","States","Alabama","2012-13","NReq",72929,100,"* . ‡. **",NA,"Census"
"3295","Hepatitis B","","States","Alaska","2012-13",NA,10319,97.8,"",NA,"Census"
"3296","Hepatitis B","","States","Arizona","2012-13","95.9",90054,97.6,"",NA,"Census"
"3297","Hepatitis B","","States","Arkansas","2012-13","87.4",43212,96.3,"‡",NA,"Census"
"3298","Hepatitis B","","States","California","2012-13","95.2",535523,99,"‡",NA,"Census"
"3299","Hepatitis B","","States","Colorado","2012-13","94.3",70657,0.5,"",NA,"Simple Random Sample"
"3300","Hepatitis B","","States","Connecticut","2012-13","97.4",41604,100,"*",NA,"Census"
"3301","Hepatitis B","","States","Delaware","2012-13","95.7",11997,7.8,"≥",NA,"2-stage Cluster Sample"
"3302","Hepatitis B","","States","District of Columbia","2012-13",NA,7842,100,"*",NA,"Census"
"3303","Hepatitis B","","States","Florida","2012-13","92.1",234628,100,"≥. *. §",NA,"Census"
"3304","Hepatitis B","","States","Georgia","2012-13","95.1",142732,2.4,"≥",NA,"2-stage Cluster Sample"
"3305","Hepatitis B","","States","Hawaii","2012-13",NA,20104,6.7,"",NA,"2-stage Cluster Sample"
"3306","Hepatitis B","","States","Idaho","2012-13","91.7",23888,100,"*",NA,"Census"
"3307","Hepatitis B","","States","Illinois","2012-13","NReq",166884,100,"*",NA,"Census"
"3308","Hepatitis B","","States","Indiana","2012-13","95.6",86983,83.4,"",NA,"Voluntary Response"
"3309","Hepatitis B","","States","Iowa","2012-13","90.5",41701,99.9,"≥",NA,"Census"
"3310","Hepatitis B","","States","Kansas","2012-13","88.1",40738,31.8,"†. ‡",NA,"Stratified 1-stage sample  (Public);  Census (Private)"
"3311","Hepatitis B","","States","Kentucky","2012-13","93.7",58466,97.2,"‡",NA,"Census"
"3312","Hepatitis B","","States","Louisiana","2012-13","98.8",68874,100,"*",NA,"Census"
"3313","Hepatitis B","","States","Maine","2012-13","NReq",14313,94.6,"‡",NA,"Census"
"3314","Hepatitis B","","States","Maryland","2012-13","99.4",75007,84.3,"‡",NA,"Voluntary Response"
"3315","Hepatitis B","","States","Massachusetts","2012-13","97.8",79661,97.6,"‡",NA,"Census"
"3316","Hepatitis B","","States","Michigan","2012-13","96.3",124662,100,"*",NA,"Census"
"3317","Hepatitis B","","States","Minnesota","2012-13","96.8",73310,100,"*. ‡ ",NA,"Census"
"3318","Hepatitis B","","States","Mississippi","2012-13","99.9",46595,100,"≥. *",NA,"Census"
"3319","Hepatitis B","","States","Missouri","2012-13","96.2",78416,5.9,"",NA,"2-stage Cluster Sample"
"3320","Hepatitis B","","States","Montana","2012-13","NReq",12516,95.8,"",NA,"Census"
"3321","Hepatitis B","","States","Nebraska","2012-13","96.2",24999,96.6,"‡",NA,"Census"
"3322","Hepatitis B","","States","Nevada","2012-13","96.8",36070,4.3,"",NA,"2-stage Cluster Sample"
"3323","Hepatitis B","","States","New Hampshire","2012-13",NA,12943,99.2,"",NA,"Census"
"3324","Hepatitis B","","States","New Jersey","2012-13","97.0",122516,96.7,"≥. ‡",NA,"Census"
"3325","Hepatitis B","","States","New Mexico","2012-13","96.2",29279,3.3,"‡ ",NA,"2-stage Cluster Sample"
"3326","Hepatitis B","","States","New York","2012-13","98.2",239484,100,"*. ‡",NA,"Census"
"3327","Hepatitis B","","States","North Carolina","2012-13",NA,130612,97.3,"",NA,"Census"
"3328","Hepatitis B","","States","North Dakota","2012-13","96.6",9503,4.9,"",NA,"2-stage Cluster Sample"
"3329","Hepatitis B","","States","Ohio","2012-13","99.0",163687,86.9,"",NA,"Census"
"3330","Hepatitis B","","States","Oklahoma","2012-13","92.7",56943,95.5,"",NA,"Census"
"3331","Hepatitis B","","States","Oregon","2012-13","94.3",47102,100,"*. ‡",NA,"Census"
"3332","Hepatitis B","","States","Pennsylvania","2012-13","94.1",151364,97.5,"",NA,"Census"
"3333","Hepatitis B","","States","Rhode Island","2012-13","98.0",12552,75.2,"‡",NA,"Voluntary Response"
"3334","Hepatitis B","","States","South Carolina","2012-13","90.9",61799,17.9,"≥",NA,"1-Stage Cluster Sample"
"3335","Hepatitis B","","States","South Dakota","2012-13","93.9",12468,100,"*.††",NA,"Census"
"3336","Hepatitis B","","States","Tennessee","2012-13","94.5",85801,97,"≥",NA,"Census"
"3337","Hepatitis B","","States","Texas","2012-13","98.2",414688,96.6,"‡",NA,"Census"
"3338","Hepatitis B","","States","Utah","2012-13","99.1",54605,100,"*",NA,"Census"
"3339","Hepatitis B","","States","Vermont","2012-13","95.0",6792,100,"*",NA,"Census"
"3340","Hepatitis B","","States","Virginia","2012-13","91.7",104826,4.2,"",NA,"2-stage Cluster Sample"
"3341","Hepatitis B","","States","Washington","2012-13","93.4",87773,94.7,"",NA,"Census"
"3342","Hepatitis B","","States","West Virginia","2012-13","95.6",22588,86.5,"",NA,"Voluntary Response"
"3343","Hepatitis B","","States","Wisconsin","2012-13","97.3",72416,1.8,"‡",NA,"2-stage Cluster Sample"
"3344","Hepatitis B","","States","Wyoming","2012-13","97.8",8133,100,"* .¶",NA,"Census"
"3345","Hepatitis B","","States","Alabama","2013-14","NReq",76927,100,"*. **",NA,"Census"
"3346","Hepatitis B","","States","Alaska","2013-14","97.2",10222,9.3,"†",NA,"Stratified  2-stage cluster sample"
"3347","Hepatitis B","","States","Arizona","2013-14","95.9",89606,95.8,"",NA,"Census"
"3348","Hepatitis B","","States","Arkansas","2013-14","88.4",42649,96.3,"",NA,"Census"
"3349","Hepatitis B","","States","California","2013-14","94.8",548606,97.3,"‡",NA,"Census"
"3350","Hepatitis B","","States","Colorado","2013-14","79.4",69904,0.5,"",NA,"Random Sample"
"3351","Hepatitis B","","States","Connecticut","2013-14","98.9",40978,100,"*",NA,"Census"
"3352","Hepatitis B","","States","Delaware","2013-14","96.4",11997,12.2,"≥",NA,"Stratified  2-stage cluster sample"
"3353","Hepatitis B","","States","District of Columbia","2013-14",NA,7856,100,"*",NA,"Census"
"3354","Hepatitis B","","States","Florida","2013-14","93.2",233797,100,"≥. *. §",NA,"Census"
"3355","Hepatitis B","","States","Georgia","2013-14","94.0",143988,100,"≥. *",NA,"Census"
"3356","Hepatitis B","","States","Hawaii","2013-14",NA,20056,5.4,"",NA,"Stratified  2-stage cluster sample"
"3357","Hepatitis B","","States","Idaho","2013-14","91.2",23934,100,"*",NA,"Census"
"3358","Hepatitis B","","States","Illinois","2013-14","NReq",163316,100,"*",NA,"Census"
"3359","Hepatitis B","","States","Indiana","2013-14","97.1",87193,70.3,"",NA,"Voluntary response"
"3360","Hepatitis B","","States","Iowa","2013-14","91.0",43728,94.6,"≥",NA,"Census"
"3361","Hepatitis B","","States","Kansas","2013-14","95.3",41107,29,"†. ‡",NA,"Stratified 1-stage sample  (Public);  Census (Private)"
"3362","Hepatitis B","","States","Kentucky","2013-14","94.1",57857,100,"*",NA,"Census"
"3363","Hepatitis B","","States","Louisiana","2013-14","98.8",63976,100,"*",NA,"Census"
"3364","Hepatitis B","","States","Maine","2013-14","NReq",15441,82.4,"‡",NA,"Voluntary response"
"3365","Hepatitis B","","States","Maryland","2013-14","99.0",75659,96.9,"‡",NA,"Census"
"3366","Hepatitis B","","States","Massachusetts","2013-14","97.2",79894,97.9,"‡",NA,"Census"
"3367","Hepatitis B","","States","Michigan","2013-14","95.8",120297,100,"*",NA,"Census"
"3368","Hepatitis B","","States","Minnesota","2013-14","96.6",72087,98.5,"‡",NA,"Census"
"3369","Hepatitis B","","States","Mississippi","2013-14","99.7",45719,100,"≥. *",NA,"Census"
"3370","Hepatitis B","","States","Missouri","2013-14","96.5",78140,100,"*",NA,"Census"
"3371","Hepatitis B","","States","Montana","2013-14","NReq",12855,95.4,"",NA,"Census"
"3372","Hepatitis B","","States","Nebraska","2013-14","95.7",27000,97.3,"‡",NA,"Census"
"3373","Hepatitis B","","States","Nevada","2013-14","95.9",35782,3.1,"",NA,"Stratified  2-stage cluster sample"
"3374","Hepatitis B","","States","New Hampshire","2013-14","94.7",13240,100,"≥. *",NA,"Census"
"3375","Hepatitis B","","States","New Jersey","2013-14","96.8",123085,95.4,"≥. ‡",NA,"Census"
"3376","Hepatitis B","","States","New Mexico","2013-14","97.2",30725,2.7,"‡",NA,"Stratified  2-stage cluster sample"
"3377","Hepatitis B","","States","New York","2013-14","97.9",240318,100,"*. ‡",NA,"Census"
"3378","Hepatitis B","","States","North Carolina","2013-14",NA,126084,97.7,"",NA,"Census"
"3379","Hepatitis B","","States","North Dakota","2013-14","94.6",9780,96.1,"",NA,"Census (Public); Stratified  2-stage cluster sample(Private)"
"3380","Hepatitis B","","States","Ohio","2013-14","99.0",150000,92.5,"",NA,"Census"
"3381","Hepatitis B","","States","Oklahoma","2013-14","97.7",57377,71.3,"",NA,"Voluntary response"
"3382","Hepatitis B","","States","Oregon","2013-14","93.5",47649,100,"*. ‡",NA,"Census"
"3383","Hepatitis B","","States","Pennsylvania","2013-14","92.2",151253,100,"*. ‡",NA,"Census"
"3384","Hepatitis B","","States","Rhode Island","2013-14","98.1",11521,99.1,"‡",NA,"Census"
"3385","Hepatitis B","","States","South Carolina","2013-14","96.5",61661,11,"",NA,"1-stage stratified sample"
"3386","Hepatitis B","","States","South Dakota","2013-14","92.8",12566,100,"*.††",NA,"Census"
"3387","Hepatitis B","","States","Tennessee","2013-14","94.9",80212,99.8,"≥",NA,"Census"
"3388","Hepatitis B","","States","Texas","2013-14","98.1",409255,97.1,"‡",NA,"Census"
"3389","Hepatitis B","","States","Utah","2013-14","99.3",54779,100,"*",NA,"Census"
"3390","Hepatitis B","","States","Vermont","2013-14","93.8",6771,100,"*",NA,"Census"
"3391","Hepatitis B","","States","Virginia","2013-14","93.2",105692,4.1,"",NA,"2-stage cluster  sample"
"3392","Hepatitis B","","States","Washington","2013-14","91.8",89165,88.5,"",NA,"Voluntary response"
"3393","Hepatitis B","","States","West Virginia","2013-14","96.8",22814,84.7,"",NA,"Voluntary response"
"3394","Hepatitis B","","States","Wisconsin","2013-14","95.4",71363,2.8,"‡",NA,"Stratified  2-stage cluster sample"
"3395","Hepatitis B","","States","Wyoming","2013-14",NA,NA,NA,"",NA,"Not conducted"
"3396","Hepatitis B","","States","Alabama","2014-15","NReq",59660,100,"*",NA,"Census"
"3397","Hepatitis B","","States","Alaska","2014-15","94.5",10129,7.8,"†",NA,"Stratified 2-stage cluster sample"
"3398","Hepatitis B","","States","Arizona","2014-15","95.7",86153,98.3,"",NA,"Census"
"3399","Hepatitis B","","States","Arkansas","2014-15","90.2",41252,95.9,"‡",NA,"Census (public); Voluntary response (private)"
"3400","Hepatitis B","","States","California","2014-15","94.9",552583,96.9,"‡",NA,"Census"
"3401","Hepatitis B","","States","Colorado","2014-15","86.9",70597,0.5,"",NA,"Simple random sample"
"3402","Hepatitis B","","States","Connecticut","2014-15","97.0",39948,100,"*",NA,"Census"
"3403","Hepatitis B","","States","Delaware","2014-15","97.5",11476,7.9,"",NA,"Stratified 2-stage cluster sample"
"3404","Hepatitis B","","States","District of Columbia","2014-15","95.4",7840,100,"*",NA,"Census"
"3405","Hepatitis B","","States","Florida","2014-15","93.3",228982,100,"≥. *. §",NA,"Census"
"3406","Hepatitis B","","States","Georgia","2014-15","94.0",139471,100,"≥. *",NA,"Census"
"3407","Hepatitis B","","States","Hawaii","2014-15",NA,20085,5.6,"",NA,"Stratified 2-stage cluster sample"
"3408","Hepatitis B","","States","Idaho","2014-15","92.5",22968,100,"*",NA,"Census"
"3409","Hepatitis B","","States","Illinois","2014-15","NReq",156942,100,"*",NA,"Census"
"3410","Hepatitis B","","States","Indiana","2014-15","90.3",85477,70.1,"",NA,"Voluntary response"
"3411","Hepatitis B","","States","Iowa","2014-15","91.9",43239,96.3,"≥",NA,"Census"
"3412","Hepatitis B","","States","Kansas","2014-15","97.6",39685,24.5,"†.‡",NA,"Stratified 2-stage cluster sample"
"3413","Hepatitis B","","States","Kentucky","2014-15","94.1",57884,97.2,"‡",NA,"Census"
"3414","Hepatitis B","","States","Louisiana","2014-15","98.8",60377,100,"*",NA,"Census"
"3415","Hepatitis B","","States","Maine","2014-15","NReq",13704,88.9,"‡",NA,"Voluntary response (public); Census (private)"
"3416","Hepatitis B","","States","Maryland","2014-15","99.5",75391,90.2,"‡",NA,"Census (public); Voluntary response (private)"
"3417","Hepatitis B","","States","Massachusetts","2014-15","96.9",74869,100,"*. ‡",NA,"Census"
"3418","Hepatitis B","","States","Michigan","2014-15","95.8",117963,100,"*",NA,"Census"
"3419","Hepatitis B","","States","Minnesota","2014-15","95.4",70896,97.8,"",NA,"Census"
"3420","Hepatitis B","","States","Mississippi","2014-15","99.2",44129,100,"≥. *",NA,"Census"
"3421","Hepatitis B","","States","Missouri","2014-15","96.9",75900,100,"*",NA,"Census"
"3422","Hepatitis B","","States","Montana","2014-15","NReq",12501,95.7,"",NA,"Census (public); Voluntary response (private)"
"3423","Hepatitis B","","States","Nebraska","2014-15","96.9",26665,100,"*. ‡",NA,"Census"
"3424","Hepatitis B","","States","Nevada","2014-15","96.7",36755,2.8,"",NA,"Stratified 2-stage cluster sample"
"3425","Hepatitis B","","States","New Hampshire","2014-15","91.4",12422,98.9,"≥",NA,"Census (public); Voluntary response (private)"
"3426","Hepatitis B","","States","New Jersey","2014-15","92.3",120471,93.9,"≥. ‡",NA,"Census (public); Voluntary response (private)"
"3427","Hepatitis B","","States","New Mexico","2014-15","98.7",29918,3.3,"†",NA,"Stratified 2-stage cluster sample"
"3428","Hepatitis B","","States","New York","2014-15","97.3",237045,100,"*.‡",NA,"Census"
"3429","Hepatitis B","","States","North Carolina","2014-15","97.5",129792,95,"",NA,"Census (public). Voluntary response (private)"
"3430","Hepatitis B","","States","North Dakota","2014-15","92.8",10017,99.9,"",NA,"Census"
"3431","Hepatitis B","","States","Ohio","2014-15","95.2",149080,91,"",NA,"Census (public); Voluntary response (private)"
"3432","Hepatitis B","","States","Oklahoma","2014-15","92.5",56967,95.9,"‡",NA,"Census"
"3433","Hepatitis B","","States","Oregon","2014-15","93.9",46229,100,"*.‡",NA,"Census"
"3434","Hepatitis B","","States","Pennsylvania","2014-15","96.2",146378,98.3,"‡",NA,"Census"
"3435","Hepatitis B","","States","Rhode Island","2014-15","97.7",11163,98.9,"‡",NA,"Census"
"3436","Hepatitis B","","States","South Carolina","2014-15","97.7",62864,12.2,"",NA,"Stratified 1-stage cluster sample"
"3437","Hepatitis B","","States","South Dakota","2014-15","92.2",12008,100,"*.††",NA,"Census"
"3438","Hepatitis B","","States","Tennessee","2014-15","95.1",78276,100,"≥. *",NA,"Census"
"3439","Hepatitis B","","States","Texas","2014-15","98.0",406099,98.3,"‡",NA,"Census (public); Voluntary response (private)"
"3440","Hepatitis B","","States","Utah","2014-15","95.4",50916,100,"*",NA,"Census"
"3441","Hepatitis B","","States","Vermont","2014-15","94.4",6277,100,"*",NA,"Census"
"3442","Hepatitis B","","States","Virginia","2014-15","92.8",103821,4.1,"",NA,"Stratified 2-stage cluster sample"
"3443","Hepatitis B","","States","Washington","2014-15","91.9",88809,96.7,"",NA,"Census (public); Voluntary response (private)"
"3444","Hepatitis B","","States","West Virginia","2014-15","98.7",22016,81.3,"",NA,"Voluntary response"
"3445","Hepatitis B","","States","Wisconsin","2014-15","95.9",69335,2.5,"‡",NA,"Stratified 2-stage cluster sample"
"3446","Hepatitis B","","States","Wyoming","2014-15","97.3",7983,97.9,"¶",NA,"Census"
"3447","Hepatitis B","","States","Alabama","2015-16","NReq",60392,100,"≥.*",NA,"Census"
"3448","Hepatitis B","","States","Alaska","2015-16","95.2",9937,7.8,"†.§",NA,"Stratified 2-stage cluster sample"
"3449","Hepatitis B","","States","Arizona","2015-16","95.5",83088,100,"*",NA,"Census"
"3450","Hepatitis B","","States","Arkansas","2015-16","92.4",40258,95.6,"‡",NA,"Census (public); Voluntary response (private)"
"3451","Hepatitis B","","States","California","2015-16","95.8",593788,92.8,"‡",NA,"Census"
"3452","Hepatitis B","","States","Colorado","2015-16","90.3",69137,0.5,"",NA,"Simple random sample"
"3453","Hepatitis B","","States","Connecticut","2015-16","97.4",39533,100,"*",NA,"Census"
"3454","Hepatitis B","","States","Delaware","2015-16","99.0",11589,9.5,"",NA,"Stratified 2-stage cluster sample"
"3455","Hepatitis B","","States","District of Columbia","2015-16","92.5",8080,100,"*",NA,"Census"
"3456","Hepatitis B","","States","Florida","2015-16","93.7",224430,100,"≥.*.§",NA,"Census"
"3457","Hepatitis B","","States","Georgia","2015-16","94.6",131403,100,"≥.*",NA,"Census"
"3458","Hepatitis B","","States","Hawaii","2015-16","94.4",16325,6.7,"",NA,"Stratified 2-stage cluster sample"
"3459","Hepatitis B","","States","Idaho","2015-16","92.5",22686,100,"*",NA,"Census"
"3460","Hepatitis B","","States","Illinois","2015-16","NReq",151309,100,"*",NA,"Census"
"3461","Hepatitis B","","States","Indiana","2015-16","90.3",83525,69.5,"",NA,"Voluntary response"
"3462","Hepatitis B","","States","Iowa","2015-16","91.8",41215,100,"≥.*",NA,"Census"
"3463","Hepatitis B","","States","Kansas","2015-16","96.8",39555,21,"†.‡.§",NA,"Stratified 2-stage cluster sample"
"3464","Hepatitis B","","States","Kentucky","2015-16","93.5",54353,99.5,"‡.§",NA,"Census"
"3465","Hepatitis B","","States","Louisiana","2015-16","98.9",59159,100,"*",NA,"Census"
"3466","Hepatitis B","","States","Maine","2015-16","NReq",13526,90.5,"",NA,"Census"
"3467","Hepatitis B","","States","Maryland","2015-16","99.6",72012,94.3,"‡",NA,"Census (public); Voluntary response (private)"
"3468","Hepatitis B","","States","Massachusetts","2015-16","97.6",72897,100,"*.‡",NA,"Census"
"3469","Hepatitis B","","States","Michigan","2015-16","96.6",116299,100,"*",NA,"Census"
"3470","Hepatitis B","","States","Minnesota","2015-16","95.2",69710,97.8,"§",NA,"Census"
"3471","Hepatitis B","","States","Mississippi","2015-16","99.4",41042,100,"≥.*",NA,"Census"
"3472","Hepatitis B","","States","Missouri","2015-16","96.9",74413,100,"*.§",NA,"Census"
"3473","Hepatitis B","","States","Montana","2015-16","NReq",11484,100,"*",NA,"Census"
"3474","Hepatitis B","","States","Nebraska","2015-16","96.8",30409,100,"*.‡",NA,"Census"
"3475","Hepatitis B","","States","Nevada","2015-16","97.0",37118,3.3,"",NA,"Stratified 2-stage cluster sample"
"3476","Hepatitis B","","States","New Hampshire","2015-16","91.9",11852,99.8,"≥",NA,"Census"
"3477","Hepatitis B","","States","New Jersey","2015-16","96.3",110116,100,"≥.*",NA,"Census"
"3478","Hepatitis B","","States","New Mexico","2015-16","97.0",29049,2.7,"†",NA,"Stratified 2-stage cluster sample"
"3479","Hepatitis B","","States","New York","2015-16","97.0",232521,100,"*",NA,"Census"
"3480","Hepatitis B","","States","North Carolina","2015-16","97.8",128290,92,"‡.§",NA,"Census (public). Voluntary response (private)"
"3481","Hepatitis B","","States","North Dakota","2015-16","93.8",9875,97.1,"",NA,"Census"
"3482","Hepatitis B","","States","Ohio","2015-16","95.1",144604,93.7,"",NA,"Census (public); Voluntary response (private)"
"3483","Hepatitis B","","States","Oklahoma","2015-16","96.4",54335,96.1,"‡",NA,"Census"
"3484","Hepatitis B","","States","Oregon","2015-16","93.7",45531,100,"*.‡",NA,"Census"
"3485","Hepatitis B","","States","Pennsylvania","2015-16","97.2",143298,93.2,"",NA,"Census (public); Voluntary response (private)"
"3486","Hepatitis B","","States","Rhode Island","2015-16","98.1",11165,100,"*.‡.§",NA,"Census"
"3487","Hepatitis B","","States","South Carolina","2015-16","97.2",59240,8.9,"",NA,"Stratified 1-stage cluster sample"
"3488","Hepatitis B","","States","South Dakota","2015-16","94.3",12181,100,"*.††",NA,"Census"
"3489","Hepatitis B","","States","Tennessee","2015-16","94.1",79233,100,"*.§",NA,"Census"
"3490","Hepatitis B","","States","Texas","2015-16","98.1",394801,98.7,"‡.§",NA,"Census (public); Voluntary response (private)"
"3491","Hepatitis B","","States","Utah","2015-16","95.1",50114,100,"*",NA,"Census"
"3492","Hepatitis B","","States","Vermont","2015-16","94.3",6366,100,"*",NA,"Census"
"3493","Hepatitis B","","States","Virginia","2015-16","94.6",100074,4.3,"†.§",NA,"Stratified 2-stage cluster sample"
"3494","Hepatitis B","","States","Washington","2015-16","92.7",86492,97.3,"§",NA,"Census"
"3495","Hepatitis B","","States","West Virginia","2015-16","96.4",21333,87.6,"",NA,"Voluntary response"
"3496","Hepatitis B","","States","Wisconsin","2015-16","96.5",70220,2,"‡.§",NA,"Stratified 2-stage cluster sample"
"3497","Hepatitis B","","States","Wyoming","2015-16","97.3",7825,74,"§.¶",NA,"Voluntary response"
"3498","Hepatitis B","","States","Alabama","2016-17","NReq",58394,100,"≥.*",NA,"Census"
"3499","Hepatitis B","","States","Alaska","2016-17","91.7",9815,7.6,"†.§",NA,"Stratified 2-stage cluster sample"
"3500","Hepatitis B","","States","Arizona","2016-17","95.3",83627,100,"*",NA,"Census"
"3501","Hepatitis B","","States","Arkansas","2016-17","93.8",39666,75.9,"‡",NA,"Voluntary response"
"3502","Hepatitis B","","States","California","2016-17","97.8",575305,97.8,"‡",NA,"Census"
"3503","Hepatitis B","","States","Colorado","2016-17","91.4",64440,100,"*",NA,"Census"
"3504","Hepatitis B","","States","Connecticut","2016-17","97.1",39002,100,"*",NA,"Census"
"3505","Hepatitis B","","States","Delaware","2016-17","98.9",11490,9.3,"",NA,"Stratified 2-stage cluster sample"
"3506","Hepatitis B","","States","Florida","2016-17","94.1",224463,100,"≥.*.§",NA,"Census"
"3507","Hepatitis B","","States","Georgia","2016-17","93.3",136165,100,"≥.*",NA,"Census"
"3508","Hepatitis B","","States","Hawaii","2016-17","92.7",16325,6.7,"",NA,"Stratified 2-stage cluster sample"
"3509","Hepatitis B","","States","Idaho","2016-17","92.6",22589,100,"*",NA,"Census"
"3510","Hepatitis B","","States","Illinois","2016-17","NReq",151309,97.7,"",NA,"Census"
"3511","Hepatitis B","","States","Indiana","2016-17","90.2",83263,80.3,"",NA,"Voluntary response"
"3512","Hepatitis B","","States","Iowa","2016-17","92.6",39587,100,"≥.*",NA,"Census"
"3513","Hepatitis B","","States","Kansas","2016-17","96.7",38298,22.9,"†.‡.§",NA,"Stratified 2-stage cluster sample"
"3514","Hepatitis B","","States","Kentucky","2016-17","92.1",51487,92.9,"‡.§",NA,"Census"
"3515","Hepatitis B","","States","Louisiana","2016-17","98.7",55257,100,"*",NA,"Census"
"3516","Hepatitis B","","States","Maine","2016-17","NReq",13834,90.1,"",NA,"Voluntary response (public). census (private)"
"3517","Hepatitis B","","States","Maryland","2016-17","98.1",71467,98.1,"‡",NA,"Census"
"3518","Hepatitis B","","States","Massachusetts","2016-17","97.5",70109,100,"*.‡",NA,"Census"
"3519","Hepatitis B","","States","Michigan","2016-17","96.7",118777,100,"*",NA,"Census"
"3520","Hepatitis B","","States","Minnesota","2016-17","95.4",69140,96.7,"§",NA,"Census"
"3521","Hepatitis B","","States","Mississippi","2016-17","99.4",40509,100,"≥.*",NA,"Census"
"3522","Hepatitis B","","States","Missouri","2016-17","96.4",73355,100,"*",NA,"Census"
"3523","Hepatitis B","","States","Montana","2016-17","NReq",11956,100,"*",NA,"Census"
"3524","Hepatitis B","","States","Nebraska","2016-17","97.4",27117,100,"*.‡.‡‡",NA,"Census"
"3525","Hepatitis B","","States","Nevada","2016-17","95.7",36885,3.7,"",NA,"Stratified 2-stage cluster sample"
"3526","Hepatitis B","","States","New Hampshire","2016-17","91.5",12145,100,"≥.*",NA,"Census"
"3527","Hepatitis B","","States","New Jersey","2016-17","96.5",109577,100,"≥.*",NA,"Census"
"3528","Hepatitis B","","States","New Mexico","2016-17","95.4",27119,4.5,"",NA,"Stratified 2-stage cluster sample"
"3529","Hepatitis B","","States","New York","2016-17","98.0",227050,100,"*",NA,"Census"
"3530","Hepatitis B","","States","North Carolina","2016-17","96.6",126454,88.2,"‡.§",NA,"Voluntary response"
"3531","Hepatitis B","","States","North Dakota","2016-17","95.6",9799,98.7,"",NA,"Census"
"3532","Hepatitis B","","States","Ohio","2016-17","95.2",137542,95.5,"",NA,"Census"
"3533","Hepatitis B","","States","Oklahoma","2016-17",NA,52184,0,"‡.¶",NA,"Census"
"3534","Hepatitis B","","States","Oregon","2016-17","93.7",45705,100,"*.‡",NA,"Census"
"3535","Hepatitis B","","States","Pennsylvania","2016-17","96.7",143888,84.4,"",NA,"Voluntary response"
"3536","Hepatitis B","","States","Rhode Island","2016-17","97.6",11100,98.4,"‡.§",NA,"Census"
"3537","Hepatitis B","","States","South Carolina","2016-17","96.4",59177,8.9,"",NA,"Stratified 1-stage cluster sample"
"3538","Hepatitis B","","States","South Dakota","2016-17","94.5",12106,99.8,"††",NA,"Census"
"3539","Hepatitis B","","States","Tennessee","2016-17","97.3",78169,100,"*.§",NA,"Census"
"3540","Hepatitis B","","States","Texas","2016-17","97.9",389999,99,"‡.§",NA,"Census"
"3541","Hepatitis B","","States","Utah","2016-17","94.8",49073,100,"*",NA,"Census"
"3542","Hepatitis B","","States","Vermont","2016-17","94.4",6344,100,"*",NA,"Census"
"3543","Hepatitis B","","States","Virginia","2016-17","93.9",102357,4,"†",NA,"Stratified 2-stage cluster sample"
"3544","Hepatitis B","","States","Washington","2016-17","90.2",87142,98.2,"§",NA,"Census"
"3545","Hepatitis B","","States","West Virginia","2016-17","98.3",28666,66.5,"§",NA,"Census (public). voluntary response (private)"
"3546","Hepatitis B","","States","Wisconsin","2016-17","95.5",67607,2.2,"†.‡.§",NA,"Stratified 2-stage cluster sample"
"3547","Hepatitis B","","States","Wyoming","2016-17",NA,NA,NA,"",NA,"Not conducted"
"3548","Hepatitis B","","States","Alaska","2017-18","93.1",9692,84.4,"†.§",NA,"Stratified 2-stage cluster sample"
"3549","Hepatitis B","","States","Arizona","2017-18","94.9",81710,100,"*",NA,"Census"
"3550","Hepatitis B","","States","Arkansas","2017-18","93.7",39630,95.4,"‡",NA,"Census "
"3551","Hepatitis B","","States","California","2017-18","97.6",574702,100,"‡",NA,"Census"
"3552","Hepatitis B","","States","Colorado","2017-18","92.0",65718,100,"*",NA,"Census"
"3553","Hepatitis B","","States","Connecticut","2017-18","97.0",39174,100,"*",NA,"Census"
"3554","Hepatitis B","","States","Delaware","2017-18","97.9",10988,9.5,"",NA,"Stratified 2-stage cluster sample"
"3555","Hepatitis B","","States","Florida","2017-18","93.7",222397,100,"≥.*.§",NA,"Census"
"3556","Hepatitis B","","States","Georgia","2017-18","93.4",131459,100,"≥.*",NA,"Census"
"3557","Hepatitis B","","States","Hawaii","2017-18","96.0",16325,6.6,"",NA,"Stratified 2-stage cluster sample"
"3558","Hepatitis B","","States","Idaho","2017-18","92.1",22553,99,"",NA,"Census"
"3559","Hepatitis B","","States","Indiana","2017-18","92.8",84296,96.4,"",NA,"Voluntary Response"
"3560","Hepatitis B","","States","Iowa","2017-18","93.0",39632,100,"≥.*",NA,"Census"
"3561","Hepatitis B","","States","Kansas","2017-18","96.4",38484,23.1,"†.‡.§",NA,"Stratified 2-stage cluster sample"
"3562","Hepatitis B","","States","Kentucky","2017-18","94.0",55152,99,"‡.§",NA,"Census"
"3563","Hepatitis B","","States","Louisiana","2017-18","98.4",58277,100,"*",NA,"Census"
"3564","Hepatitis B","","States","Maryland","2017-18","97.9",68528,98.5,"‡",NA,"Census"
"3565","Hepatitis B","","States","Massachusetts","2017-18","97.3",63377,100,"*.‡",NA,"Census"
"3566","Hepatitis B","","States","Michigan","2017-18","96.4",119028,100,"*",NA,"Census"
"3567","Hepatitis B","","States","Minnesota","2017-18","95.0",69807,98.1,"§",NA,"Census"
"3568","Hepatitis B","","States","Mississippi","2017-18","99.4",39284,100,"≥.*",NA,"Census"
"3569","Hepatitis B","","States","Missouri","2017-18","96.5",73113,100,"*",NA,"Census"
"3570","Hepatitis B","","States","Nebraska","2017-18","97.1",26313,98.6,"‡.‡‡",NA,"Census"
"3571","Hepatitis B","","States","Nevada","2017-18","96.4",37178,4.8,"",NA,"Stratified 2-stage cluster sample"
"3572","Hepatitis B","","States","New Hampshire","2017-18","92.4",12165,100,"≥",NA,"Census"
"3573","Hepatitis B","","States","New Jersey","2017-18","96.1",107630,100,"≥.*",NA,"Census"
"3574","Hepatitis B","","States","New Mexico","2017-18","96.0",26896,99.6,"",NA,"Stratified 2-stage cluster sample"
"3575","Hepatitis B","","States","New York","2017-18","98.0",226456,100,"*",NA,"Census"
"3576","Hepatitis B","","States","North Carolina","2017-18","98.2",127197,90.9,"‡.§",NA,"Census"
"3577","Hepatitis B","","States","North Dakota","2017-18","95.8",10365,99.4,"",NA,"Census"
"3578","Hepatitis B","","National","United States","2011-12","96.4",NA,NA,"",NA,"NaN"
"3579","Hepatitis B","","National","U.S. Median","2011-12","96.5",NA,NA,"",NA,"NaN"
"3580","Hepatitis B","","National","United States","2012-13","95.7",NA,NA,"",NA,"NaN"
"3581","Hepatitis B","","National","U.S. Median","2012-13","95.8",NA,NA,"",NA,"NaN"
"3582","Hepatitis B","","National","United States","2013-14","95.5",NA,NA,"",NA,"NaN"
"3583","Hepatitis B","","National","U.S. Median","2013-14","95.9",NA,NA,"",NA,"NaN"
"3584","Hepatitis B","","National","United States","2014-15","95.3",NA,NA,"",NA,"NaN"
"3585","Hepatitis B","","National","U.S. Median","2014-15","95.4",NA,NA,"",NA,"NaN"
"3586","Hepatitis B","","National","United States","2015-16","95.8",NA,NA,"",NA,"NaN"
"3587","Hepatitis B","","National","U.S. Median","2015-16","96.1",NA,NA,"",NA,"NaN"
"3588","Hepatitis B","","National","United States","2016-17","96.0",NA,NA,"",NA,"NaN"
"3589","Hepatitis B","","National","U.S. Median","2016-17","95.6",NA,NA,"",NA,"NaN"
"3590","Hepatitis B","","States","Ohio","2017-18","95.2",138753,94.9,"",NA,"Census"
"3591","Hepatitis B","","States","Oklahoma","2017-18","94.1",53898,92.1,"§",NA,"Census (public). voluntary response (private)"
"3592","Hepatitis B","","States","Oregon","2017-18","93.3",45818,100,"*.‡",NA,"Census"
"3593","Hepatitis B","","States","Pennsylvania","2017-18","97.4",141571,93.3,"",NA,"Voluntary response"
"3594","Hepatitis B","","States","Rhode Island","2017-18","97.6",11025,100,"*.‡.§",NA,"Census"
"3595","Hepatitis B","","States","South Carolina","2017-18","96.9",58458,27,"",NA,"Stratified 1-stage cluster sample"
"3596","Hepatitis B","","States","South Dakota","2017-18","95.0",12125,99.9,"",NA,"Census"
"3597","Hepatitis B","","States","Tennessee","2017-18","97.1",78743,100,"*.§",NA,"Census"
"3598","Hepatitis B","","States","Texas","2017-18","97.4",387981,99.4,"‡.§",NA,"Census"
"3599","Hepatitis B","","States","Utah","2017-18","94.3",48827,100,"*",NA,"Census"
"3600","Hepatitis B","","States","Vermont","2017-18","95.3",6255,100,"*",NA,"Census"
"3601","Hepatitis B","","States","Virginia","2017-18","94.9",100581,4.4,"†",NA,"Stratified 2-stage cluster sample"
"3602","Hepatitis B","","States","Washington","2017-18","92.5",85118,96.9,"§",NA,"Census"
"3603","Hepatitis B","","States","West Virginia","2017-18","99.2",19519,79.3,"¶",NA,"Voluntary response"
"3604","Hepatitis B","","States","Wisconsin","2017-18","96.1",66178,2.3,"†.‡.§",NA,"Stratified 2-stage cluster sample"
"3605","Hepatitis B","","States","Wyoming","2017-18",NA,NA,NA,"",NA,"Not conducted "
"3606","Hepatitis B","","States","Arizona","2018-19","94.4",79981,100,"*",NA,"Census"
"3607","Hepatitis B","","States","Arkansas","2018-19","96.4",39257,95.4,"‡",NA,"Census (public). voluntary response (private)"
"3608","Hepatitis B","","States","California","2018-19","97.4",568947,97.7,"‡",NA,"Census"
"3609","Hepatitis B","","States","Colorado","2018-19","90.8",64191,100,"*",NA,"Census"
"3610","Hepatitis B","","States","Connecticut","2018-19","96.3",38230,100,"*",NA,"Census"
"3611","Hepatitis B","","States","Delaware","2018-19","98.5",10798,9.5,"",NA,"Stratified 2-stage cluster sample"
"3612","Hepatitis B","","States","Florida","2018-19","93.8",224641,100,"≥.*.§",NA,"Census"
"3613","Hepatitis B","","States","Georgia","2018-19","93.6",131275,100,"≥.*",NA,"Census"
"3614","Hepatitis B","","States","Hawaii","2018-19","93.6",16051,6.7,"",NA,"Stratified 2-stage cluster sample"
"3615","Hepatitis B","","States","Idaho","2018-19","91.7",22995,99,"",NA,"Census"
"3616","Hepatitis B","","States","Indiana","2018-19","92.4",82324,96.4,"",NA,"Census"
"3617","Hepatitis B","","States","Iowa","2018-19","93.3",40624,100,"≥.*",NA,"Census"
"3618","Hepatitis B","","States","Kansas","2018-19","96.7",37838,23.1,"†.‡.§",NA,"Stratified 2-stage cluster sample"
"3619","Hepatitis B","","States","Kentucky","2018-19","93.4",55587,99,"‡.§",NA,"Census"
"3620","Hepatitis B","","States","Louisiana","2018-19","98.4",56203,100,"*",NA,"Census"
"3621","Hepatitis B","","States","Maryland","2018-19","97.7",71431,100,"‡",NA,"Census"
"3622","Hepatitis B","","States","Massachusetts","2018-19","97.6",65279,100,"*.‡",NA,"Census"
"3623","Hepatitis B","","States","Michigan","2018-19","96.0",118632,100,"*",NA,"Census"
"3624","Hepatitis B","","States","Minnesota","2018-19","95.0",70085,98.1,"§",NA,"Census"
"3625","Hepatitis B","","States","Mississippi","2018-19","99.2",37775,100,"≥.*",NA,"Census"
"3626","Hepatitis B","","States","Missouri","2018-19","96.1",72687,100,"*",NA,"Census"
"3627","Hepatitis B","","States","Nebraska","2018-19","97.5",26925,98.6,"‡.‡‡",NA,"Census"
"3628","Hepatitis B","","States","Nevada","2018-19","97.4",37971,4.8,"",NA,"Stratified 2-stage cluster sample"
"3629","Hepatitis B","","States","New Hampshire","2018-19","91.8",12421,100,"≥",NA,"Census"
"3630","Hepatitis B","","States","New Jersey","2018-19","95.0",109161,100,"≥.*",NA,"Census"
"3631","Hepatitis B","","States","New Mexico","2018-19","96.8",25269,99.6,"",NA,"Census"
"3632","Hepatitis B","","States","New York","2018-19","97.9",220495,100,"*",NA,"Census"
"3633","Hepatitis B","","States","North Carolina","2018-19","94.6",124343,90.9,"‡.§",NA,"Census (public). voluntary response (private)"
"3634","Hepatitis B","","States","North Dakota","2018-19","95.2",10382,99.4,"",NA,"Census"
"3635","Hepatitis B","","States","Ohio","2018-19","94.6",139679,94.9,"",NA,"Census (public). voluntary response (private)"
"3636","Hepatitis B","","States","Oklahoma","2018-19","95.7",54806,92.1,"§",NA,"Census (public). voluntary response (private)"
"3637","Hepatitis B","","States","Oregon","2018-19","93.1",45870,100,"*.‡",NA,"Census"
"3638","Hepatitis B","","States","Pennsylvania","2018-19","97.1",143560,93.3,"",NA,"Census (public). voluntary response (private)"
"3639","Hepatitis B","","States","Rhode Island","2018-19","98.3",10964,100,"*.‡.§",NA,"Census"
"3640","Hepatitis B","","States","South Carolina","2018-19","95.0",58442,27,"",NA,"Stratified 1-stage cluster sample"
"3641","Hepatitis B","","States","South Dakota","2018-19","94.5",12062,99.9,"",NA,"Census"
"3642","Hepatitis B","","States","Tennessee","2018-19","96.8",78630,100,"*.§",NA,"Census"
"3643","Hepatitis B","","States","Texas","2018-19","97.5",390034,99.4,"‡.§",NA,"Census"
"3644","Hepatitis B","","States","Utah","2018-19","93.8",50179,100,"*",NA,"Census"
"3645","Hepatitis B","","States","Vermont","2018-19","94.6",6126,100,"*",NA,"Census"
"3646","Hepatitis B","","States","Virginia","2018-19","93.1",100394,4.4,"†",NA,"Stratified 2-stage cluster sample"
"3647","Hepatitis B","","States","Washington","2018-19","92.5",87510,96.9,"§",NA,"Census"
"3648","Hepatitis B","","States","West Virginia","2018-19","99.0",19442,79.3,"¶",NA,"Voluntary response"
"3649","Hepatitis B","","States","Wisconsin","2018-19","95.6",66344,2.3,"†.‡.§",NA,"Stratified 2-stage cluster sample"
"3650","Hepatitis B","","States","Wyoming","2018-19","95.7",7734,100,"*",NA,"Census"
"3651","Hepatitis B","","States","Alabama","2019-20","NReq",59477,94.9,"≥",NA,"Census"
"3652","Hepatitis B","","States","Alaska","2019-20",NA,10381,82.7,"§",NA,"Voluntary response"
"3653","Hepatitis B","","States","Arizona","2019-20","94.1",83976,98.7,"",NA,"Census (public). voluntary response (private)"
"3654","Hepatitis B","","States","Arkansas","2019-20","96.0",39510,96.2,"‡",NA,"Census (public). voluntary response (private)"
"3655","Hepatitis B","","States","California","2019-20","97.4",566155,97.9,"‡",NA,"Census"
"3656","Hepatitis B","","States","Colorado","2019-20","92.9",69088,98.2,"",NA,"Census"
"3657","Hepatitis B","","States","Connecticut","2019-20","96.6",38888,100,"*",NA,"Census"
"3658","Hepatitis B","","States","Delaware","2019-20","NReq",NA,NA,"",NA,"Not Conducted"
"3659","Hepatitis B","","States","District of Columbia","2019-20",NA,NA,NA,"",NA,"Not Conducted"
"3660","Hepatitis B","","States","Florida","2019-20","93.5",228298,100,"≥.*.§",NA,"Census"
"3661","Hepatitis B","","States","Georgia","2019-20","93.1",130102,100,"≥.*",NA,"Census"
"3662","Hepatitis B","","States","Hawaii","2019-20","91.3",15695,8.9,"",NA,"Stratified 2-stage cluster sample"
"3663","Hepatitis B","","States","Idaho","2019-20","91.3",23301,98.5,"",NA,"Census"
"3664","Hepatitis B","","States","Indiana","2019-20","96.0",88253,65.7,"",NA,"Voluntary response"
"3665","Hepatitis B","","States","Iowa","2019-20","93.2",40812,100,"≥.*",NA,"Census"
"3666","Hepatitis B","","States","Kansas","2019-20","97.2",37865,34.3,"†.‡.§",NA,"Stratified 2-stage cluster sample"
"3667","Hepatitis B","","States","Kentucky","2019-20","93.7",59233,92.9,"‡.§",NA,"Census"
"3668","Hepatitis B","","States","Louisiana","2019-20","98.0",59685,100,"*",NA,"Census"
"3669","Hepatitis B","","States","Maine","2019-20","NReq",13450,99.6,"",NA,"Census"
"3670","Hepatitis B","","States","Maryland","2019-20","98.3",72443,98.3,"‡",NA,"Census (public). voluntary response (private)"
"3671","Hepatitis B","","States","Massachusetts","2019-20","98.0",66756,100,"*.‡",NA,"Census"
"3672","Hepatitis B","","States","Michigan","2019-20","96.1",120565,100,"*",NA,"Census"
"3673","Hepatitis B","","States","Minnesota","2019-20","95.1",71223,98.7,"§",NA,"Census"
"3674","Hepatitis B","","States","Mississippi","2019-20","99.1",37870,100,"≥.*",NA,"Census"
"3675","Hepatitis B","","States","Missouri","2019-20","95.9",72324,100,"*",NA,"Census"
"3676","Hepatitis B","","States","Montana","2019-20","NReq",12501,100,"*",NA,"Census"
"3677","Hepatitis B","","States","Nebraska","2019-20","97.3",26893,96.7,"‡.‡‡",NA,"Census"
"3678","Hepatitis B","","States","Nevada","2019-20","95.9",37724,99.9,"",NA,"Census"
"3679","Hepatitis B","","States","New Hampshire","2019-20","91.5",12447,100,"≥.*",NA,"Census"
"3680","Hepatitis B","","States","New Jersey","2019-20","95.9",107900,100,"≥.*",NA,"Census"
"3681","Hepatitis B","","States","New Mexico","2019-20","97.7",23087,100,"*",NA,"Census"
"3682","Hepatitis B","","States","New York","2019-20","98.6",234165,99.9,"",NA,"Census"
"3683","Hepatitis B","","States","North Carolina","2019-20","96.5",124548,97.8,"‡.§",NA,"Census"
"3684","Hepatitis B","","States","North Dakota","2019-20","95.7",10587,99.5,"",NA,"Census"
"3685","Hepatitis B","","States","Ohio","2019-20","94.9",139103,98.8,"",NA,"Census"
"3686","Hepatitis B","","States","Oklahoma","2019-20","95.1",55348,85.6,"§",NA,"Voluntary response"
"3687","Hepatitis B","","States","Oregon","2019-20","93.3",45959,100,"*.‡",NA,"Census"
"3688","Hepatitis B","","States","Pennsylvania","2019-20","97.2",140197,98.8,"",NA,"Census"
"3689","Hepatitis B","","States","Rhode Island","2019-20","98.5",11219,98.5,"*.‡.§",NA,"Census"
"3690","Hepatitis B","","States","South Carolina","2019-20","95.3",65938,27.5,"†",NA,"Stratified 1-stage cluster sample"
"3691","Hepatitis B","","States","South Dakota","2019-20","95.4",12367,99.8,"",NA,"Census"
"3692","Hepatitis B","","States","Tennessee","2019-20","97.0",80595,100,"*.§",NA,"Census"
"3693","Hepatitis B","","States","Texas","2019-20","97.4",398680,99.6,"‡.§",NA,"Census"
"3694","Hepatitis B","","States","Utah","2019-20","94.0",49208,100,"*",NA,"Census"
"3695","Hepatitis B","","States","Vermont","2019-20","95.8",6293,100,"*",NA,"Census"
"3696","Hepatitis B","","States","Virginia","2019-20","94.1",99399,1.2,"†",NA,"Stratified 2-stage cluster sample"
"3697","Hepatitis B","","States","Washington","2019-20","94.2",87757,91.9,"§",NA,"Census"
"3698","Hepatitis B","","States","West Virginia","2019-20","99.7",17114,49.6,"¶",NA,"Voluntary response"
"3699","Hepatitis B","","States","Wisconsin","2019-20","95.7",67391,2.6,"†.‡.§",NA,"Stratified 2-stage cluster sample"
"3700","Hepatitis B","","States","Wyoming","2019-20","93.1",7913,100,"*",NA,"Census"
"3701","Hepatitis B","","States","Alabama","2020-21","NR",56974,100,">=. *",NA,"Census"
"3702","Hepatitis B","","States","Arizona","2020-21","94.5",76382,92.4,"",NA,"Census (public). voluntary response (private)"
"3703","Hepatitis B","","States","Arkansas","2020-21","95.9",37540,95.6,"‡",NA,"Census (public). voluntary response (private)"
"3704","Hepatitis B","","States","California","2020-21","97.0",498214,97.5,"‡",NA,"Census"
"3705","Hepatitis B","","States","Colorado","2020-21","93.0",63619,97.3,"",NA,"Census"
"3706","Hepatitis B","","States","Connecticut","2020-21","96.1",34396,100,"*",NA,"Census"
"3707","Hepatitis B","","States","Delaware","2020-21","92.9",10587,9.2,"",NA,"Stratified 2-stage cluster sample"
"3708","Hepatitis B","","States","District of Columbia","2020-21","90.0",8262,100,"*",NA,"Census"
"3709","Hepatitis B","","States","Florida","2020-21","93.3",207026,100,">=.*",NA,"Census"
"3710","Hepatitis B","","States","Georgia","2020-21","88.5",83191,100,">=.*",NA,"Census"
"3711","Hepatitis B","","States","Hawaii","2020-21","92.7",13074,9.3,"",NA,"Stratified 2-stage cluster sample"
"3712","Hepatitis B","","States","Idaho","2020-21","90.1",22677,98.3,"",NA,"Census"
"3713","Hepatitis B","","States","Illinois","2020-21","NR",NA,NA,"",NA,"Not Conducted"
"3714","Hepatitis B","","States","Indiana","2020-21","95.3",78694,71.4,"§",NA,"Voluntary response"
"3715","Hepatitis B","","States","Iowa","2020-21","93.4",39141,100,">=.*",NA,"Census"
"3716","Hepatitis B","","States","Kansas","2020-21","95.2",34687,32.7,"†.‡.§",NA,"Stratified 2-stage cluster sample"
"3717","Hepatitis B","","States","Kentucky","2020-21","89.0",59233,86.4,"‡.§",NA,"Census (public). voluntary response (private)"
"3718","Hepatitis B","","States","Louisiana","2020-21","98.5",61912,100,"*",NA,"Census"
"3719","Hepatitis B","","States","Maine","2020-21","NReq",13477,85,"",NA,"Voluntary response (public). census (private)"
"3720","Hepatitis B","","States","Maryland","2020-21","89.5",65764,75.6,"‡",NA,"Voluntary response"
"3721","Hepatitis B","","States","Massachusetts","2020-21","97.2",60724,100,"*.‡",NA,"Census"
"3722","Hepatitis B","","States","Michigan","2020-21","96.5",106657,100,"*",NA,"Census"
"3723","Hepatitis B","","States","Minnesota","2020-21","94.6",66007,95.2,"",NA,"Census"
"3724","Hepatitis B","","States","Mississippi","2020-21","98.9",34028,100,">=.*",NA,"Census"
"3725","Hepatitis B","","States","Missouri","2020-21","95.3",63093,100,"*",NA,"Census"
"3726","Hepatitis B","","States","Montana","2020-21","0.0",11279,100,"*",NA,"Census"
"3727","Hepatitis B","","States","Nebraska","2020-21","96.6",25681,94.8,"‡",NA,"Census (public). voluntary response (private)"
"3728","Hepatitis B","","States","Nevada","2020-21","97.4",34171,94.7,"",NA,"Census (public). voluntary response (private)"
"3729","Hepatitis B","","States","New Hampshire","2020-21","90.8",10242,57,">=. §",NA,"Voluntary response"
"3730","Hepatitis B","","States","New Jersey","2020-21","94.3",100144,100,">=.*",NA,"Census"
"3731","Hepatitis B","","States","New Mexico","2020-21","96.9",20589,100,"*",NA,"Census"
"3732","Hepatitis B","","States","New York","2020-21","98.9",216804,91.5,"",NA,"Census (public). voluntary response (private)"
"3733","Hepatitis B","","States","NY-City of New York","2020-21","98.5",91920,94.2,"",NA,"Census (public). voluntary response (private)"
"3734","Hepatitis B","","States","North Carolina","2020-21","96.2",120995,89,"‡.§",NA,"Census (public). voluntary response (private)"
"3735","Hepatitis B","","States","North Dakota","2020-21","95.0",10116,99.1,"",NA,"Census"
"3736","Hepatitis B","","States","Ohio","2020-21","94.1",128535,91.1,"",NA,"Census (public). voluntary response (private)"
"3737","Hepatitis B","","States","Oklahoma","2020-21","95.8",52656,90,"‡.§",NA,"Census (public). voluntary response (private)"
"3738","Hepatitis B","","States","Oregon","2020-21","94.0",39568,100,"*.‡",NA,"Census"
"3739","Hepatitis B","","States","Pennsylvania","2020-21","96.8",129307,95,"",NA,"Census (public). voluntary response (private)"
"3740","Hepatitis B","","States","Rhode Island","2020-21","98.3",10402,93,"‡.§",NA,"Census"
"3741","Hepatitis B","","States","South Carolina","2020-21","95.3",56330,26.5,"†",NA,"Stratified 1-stage cluster sample"
"3742","Hepatitis B","","States","South Dakota","2020-21","95.5",11512,99.9,"",NA,"Census"
"3743","Hepatitis B","","States","Tennessee","2020-21","97.1",73819,100,"*.§",NA,"Census"
"3744","Hepatitis B","","States","Texas","2020-21","96.7",377840,98.9,"‡.§",NA,"Census"
"3745","Hepatitis B","","States","TX-City of Houston","2020-21","86.5",39627,94.9,"‡.§",NA,"Census (public). voluntary response (private)"
"3746","Hepatitis B","","States","Utah","2020-21","93.5",46247,100,"*",NA,"Census"
"3747","Hepatitis B","","States","Vermont","2020-21","96.3",5535,100,"*",NA,"Census"
"3748","Hepatitis B","","States","Virginia","2020-21","94.4",88273,2,"†",NA,"Stratified 2-stage cluster sample"
"3749","Hepatitis B","","States","Washington","2020-21","94.9",74931,100,"§",NA,"Census"
"3750","Hepatitis B","","States","West Virginia","2020-21","NR",NA,NA,"",NA,"Not Conducted"
"3751","Hepatitis B","","States","Wisconsin","2020-21","87.2",63486,84.5,">=.†.‡.§",NA,"Voluntary response"
"3752","Hepatitis B","","States","Wyoming","2020-21","90.2",6923,100,">=.*",NA,"Census"
"3753","Hepatitis B","","States","Alabama","2021-22","NReq",60332,100,">=. *",NA,"Census"
"3754","Hepatitis B","","States","Alaska","2021-22","79.8",9790,76.2,"¶",NA,"Vol. response (pub.), not conducted (pvt.)"
"3755","Hepatitis B","","States","Arizona","2021-22","93.4",83463,97,"",NA,"Census"
"3756","Hepatitis B","","States","Arkansas","2021-22","95.5",39358,96.3,"",NA,"Census (pub.), vol. response (pvt.)"
"3757","Hepatitis B","","States","California","2021-22","97.3",512144,98.4,"‡",NA,"Census"
"3758","Hepatitis B","","States","Colorado","2021-22","92.3",66900,97.5,"",NA,"Census"
"3759","Hepatitis B","","States","Connecticut","2021-22","96.5",35451,100,"*",NA,"Census"
"3760","Hepatitis B","","States","Delaware","2021-22","98.1",11181,9.5,"‡",NA,"Stratified 2-stage cluster sample"
"3761","Hepatitis B","","States","District of Columbia","2021-22","92.5",8959,100,"*",NA,"Census"
"3762","Hepatitis B","","States","Florida","2021-22","91.7",229432,97.8,">=. §",NA,"Census"
"3763","Hepatitis B","","States","Georgia","2021-22","83.2",118742,100,">=. *",NA,"Census"
"3764","Hepatitis B","","States","Hawaii","2021-22","92.4",13368,6.7,"",NA,"Stratified 2-stage cluster sample"
"3765","Hepatitis B","","States","Idaho","2021-22","88.2",23854,99.6,"",NA,"Census"
"3766","Hepatitis B","","States","Illinois","2021-22","NReq",137699,100,"*",NA,"Census"
"3767","Hepatitis B","","States","Indiana","2021-22","94.9",83198,75.1,"§",NA,"Vol. response"
"3768","Hepatitis B","","States","Iowa","2021-22","90.6",40111,100,">=. *",NA,"Census"
"3769","Hepatitis B","","States","Kansas","2021-22","96.0",36526,29.5,"†. ‡. §",NA,"Stratified 1-stage cluster sample"
"3770","Hepatitis B","","States","Kentucky","2021-22","87.7",59233,91.5,">=. ‡. §",NA,"Census"
"3771","Hepatitis B","","States","Louisiana","2021-22","97.8",66518,100,"*",NA,"Census"
"3772","Hepatitis B","","States","Maine","2021-22","NReq",12881,91.6,"",NA,"Census"
"3773","Hepatitis B","","States","Maryland","2021-22","93.9",53866,98.4,"‡",NA,"Census"
"3774","Hepatitis B","","States","Massachusetts","2021-22","97.0",65582,100,"*. ‡",NA,"Census"
"3775","Hepatitis B","","States","Michigan","2021-22","95.9",114251,100,"*",NA,"Census"
"3776","Hepatitis B","","States","Minnesota","2021-22","93.5",69403,98.7,"",NA,"Census"
"3777","Hepatitis B","","States","Mississippi","2021-22","98.6",36524,100,">=. *",NA,"Census"
"3778","Hepatitis B","","States","Missouri","2021-22","94.0",71034,100,"*",NA,"Census"
"3779","Hepatitis B","","States","Montana","2021-22","NReq",NA,NA,"",NA,"Not Conducted"
"3780","Hepatitis B","","States","Nebraska","2021-22","97.7",25018,99.5,"‡",NA,"Census"
"3781","Hepatitis B","","States","Nevada","2021-22","93.9",36855,99.2,"",NA,"Census (pub.), vol. response (pvt.)"
"3782","Hepatitis B","","States","New Hampshire","2021-22","88.7",12157,100,">=. §. *",NA,"Census"
"3783","Hepatitis B","","States","New Jersey","2021-22","94.1",104240,100,">=. §. *",NA,"Census"
"3784","Hepatitis B","","States","New Mexico","2021-22","93.7",20736,100,"*",NA,"Census"
"3785","Hepatitis B","","States","New York","2021-22","98.7",195377,99.3,"",NA,"Census"
"3786","Hepatitis B","","States","NY-City of New York","2021-22","98.1",82938,99.8,"",NA,"Census"
"3787","Hepatitis B","","States","North Carolina","2021-22","96.8",118191,78.5,"§. ‡",NA,"Vol. response"
"3788","Hepatitis B","","States","North Dakota","2021-22","93.7",10755,96.6,"",NA,"Census"
"3789","Hepatitis B","","States","Ohio","2021-22","92.7",139077,91.9,"",NA,"Census (pub.), vol. response (pvt.)"
"3790","Hepatitis B","","States","Oklahoma","2021-22","95.2",54042,84.3,"‡",NA,"Vol. response"
"3791","Hepatitis B","","States","Oregon","2021-22","93.8",41538,100,"*. ‡",NA,"Census"
"3792","Hepatitis B","","States","Pennsylvania","2021-22","96.3",139558,94.9,"",NA,"Census (pub.), vol. response (pvt.)"
"3793","Hepatitis B","","States","Rhode Island","2021-22","98.0",11002,96.9,"‡. §",NA,"Census"
"3794","Hepatitis B","","States","South Carolina","2021-22","93.4",58276,27.2,"†",NA,"1-stage cluster sample"
"3795","Hepatitis B","","States","South Dakota","2021-22","94.7",12251,100,"*",NA,"Census"
"3796","Hepatitis B","","States","Tennessee","2021-22","96.3",79120,100,"§. *",NA,"Census"
"3797","Hepatitis B","","States","Texas","2021-22","95.9",389037,99.3,"‡. §",NA,"Census"
"3798","Hepatitis B","","States","TX-City of Houston","2021-22","92.7",40123,99.3,"‡. §",NA,"Census"
"3799","Hepatitis B","","States","Utah","2021-22","92.0",48995,100,"*",NA,"Census"
"3800","Hepatitis B","","States","Vermont","2021-22","95.1",6126,100,"*",NA,"Census"
"3801","Hepatitis B","","States","Virginia","2021-22","94.9",95996,2.8,"†",NA,"Stratified 2-stage cluster sample"
"3802","Hepatitis B","","States","Washington","2021-22","93.8",87256,97.3,"§",NA,"Census (pub.), vol. response (pvt.)"
"3803","Hepatitis B","","States","West Virginia","2021-22","97.3",18070,85.5,"‡. §",NA,"Vol. response"
"3804","Hepatitis B","","States","Wisconsin","2021-22","82.6",64275,96.8,">=. ‡",NA,"Census (pub.), vol. response (pvt.)"
"3805","Hepatitis B","","States","Wyoming","2021-22","94.6",7382,100,"*",NA,"Census"
"3806","Polio","","States","Alabama","2009-10","94.0",75358,100,"≥. *. **",NA,"Census"
"3807","Polio","","States","Alaska","2009-10",NA,9641,76.4,"",NA,"Voluntary response"
"3808","Polio","","States","Arizona","2009-10","95.5",89287,93.9,"",NA,"Census"
"3809","Polio","","States","Arkansas","2009-10","98.0",34733,100,"*",NA,"Census"
"3810","Polio","","States","California","2009-10","93.6",507191,100,"*",NA,"Census"
"3811","Polio","","States","Colorado","2009-10",NA,NA,NA,"",NA,"Not conducted"
"3812","Polio","","States","Connecticut","2009-10","98.3",46158,100,"*",NA,"Census"
"3813","Polio","","States","Delaware","2009-10","89.4",11327,9.2,"",NA,"Random sample"
"3814","Polio","","States","District of Columbia","2009-10",NA,6092,100,"*",NA,"Census"
"3815","Polio","","States","Florida","2009-10","91.3",218630,100,"≥. * .§",NA,"Census"
"3816","Polio","","States","Georgia","2009-10","100.0",141949,1.2,"",NA,"Random sample"
"3817","Polio","","States","Hawaii","2009-10",NA,18427,6.4,"",NA,"Random sample"
"3818","Polio","","States","Idaho","2009-10","92.8",22624,100,"*",NA,"Census"
"3819","Polio","","States","Illinois","2009-10","95.8",165845,100,"",NA,"Census"
"3820","Polio","","States","Indiana","2009-10","92.9",84390,94.7,"",NA,"Census"
"3821","Polio","","States","Iowa","2009-10","84.5",42698,100,"≥",NA,"Census"
"3822","Polio","","States","Kansas","2009-10","97.9",39073,39.1,"†",NA,"Stratified 1-stage sample  (Public);  Census (Private)"
"3823","Polio","","States","Kentucky","2009-10","94.1",56526,92.9,"",NA,"Census"
"3824","Polio","","States","Louisiana","2009-10","98.9",53846,100,"*",NA,"Census"
"3825","Polio","","States","Maine","2009-10","95.4",14162,75.3,"",NA,"Voluntary response"
"3826","Polio","","States","Maryland","2009-10","99.8",75061,75,"",NA,"Voluntary response"
"3827","Polio","","States","Massachusetts","2009-10","92.9",74476,100,"*",NA,"Census"
"3828","Polio","","States","Michigan","2009-10","96.6",129810,100,"*",NA,"Census"
"3829","Polio","","States","Minnesota","2009-10","94.8",70653,100,"*",NA,"Census"
"3830","Polio","","States","Mississippi","2009-10","99.7",46922,100,"≥. *",NA,"Census"
"3831","Polio","","States","Missouri","2009-10","98.1",75958,3,"",NA,"Random sample"
"3832","Polio","","States","Montana","2009-10","96.9",12335,98.8,"",NA,"Census"
"3833","Polio","","States","Nebraska","2009-10","98.7",29607,96.4,"",NA,"Census"
"3834","Polio","","States","Nevada","2009-10","98.7",35209,5.6,"",NA,"Random sample"
"3835","Polio","","States","New Hampshire","2009-10",NA,NA,NA,"",NA,"Not conducted"
"3836","Polio","","States","New Jersey","2009-10",NA,118347,95.1,"",NA,"Census"
"3837","Polio","","States","New Mexico","2009-10","99.3",26318,2.2,"",NA,"Random sample"
"3838","Polio","","States","New York","2009-10","98.4",229273,100,"*",NA,"Census"
"3839","Polio","","States","North Carolina","2009-10",NA,116087,96,"",NA,"Census"
"3840","Polio","","States","North Dakota","2009-10","92.2",8323,6,"¶",NA,"Random sample"
"3841","Polio","","States","Ohio","2009-10","88.3",131137,100,"*",NA,"Census"
"3842","Polio","","States","Oklahoma","2009-10","97.6",51128,88.9,"",NA,"Voluntary response"
"3843","Polio","","States","Oregon","2009-10","94.3",44676,100,"*",NA,"Census"
"3844","Polio","","States","Pennsylvania","2009-10","94.4",149656,100,"*",NA,"Census"
"3845","Polio","","States","Rhode Island","2009-10","90.1",11818,11.6,"",NA,"Random sample"
"3846","Polio","","States","South Carolina","2009-10","87.7",53725,10.2,"",NA,"Random sample"
"3847","Polio","","States","South Dakota","2009-10","97.8",11499,100,"*",NA,"Census"
"3848","Polio","","States","Tennessee","2009-10","97.4",90811,88.1,"≥",NA,"Voluntary response"
"3849","Polio","","States","Texas","2009-10","98.1",381425,98.3,"",NA,"Census"
"3850","Polio","","States","Utah","2009-10","97.9",49957,100,"*",NA,"Census"
"3851","Polio","","States","Vermont","2009-10","92.1",6713,100,"*",NA,"Census"
"3852","Polio","","States","Virginia","2009-10","99.1",100891,4.4,"",NA,"Random sample"
"3853","Polio","","States","Washington","2009-10","91.8",81511,93.3,"",NA,"Census"
"3854","Polio","","States","West Virginia","2009-10","91.5",22730,86.7,"",NA,"Voluntary response"
"3855","Polio","","States","Wisconsin","2009-10","98.2",61095,2.3,"¶",NA,"Random sample"
"3856","Polio","","States","Wyoming","2009-10",NA,NA,NA,"",NA,"Not conducted"
"3857","Polio","","States","Alabama","2010-11",NA,NA,NA,"",NA,NA
"3858","Polio","","States","Alaska","2010-11",NA,NA,NA,"",NA,NA
"3859","Polio","","States","Arizona","2010-11",NA,NA,NA,"",NA,NA
"3860","Polio","","States","Arkansas","2010-11",NA,NA,NA,"",NA,NA
"3861","Polio","","States","California","2010-11",NA,NA,NA,"",NA,NA
"3862","Polio","","States","Colorado","2010-11",NA,NA,NA,"",NA,NA
"3863","Polio","","States","Connecticut","2010-11",NA,NA,NA,"",NA,NA
"3864","Polio","","States","Delaware","2010-11",NA,NA,NA,"",NA,NA
"3865","Polio","","States","District of Columbia","2010-11",NA,NA,NA,"",NA,NA
"3866","Polio","","States","Florida","2010-11",NA,NA,NA,"",NA,NA
"3867","Polio","","States","Georgia","2010-11",NA,NA,NA,"",NA,NA
"3868","Polio","","States","Hawaii","2010-11",NA,NA,NA,"",NA,NA
"3869","Polio","","States","Idaho","2010-11",NA,NA,NA,"",NA,NA
"3870","Polio","","States","Illinois","2010-11",NA,NA,NA,"",NA,NA
"3871","Polio","","States","Indiana","2010-11",NA,NA,NA,"",NA,NA
"3872","Polio","","States","Iowa","2010-11",NA,NA,NA,"",NA,NA
"3873","Polio","","States","Kansas","2010-11",NA,NA,NA,"",NA,NA
"3874","Polio","","States","Kentucky","2010-11",NA,NA,NA,"",NA,NA
"3875","Polio","","States","Louisiana","2010-11",NA,NA,NA,"",NA,NA
"3876","Polio","","States","Maine","2010-11",NA,NA,NA,"",NA,NA
"3877","Polio","","States","Maryland","2010-11",NA,NA,NA,"",NA,NA
"3878","Polio","","States","Massachusetts","2010-11",NA,NA,NA,"",NA,NA
"3879","Polio","","States","Michigan","2010-11",NA,NA,NA,"",NA,NA
"3880","Hepatitis B","","National","United States","2017-18","96.1",NA,NA,"",NA,"NaN"
"3881","Hepatitis B","","National","U.S. Median","2017-18","96.0",NA,NA,"",NA,"NaN"
"3882","Hepatitis B","","National","United States","2018-19","95.8",NA,NA,"",NA,"NaN"
"3883","Hepatitis B","","National","U.S. Median","2018-19","95.6",NA,NA,"",NA,"NaN"
"3884","Hepatitis B","","National","United States","2019-20","96.1",NA,NA,"",NA,"NaN"
"3885","Hepatitis B","","National","U.S. Median","2019-20","95.9",NA,NA,"",NA,"NaN"
"3886","Hepatitis B","","National","United States","2020-21","94.6",3510744,90.8,"",NA,""
"3887","Hepatitis B","","National","U.S. Median","2020-21","95.0",3510744,90.8,"",NA,""
"3888","Hepatitis B","","National","United States","2021-22","94.1",3835130,92.2,"",NA,""
"3889","Hepatitis B","","National","U.S. Median","2021-22","94.1",3835130,92.2,"",NA,""
"3890","Polio","","National","United States","2009-10","95.4",NA,NA,"",NA,"NaN"
"3891","Polio","","National","U.S. Median","2009-10","95.8",NA,NA,"",NA,"NaN"
"3892","Polio","","National","United States","2010-11",NA,NA,NA,"",NA,"NaN"
"3893","Polio","","National","U.S. Median","2010-11",NA,NA,NA,"",NA,"NaN"
"3894","Polio","","States","Minnesota","2010-11",NA,NA,NA,"",NA,NA
"3895","Polio","","States","Mississippi","2010-11",NA,NA,NA,"",NA,NA
"3896","Polio","","States","Missouri","2010-11",NA,NA,NA,"",NA,NA
"3897","Polio","","States","Montana","2010-11",NA,NA,NA,"",NA,NA
"3898","Polio","","States","Nebraska","2010-11",NA,NA,NA,"",NA,NA
"3899","Polio","","States","Nevada","2010-11",NA,NA,NA,"",NA,NA
"3900","Polio","","States","New Hampshire","2010-11",NA,NA,NA,"",NA,NA
"3901","Polio","","States","New Jersey","2010-11",NA,NA,NA,"",NA,NA
"3902","Polio","","States","New Mexico","2010-11",NA,NA,NA,"",NA,NA
"3903","Polio","","States","New York","2010-11",NA,NA,NA,"",NA,NA
"3904","Polio","","States","North Carolina","2010-11",NA,NA,NA,"",NA,NA
"3905","Polio","","States","North Dakota","2010-11",NA,NA,NA,"",NA,NA
"3906","Polio","","States","Ohio","2010-11",NA,NA,NA,"",NA,NA
"3907","Polio","","States","Oklahoma","2010-11",NA,NA,NA,"",NA,NA
"3908","Polio","","States","Oregon","2010-11",NA,NA,NA,"",NA,NA
"3909","Polio","","States","Pennsylvania","2010-11",NA,NA,NA,"",NA,NA
"3910","Polio","","States","Rhode Island","2010-11",NA,NA,NA,"",NA,NA
"3911","Polio","","States","South Carolina","2010-11",NA,NA,NA,"",NA,NA
"3912","Polio","","States","South Dakota","2010-11",NA,NA,NA,"",NA,NA
"3913","Polio","","States","Tennessee","2010-11",NA,NA,NA,"",NA,NA
"3914","Polio","","States","Texas","2010-11",NA,NA,NA,"",NA,NA
"3915","Polio","","States","Utah","2010-11",NA,NA,NA,"",NA,NA
"3916","Polio","","States","Vermont","2010-11",NA,NA,NA,"",NA,NA
"3917","Polio","","States","Virginia","2010-11",NA,NA,NA,"",NA,NA
"3918","Polio","","States","Washington","2010-11",NA,NA,NA,"",NA,NA
"3919","Polio","","States","West Virginia","2010-11",NA,NA,NA,"",NA,NA
"3920","Polio","","States","Wisconsin","2010-11",NA,NA,NA,"",NA,NA
"3921","Polio","","States","Wyoming","2010-11",NA,NA,NA,"",NA,NA
"3922","Polio","","States","Alabama","2011-12","93.6",73190,100,"≥. * .**",NA,"Census"
"3923","Polio","","States","Alaska","2011-12",NA,10286,7.3,"",NA,"Non-random Cluster Sample"
"3924","Polio","","States","Arizona","2011-12","94.9",88293,96.9,"",NA,"Census"
"3925","Polio","","States","Arkansas","2011-12","84.3",38754,92.2,"",NA,"Census"
"3926","Polio","","States","California","2011-12","93.2",542544,97.6,"",NA,"Census"
"3927","Polio","","States","Colorado","2011-12","87.4",70142,0.5,"",NA,"Simple Random Sample"
"3928","Polio","","States","Connecticut","2011-12","97.7",45695,100,"*",NA,"Census"
"3929","Polio","","States","Delaware","2011-12","96.9",11327,7.4,"≥",NA,"2-stage Cluster Sample"
"3930","Polio","","States","District of Columbia","2011-12",NA,6854,100,"*",NA,"Census"
"3931","Polio","","States","Florida","2011-12","92.6",225532,100,"≥. * .§ ",NA,"Census"
"3932","Polio","","States","Georgia","2011-12","96.7",143065,1.9,"",NA,"2-stage Cluster Sample"
"3933","Polio","","States","Hawaii","2011-12",NA,19443,7.7,"",NA,"2-stage Cluster Sample"
"3934","Polio","","States","Idaho","2011-12","89.6",22762,100,"*",NA,"Census"
"3935","Polio","","States","Illinois","2011-12","96.2",163311,100,"*",NA,"Census"
"3936","Polio","","States","Indiana","2011-12","90.4",83416,67.5,"",NA,"Voluntary Response"
"3937","Polio","","States","Iowa","2011-12","91.1",40978,100,"≥. *",NA,"Census"
"3938","Polio","","States","Kansas","2011-12","96.9",38402,52.7,"†",NA,"Stratified 1-stage sample  (Public);  Census (Private)"
"3939","Polio","","States","Kentucky","2011-12","95.0",58185,91.8,"",NA,"Census"
"3940","Polio","","States","Louisiana","2011-12","99.6",69013,100,"*",NA,"Census"
"3941","Polio","","States","Maine","2011-12","96.1",13829,97,"",NA,"Census"
"3942","Polio","","States","Maryland","2011-12","99.7",72957,67.2,"",NA,"Voluntary Response"
"3943","Polio","","States","Massachusetts","2011-12","93.3",79551,97.5,"",NA,"Census"
"3944","Polio","","States","Michigan","2011-12","95.9",124962,100,"*",NA,"Census"
"3945","Polio","","States","Minnesota","2011-12","95.8",71213,99.2,"",NA,"Census"
"3946","Polio","","States","Mississippi","2011-12","99.2",44912,100,"≥. *",NA,"Census"
"3947","Polio","","States","Missouri","2011-12","97.2",75240,4.7,"",NA,"2-stage Cluster Sample"
"3948","Polio","","States","Montana","2011-12","95.7",12128,100,"*",NA,"Census"
"3949","Polio","","States","Nebraska","2011-12","99.5",26715,96.6,"",NA,"Census"
"3950","Polio","","States","Nevada","2011-12","98.3",36557,5.2,"",NA,"2-stage Cluster Sample"
"3951","Polio","","States","New Hampshire","2011-12",NA,13022,100,"*",NA,"Census"
"3952","Polio","","States","New Jersey","2011-12",NA,118669,96.6,"",NA,"Census"
"3953","Polio","","States","New Mexico","2011-12","97.6",29159,2,"",NA,"2-stage Cluster Sample"
"3954","Polio","","States","New York","2011-12","98.4",236016,100,"*",NA,"Census"
"3955","Polio","","States","North Carolina","2011-12",NA,128854,95.4,"",NA,"Census"
"3956","Polio","","States","North Dakota","2011-12","90.6",8412,5.8,"¶",NA,"Convenient "
"3957","Polio","","States","Ohio","2011-12","96.2",146144,94.5,"",NA,"Convenient "
"3958","Polio","","States","Oklahoma","2011-12","94.6",52987,90.9,"¶",NA,"Census"
"3959","Polio","","States","Oregon","2011-12","94.0",45855,100,"*",NA,"Census"
"3960","Polio","","States","Pennsylvania","2011-12","95.5",148042,99,"",NA,"Census"
"3961","Polio","","States","Rhode Island","2011-12","92.6",12552,13.9,"",NA,"2-stage Cluster Sample"
"3962","Polio","","States","South Carolina","2011-12","96.7",59307,10.7,"",NA,"1-stage Cluster Sample"
"3963","Polio","","States","South Dakota","2011-12","97.2",12127,100,"*",NA,"Census"
"3964","Polio","","States","Tennessee","2011-12","97.3",83950,99.9,"≥",NA,"Census"
"3965","Polio","","States","Texas","2011-12","99.3",388178,100,"*",NA,"Census"
"3966","Polio","","States","Utah","2011-12","98.1",53800,100,"*",NA,"Census"
"3967","Polio","","States","Vermont","2011-12","92.7",6548,100,"*",NA,"Census"
"3968","Polio","","States","Virginia","2011-12","93.0",101121,4.3,"",NA,"2-stage Cluster Sample"
"3969","Polio","","States","Washington","2011-12","91.0",85134,89.1,"",NA,"Voluntary Response"
"3970","Polio","","States","West Virginia","2011-12","92.6",22449,94.9,"",NA,"Convenient "
"3971","Polio","","States","Wisconsin","2011-12","96.9",70672,2.3,"",NA,"2-stage Cluster Sample"
"3972","Polio","","States","Wyoming","2011-12",NA,NA,NA,"",NA,"Not conducted"
"3973","Polio","","States","Alabama","2012-13","92.8",72929,100,"≥. * . ‡. **",NA,"Census"
"3974","Polio","","States","Alaska","2012-13",NA,10319,97.8,"",NA,"Census"
"3975","Polio","","States","Arizona","2012-13","94.7",90054,97.6,"",NA,"Census"
"3976","Polio","","States","Arkansas","2012-13","81.1",43212,96.3,"‡",NA,"Census"
"3977","Polio","","States","California","2012-13","92.6",535523,99,"‡",NA,"Census"
"3978","Polio","","National","United States","2011-12","95.3",NA,NA,"",NA,"NaN"
"3979","Polio","","National","U.S. Median","2011-12","95.9",NA,NA,"",NA,"NaN"
"3980","Polio","","States","Colorado","2012-13","88.6",70657,0.5,"",NA,"Simple Random Sample"
"3981","Polio","","States","Connecticut","2012-13","97.2",41604,100,"*",NA,"Census"
"3982","Polio","","States","Delaware","2012-13","95.7",11997,7.8,"≥",NA,"2-stage Cluster Sample"
"3983","Polio","","States","District of Columbia","2012-13",NA,7842,100,"*",NA,"Census"
"3984","Polio","","States","Florida","2012-13","92.1",234628,100,"≥. *. §",NA,"Census"
"3985","Polio","","States","Georgia","2012-13","95.1",142732,2.4,"≥",NA,"2-stage Cluster Sample"
"3986","Polio","","States","Hawaii","2012-13",NA,20104,6.7,"",NA,"2-stage Cluster Sample"
"3987","Polio","","States","Idaho","2012-13","88.5",23888,100,"*",NA,"Census"
"3988","Polio","","States","Illinois","2012-13","94.4",166884,100,"*",NA,"Census"
"3989","Polio","","States","Indiana","2012-13","93.4",86983,83.4,"",NA,"Voluntary Response"
"3990","Polio","","States","Iowa","2012-13","90.5",41701,99.9,"≥",NA,"Census"
"3991","Polio","","States","Kansas","2012-13","86.7",40738,31.8,"†. ‡",NA,"Stratified 1-stage sample  (Public);  Census (Private)"
"3992","Polio","","States","Kentucky","2012-13","94.3",58466,97.2,"‡",NA,"Census"
"3993","Polio","","States","Louisiana","2012-13","99.0",68874,100,"*",NA,"Census"
"3994","Polio","","States","Maine","2012-13","95.2",14313,94.6,"‡",NA,"Census"
"3995","Polio","","States","Maryland","2012-13","99.6",75007,84.3,"‡",NA,"Voluntary Response"
"3996","Polio","","States","Massachusetts","2012-13","94.2",79661,97.6,"‡",NA,"Census"
"3997","Polio","","States","Michigan","2012-13","95.5",124662,100,"*",NA,"Census"
"3998","Polio","","States","Minnesota","2012-13","96.7",73310,100,"*. ‡ ",NA,"Census"
"3999","Polio","","States","Mississippi","2012-13","99.9",46595,100,"≥. *",NA,"Census"
"4000","Polio","","States","Missouri","2012-13","96.9",78416,5.9,"",NA,"2-stage Cluster Sample"
"4001","Polio","","States","Montana","2012-13","95.0",12516,95.8,"",NA,"Census"
"4002","Polio","","States","Nebraska","2012-13","97.5",24999,96.6,"‡",NA,"Census"
"4003","Polio","","States","Nevada","2012-13","97.4",36070,4.3,"",NA,"2-stage Cluster Sample"
"4004","Polio","","States","New Hampshire","2012-13",NA,12943,99.2,"",NA,"Census"
"4005","Polio","","States","New Jersey","2012-13","97.0",122516,96.7,"≥. ‡",NA,"Census"
"4006","Polio","","States","New Mexico","2012-13","96.8",29279,3.3,"‡ ",NA,"2-stage Cluster Sample"
"4007","Polio","","States","New York","2012-13","98.4",239484,100,"*. ‡",NA,"Census"
"4008","Polio","","States","North Carolina","2012-13",NA,130612,97.3,"",NA,"Census"
"4009","Polio","","States","North Dakota","2012-13","92.7",9503,4.9,"",NA,"2-stage Cluster Sample"
"4010","Polio","","States","Ohio","2012-13","96.5",163687,86.9,"",NA,"Census"
"4011","Polio","","States","Oklahoma","2012-13","90.6",56943,95.5,"",NA,"Census"
"4012","Polio","","States","Oregon","2012-13","93.6",47102,100,"*. ‡",NA,"Census"
"4013","Polio","","States","Pennsylvania","2012-13","94.9",151364,97.5,"||",NA,"Census"
"4014","Polio","","States","Rhode Island","2012-13","95.5",12552,75.2,"‡",NA,"Voluntary Response"
"4015","Polio","","States","South Carolina","2012-13","90.9",61799,17.9,"≥",NA,"1-Stage Cluster Sample"
"4016","Polio","","States","South Dakota","2012-13","97.6",12468,100,"*",NA,"Census"
"4017","Polio","","States","Tennessee","2012-13","94.5",85801,97,"≥",NA,"Census"
"4018","Polio","","States","Texas","2012-13","97.5",414688,96.6,"‡",NA,"Census"
"4019","Polio","","States","Utah","2012-13","98.1",54605,100,"*",NA,"Census"
"4020","Polio","","States","Vermont","2012-13","92.6",6792,100,"*",NA,"Census"
"4021","Polio","","States","Virginia","2012-13","94.1",104826,4.2,"",NA,"2-stage Cluster Sample"
"4022","Polio","","States","Washington","2012-13","91.4",87773,94.7,"",NA,"Census"
"4023","Polio","","States","West Virginia","2012-13","96.3",22588,86.5,"",NA,"Voluntary Response"
"4024","Polio","","States","Wisconsin","2012-13","98.2",72416,1.8,"‡",NA,"2-stage Cluster Sample"
"4025","Polio","","States","Wyoming","2012-13","97.6",8133,100,"* .¶",NA,"Census"
"4026","Polio","","States","Alabama","2013-14","92.0",76927,100,"≥. *. **",NA,"Census"
"4027","Polio","","States","Alaska","2013-14","97.2",10222,9.3,"†",NA,"Stratified  2-stage cluster sample"
"4028","Polio","","States","Arizona","2013-14","94.7",89606,95.8,"",NA,"Census"
"4029","Polio","","States","Arkansas","2013-14","80.2",42649,96.3,"",NA,"Census"
"4030","Polio","","States","California","2013-14","92.6",548606,97.3,"‡",NA,"Census"
"4031","Polio","","States","Colorado","2013-14","78.3",69904,0.5,"",NA,"Random Sample"
"4032","Polio","","States","Connecticut","2013-14","98.7",40978,100,"*",NA,"Census"
"4033","Polio","","States","Delaware","2013-14","96.4",11997,12.2,"≥",NA,"Stratified  2-stage cluster sample"
"4034","Polio","","States","District of Columbia","2013-14",NA,7856,100,"*",NA,"Census"
"4035","Polio","","States","Florida","2013-14","93.2",233797,100,"≥. *. §",NA,"Census"
"4036","Polio","","States","Georgia","2013-14","94.0",143988,100,"≥. *",NA,"Census"
"4037","Polio","","States","Hawaii","2013-14",NA,20056,5.4,"",NA,"Stratified  2-stage cluster sample"
"4038","Polio","","States","Idaho","2013-14","88.4",23934,100,"*",NA,"Census"
"4039","Polio","","States","Illinois","2013-14","94.9",163316,100,"*",NA,"Census"
"4040","Polio","","States","Indiana","2013-14","90.0",87193,70.3,"",NA,"Voluntary response"
"4041","Polio","","States","Iowa","2013-14","91.0",43728,94.6,"≥",NA,"Census"
"4042","Polio","","States","Kansas","2013-14","86.7",41107,29,"†. ‡",NA,"Stratified 1-stage sample  (Public);  Census (Private)"
"4043","Polio","","States","Kentucky","2013-14","94.3",57857,100,"*",NA,"Census"
"4044","Polio","","States","Louisiana","2013-14","99.0",63976,100,"*",NA,"Census"
"4045","Polio","","States","Maine","2013-14","93.4",15441,82.4,"‡",NA,"Voluntary response"
"4046","Polio","","States","Maryland","2013-14","99.2",75659,96.9,"‡",NA,"Census"
"4047","Polio","","States","Massachusetts","2013-14","94.4",79894,97.9,"‡",NA,"Census"
"4048","Polio","","States","Michigan","2013-14","95.4",120297,100,"*",NA,"Census"
"4049","Polio","","States","Minnesota","2013-14","96.6",72087,98.5,"‡",NA,"Census"
"4050","Polio","","States","Mississippi","2013-14","99.7",45719,100,"≥. *",NA,"Census"
"4051","Polio","","States","Missouri","2013-14","95.9",78140,100,"*",NA,"Census"
"4052","Polio","","States","Montana","2013-14","95.3",12855,95.4,"",NA,"Census"
"4053","Polio","","States","Nebraska","2013-14","97.1",27000,97.3,"‡",NA,"Census"
"4054","Polio","","States","Nevada","2013-14","94.8",35782,3.1,"",NA,"Stratified  2-stage cluster sample"
"4055","Polio","","States","New Hampshire","2013-14","94.7",13240,100,"≥. *",NA,"Census"
"4056","Polio","","States","New Jersey","2013-14","96.8",123085,95.4,"≥. ‡",NA,"Census"
"4057","Polio","","States","New Mexico","2013-14","97.4",30725,2.7,"‡",NA,"Stratified  2-stage cluster sample"
"4058","Polio","","States","New York","2013-14","98.1",240318,100,"*. ‡",NA,"Census"
"4059","Polio","","States","North Carolina","2013-14",NA,126084,97.7,"",NA,"Census"
"4060","Polio","","States","North Dakota","2013-14","90.7",9780,96.1,"",NA,"Census (Public); Stratified  2-stage cluster sample(Private)"
"4061","Polio","","States","Ohio","2013-14","96.4",150000,92.5,"",NA,"Census"
"4062","Polio","","States","Oklahoma","2013-14","96.5",57377,71.3,"",NA,"Voluntary response"
"4063","Polio","","States","Oregon","2013-14","93.3",47649,100,"*. ‡",NA,"Census"
"4064","Polio","","States","Pennsylvania","2013-14","93.2",151253,100,"*. ‡",NA,"Census"
"4065","Polio","","States","Rhode Island","2013-14","96.0",11521,99.1,"‡",NA,"Census"
"4066","Polio","","States","South Carolina","2013-14","97.6",61661,11,"",NA,"1-stage stratified sample"
"4067","Polio","","States","South Dakota","2013-14","96.4",12566,100,"*",NA,"Census"
"4068","Polio","","States","Tennessee","2013-14","94.9",80212,99.8,"≥",NA,"Census"
"4069","Polio","","States","Texas","2013-14","97.4",409255,97.1,"‡",NA,"Census"
"4070","Polio","","States","Utah","2013-14","98.4",54779,100,"*",NA,"Census"
"4071","Polio","","States","Vermont","2013-14","91.8",6771,100,"*",NA,"Census"
"4072","Polio","","States","Virginia","2013-14","93.3",105692,4.1,"",NA,"2-stage cluster  sample"
"4073","Polio","","States","Washington","2013-14","89.1",89165,88.5,"",NA,"Voluntary response"
"4074","Polio","","States","West Virginia","2013-14","96.1",22814,84.7,"",NA,"Voluntary response"
"4075","Polio","","States","Wisconsin","2013-14","96.7",71363,2.8,"‡",NA,"Stratified  2-stage cluster sample"
"4076","Polio","","States","Wyoming","2013-14",NA,NA,NA,"",NA,"Not conducted"
"4077","Polio","","States","Alabama","2014-15","93.5",59660,100,"≥. *",NA,"Census"
"4078","Polio","","States","Alaska","2014-15","94.8",10129,7.8,"†",NA,"Stratified 2-stage cluster sample"
"4079","Polio","","States","Arizona","2014-15","94.7",86153,98.3,"",NA,"Census"
"4080","Polio","","States","Arkansas","2014-15","84.5",41252,95.9,"‡",NA,"Census (public); Voluntary response (private)"
"4081","Polio","","States","California","2014-15","93.0",552583,96.9,"‡",NA,"Census"
"4082","Polio","","States","Colorado","2014-15","81.4",70597,0.5,"",NA,"Simple random sample"
"4083","Polio","","States","Connecticut","2014-15","97.0",39948,100,"*",NA,"Census"
"4084","Polio","","States","Delaware","2014-15","98.2",11476,7.9,"",NA,"Stratified 2-stage cluster sample"
"4085","Polio","","States","District of Columbia","2014-15","92.2",7840,100,"*",NA,"Census"
"4086","Polio","","States","Florida","2014-15","93.3",228982,100,"≥. *. §",NA,"Census"
"4087","Polio","","States","Georgia","2014-15","94.0",139471,100,"≥. *",NA,"Census"
"4088","Polio","","States","Hawaii","2014-15",NA,20085,5.6,"",NA,"Stratified 2-stage cluster sample"
"4089","Polio","","States","Idaho","2014-15","90.1",22968,100,"*",NA,"Census"
"4090","Polio","","States","Illinois","2014-15","94.8",156942,100,"*",NA,"Census"
"4091","Polio","","States","Indiana","2014-15","89.7",85477,70.1,"",NA,"Voluntary response"
"4092","Polio","","States","Iowa","2014-15","91.9",43239,96.3,"≥",NA,"Census"
"4093","Polio","","States","Kansas","2014-15","90.0",39685,24.5,"†.‡",NA,"Stratified 2-stage cluster sample"
"4094","Polio","","States","Kentucky","2014-15","94.7",57884,97.2,"‡",NA,"Census"
"4095","Polio","","States","Louisiana","2014-15","98.9",60377,100,"*",NA,"Census"
"4096","Polio","","States","Maine","2014-15","95.6",13704,88.9,"‡",NA,"Voluntary response (public); Census (private)"
"4097","Polio","","States","Maryland","2014-15","99.7",75391,90.2,"‡",NA,"Census (public); Voluntary response (private)"
"4098","Polio","","States","Massachusetts","2014-15","95.0",74869,100,"*. ‡",NA,"Census"
"4099","Polio","","States","Michigan","2014-15","95.6",117963,100,"*",NA,"Census"
"4100","Polio","","States","Minnesota","2014-15","94.3",70896,97.8,"",NA,"Census"
"4101","Polio","","States","Mississippi","2014-15","99.2",44129,100,"≥. *",NA,"Census"
"4102","Polio","","States","Missouri","2014-15","96.3",75900,100,"*",NA,"Census"
"4103","Polio","","States","Montana","2014-15","95.2",12501,95.7,"",NA,"Census (public); Voluntary response (private)"
"4104","Polio","","States","Nebraska","2014-15","97.6",26665,100,"*. ‡",NA,"Census"
"4105","Polio","","States","Nevada","2014-15","93.7",36755,2.8,"",NA,"Stratified 2-stage cluster sample"
"4106","Polio","","States","New Hampshire","2014-15","91.4",12422,98.9,"≥",NA,"Census (public); Voluntary response (private)"
"4107","Polio","","States","New Jersey","2014-15","92.3",120471,93.9,"≥. ‡",NA,"Census (public); Voluntary response (private)"
"4108","Polio","","States","New Mexico","2014-15","97.9",29918,3.3,"†",NA,"Stratified 2-stage cluster sample"
"4109","Polio","","States","New York","2014-15","97.5",237045,100,"*.‡",NA,"Census"
"4110","Polio","","States","North Carolina","2014-15","96.7",129792,95,"",NA,"Census (public). Voluntary response (private)"
"4111","Polio","","States","North Dakota","2014-15","90.9",10017,99.9,"",NA,"Census"
"4112","Polio","","States","Ohio","2014-15","92.5",149080,91,"",NA,"Census (public); Voluntary response (private)"
"4113","Polio","","States","Oklahoma","2014-15","90.4",56967,95.9,"‡",NA,"Census"
"4114","Polio","","States","Oregon","2014-15","94.0",46229,100,"*.‡",NA,"Census"
"4115","Polio","","States","Pennsylvania","2014-15","97.0",146378,98.3,"‡",NA,"Census"
"4116","Polio","","States","Rhode Island","2014-15","96.2",11163,98.9,"‡",NA,"Census"
"4117","Polio","","States","South Carolina","2014-15","97.7",62864,12.2,"",NA,"Stratified 1-stage cluster sample"
"4118","Polio","","States","South Dakota","2014-15","96.8",12008,100,"*",NA,"Census"
"4119","Polio","","States","Tennessee","2014-15","95.1",78276,100,"≥. *",NA,"Census"
"4120","Polio","","States","Texas","2014-15","97.3",406099,98.3,"‡",NA,"Census (public); Voluntary response (private)"
"4121","Polio","","States","Utah","2014-15","94.2",50916,100,"*",NA,"Census"
"4122","Polio","","States","Vermont","2014-15","93.7",6277,100,"*",NA,"Census"
"4123","Polio","","States","Virginia","2014-15","91.9",103821,4.1,"",NA,"Stratified 2-stage cluster sample"
"4124","Polio","","States","Washington","2014-15","88.4",88809,96.7,"",NA,"Census (public); Voluntary response (private)"
"4125","Polio","","States","West Virginia","2014-15","98.8",22016,81.3,"",NA,"Voluntary response"
"4126","Polio","","States","Wisconsin","2014-15","96.7",69335,2.5,"‡",NA,"Stratified 2-stage cluster sample"
"4127","Polio","","States","Wyoming","2014-15","96.9",7983,97.9,"¶",NA,"Census"
"4128","Polio","","States","Alabama","2015-16","93.1",60392,100,"≥.*",NA,"Census"
"4129","Polio","","States","Alaska","2015-16","95.2",9937,7.8,"†.§",NA,"Stratified 2-stage cluster sample"
"4130","Polio","","States","Arizona","2015-16","94.6",83088,100,"*",NA,"Census"
"4131","Polio","","States","Arkansas","2015-16","88.1",40258,95.6,"‡",NA,"Census (public); Voluntary response (private)"
"4132","Polio","","States","California","2015-16","94.7",593788,92.8,"‡",NA,"Census"
"4133","Polio","","States","Colorado","2015-16","82.3",69137,0.5,"",NA,"Simple random sample"
"4134","Polio","","States","Connecticut","2015-16","97.0",39533,100,"*",NA,"Census"
"4135","Polio","","States","Delaware","2015-16","98.2",11589,9.5,"",NA,"Stratified 2-stage cluster sample"
"4136","Polio","","States","District of Columbia","2015-16","90.7",8080,100,"*",NA,"Census"
"4137","Polio","","States","Florida","2015-16","93.7",224430,100,"≥.*.§",NA,"Census"
"4138","Polio","","States","Georgia","2015-16","94.6",131403,100,"≥.*",NA,"Census"
"4139","Polio","","States","Hawaii","2015-16","94.4",16325,6.7,"",NA,"Stratified 2-stage cluster sample"
"4140","Polio","","States","Idaho","2015-16","90.6",22686,100,"*",NA,"Census"
"4141","Polio","","States","Illinois","2015-16","94.9",151309,100,"*",NA,"Census"
"4142","Polio","","States","Indiana","2015-16","89.7",83525,69.5,"",NA,"Voluntary response"
"4143","Polio","","States","Iowa","2015-16","91.8",41215,100,"≥.*",NA,"Census"
"4144","Polio","","States","Kansas","2015-16","88.3",39555,21,"†.‡.§",NA,"Stratified 2-stage cluster sample"
"4145","Polio","","States","Kentucky","2015-16","94.3",54353,99.5,"‡.§",NA,"Census"
"4146","Polio","","States","Louisiana","2015-16","96.9",59159,100,"*",NA,"Census"
"4147","Polio","","States","Maine","2015-16","96.0",13526,90.5,"",NA,"Census"
"4148","Polio","","States","Maryland","2015-16","99.8",72012,94.3,"‡",NA,"Census (public); Voluntary response (private)"
"4149","Polio","","States","Massachusetts","2015-16","96.7",72897,100,"*.‡",NA,"Census"
"4150","Polio","","States","Michigan","2015-16","96.3",116299,100,"*",NA,"Census"
"4151","Polio","","States","Minnesota","2015-16","93.7",69710,97.8,"§",NA,"Census"
"4152","Polio","","States","Mississippi","2015-16","99.4",41042,100,"≥.*",NA,"Census"
"4153","Polio","","States","Missouri","2015-16","96.0",74413,100,"*.§",NA,"Census"
"4154","Polio","","States","Montana","2015-16","95.3",11484,100,"*",NA,"Census"
"4155","Polio","","States","Nebraska","2015-16","97.1",30409,100,"*.‡",NA,"Census"
"4156","Polio","","States","Nevada","2015-16","95.6",37118,3.3,"",NA,"Stratified 2-stage cluster sample"
"4157","Polio","","States","New Hampshire","2015-16","91.9",11852,99.8,"≥",NA,"Census"
"4158","Polio","","States","New Jersey","2015-16","96.3",110116,100,"≥.*",NA,"Census"
"4159","Polio","","States","New Mexico","2015-16","95.6",29049,2.7,"†",NA,"Stratified 2-stage cluster sample"
"4160","Polio","","States","New York","2015-16","94.0",232521,100,"*",NA,"Census"
"4161","Polio","","States","North Carolina","2015-16","97.1",128290,92,"‡.§",NA,"Census (public). Voluntary response (private)"
"4162","Polio","","States","North Dakota","2015-16","91.2",9875,97.1,"",NA,"Census"
"4163","Polio","","States","Ohio","2015-16","92.4",144604,93.7,"",NA,"Census (public); Voluntary response (private)"
"4164","Polio","","States","Oklahoma","2015-16","95.9",54335,96.1,"‡",NA,"Census"
"4165","Polio","","States","Oregon","2015-16","93.7",45531,100,"*.‡",NA,"Census"
"4166","Polio","","States","Pennsylvania","2015-16","97.8",143298,93.2,"",NA,"Census (public); Voluntary response (private)"
"4167","Polio","","States","Rhode Island","2015-16","97.0",11165,100,"*.‡.§",NA,"Census"
"4168","Polio","","States","South Carolina","2015-16","97.5",59240,8.9,"",NA,"Stratified 1-stage cluster sample"
"4169","Polio","","States","South Dakota","2015-16","96.3",12181,100,"*",NA,"Census"
"4170","Polio","","States","Tennessee","2015-16","93.6",79233,100,"*.§",NA,"Census"
"4171","Polio","","States","Texas","2015-16","97.6",394801,98.7,"‡.§",NA,"Census (public); Voluntary response (private)"
"4172","Polio","","States","Utah","2015-16","94.1",50114,100,"*",NA,"Census"
"4173","Polio","","States","Vermont","2015-16","93.8",6366,100,"*",NA,"Census"
"4174","Polio","","States","Virginia","2015-16","93.9",100074,4.3,"†.§",NA,"Stratified 2-stage cluster sample"
"4175","Polio","","States","Washington","2015-16","88.7",86492,97.3,"§",NA,"Census"
"4176","Polio","","States","West Virginia","2015-16","95.4",21333,87.6,"",NA,"Voluntary response"
"4177","Polio","","States","Wisconsin","2015-16","93.4",70220,2,"‡.§",NA,"Stratified 2-stage cluster sample"
"4178","Polio","","States","Wyoming","2015-16","96.9",7825,74,"§.¶",NA,"Voluntary response"
"4179","Polio","","States","Alabama","2016-17","93.8",58394,100,"≥.*",NA,"Census"
"4180","Polio","","States","Alaska","2016-17","91.8",9815,7.6,"†.§",NA,"Stratified 2-stage cluster sample"
"4181","Polio","","States","Arizona","2016-17","94.4",83627,100,"*",NA,"Census"
"4182","Polio","","States","Arkansas","2016-17","89.0",39666,75.9,"‡",NA,"Voluntary response"
"4183","Polio","","States","California","2016-17","97.3",575305,97.8,"‡",NA,"Census"
"4184","Polio","","States","Colorado","2016-17","86.1",64440,100,"*",NA,"Census"
"4185","Polio","","States","Connecticut","2016-17","96.8",39002,100,"*",NA,"Census"
"4186","Polio","","States","Delaware","2016-17","99.4",11490,9.3,"",NA,"Stratified 2-stage cluster sample"
"4187","Polio","","States","Florida","2016-17","94.1",224463,100,"≥.*.§",NA,"Census"
"4188","Polio","","States","Georgia","2016-17","93.3",136165,100,"≥.*",NA,"Census"
"4189","Polio","","States","Hawaii","2016-17","94.5",16325,6.7,"",NA,"Stratified 2-stage cluster sample"
"4190","Polio","","States","Idaho","2016-17","90.3",22589,100,"*",NA,"Census"
"4191","Polio","","States","Illinois","2016-17","94.8",151309,97.7,"",NA,"Census"
"4192","Polio","","States","Indiana","2016-17","89.5",83263,80.3,"",NA,"Voluntary response"
"4193","Polio","","States","Iowa","2016-17","92.6",39587,100,"≥.*",NA,"Census"
"4194","Polio","","States","Kansas","2016-17","88.2",38298,22.9,"†.‡.§",NA,"Stratified 2-stage cluster sample"
"4195","Polio","","States","Kentucky","2016-17","92.7",51487,92.9,"‡.§",NA,"Census"
"4196","Polio","","States","Louisiana","2016-17","97.1",55257,100,"*",NA,"Census"
"4197","Polio","","States","Maine","2016-17","96.1",13834,90.1,"",NA,"Voluntary response (public). census (private)"
"4198","Polio","","States","Maryland","2016-17","98.5",71467,98.1,"‡",NA,"Census"
"4199","Polio","","States","Massachusetts","2016-17","96.6",70109,100,"*.‡",NA,"Census"
"4200","Polio","","States","Michigan","2016-17","96.2",118777,100,"*",NA,"Census"
"4201","Polio","","States","Minnesota","2016-17","93.7",69140,96.7,"§",NA,"Census"
"4202","Polio","","States","Mississippi","2016-17","99.4",40509,100,"≥.*",NA,"Census"
"4203","Polio","","States","Missouri","2016-17","95.6",73355,100,"*",NA,"Census"
"4204","Polio","","National","United States","2012-13","94.7",NA,NA,"",NA,"NaN"
"4205","Polio","","National","U.S. Median","2012-13","95.1",NA,NA,"",NA,"NaN"
"4206","Polio","","National","United States","2013-14","94.4",NA,NA,"",NA,"NaN"
"4207","Polio","","National","U.S. Median","2013-14","94.9",NA,NA,"",NA,"NaN"
"4208","Polio","","National","United States","2014-15","94.4",NA,NA,"",NA,"NaN"
"4209","Polio","","National","U.S. Median","2014-15","94.8",NA,NA,"",NA,"NaN"
"4210","Polio","","National","United States","2015-16","94.7",NA,NA,"",NA,"NaN"
"4211","Polio","","National","U.S. Median","2015-16","94.8",NA,NA,"",NA,"NaN"
"4212","Polio","","National","United States","2016-17","95.2",NA,NA,"",NA,"NaN"
"4213","Polio","","National","U.S. Median","2016-17","94.4",NA,NA,"",NA,"NaN"
"4214","Polio","","National","United States","2017-18","95.1",NA,NA,"",NA,"NaN"
"4215","Polio","","National","U.S. Median","2017-18","94.4",NA,NA,"",NA,"NaN"
"4216","Polio","","National","United States","2018-19","94.7",NA,NA,"",NA,"NaN"
"4217","Polio","","National","U.S. Median","2018-19","94.1",NA,NA,"",NA,"NaN"
"4218","Polio","","States","Montana","2016-17","94.2",11956,100,"*",NA,"Census"
"4219","Polio","","States","Nebraska","2016-17","97.6",27117,100,"*.‡.‡‡",NA,"Census"
"4220","Polio","","States","Nevada","2016-17","90.4",36885,3.7,"",NA,"Stratified 2-stage cluster sample"
"4221","Polio","","States","New Hampshire","2016-17","91.5",12145,100,"≥.*",NA,"Census"
"4222","Polio","","States","New Jersey","2016-17","96.5",109577,100,"≥.*",NA,"Census"
"4223","Polio","","States","New Mexico","2016-17","95.1",27119,4.5,"",NA,"Stratified 2-stage cluster sample"
"4224","Polio","","States","New York","2016-17","97.1",227050,100,"*",NA,"Census"
"4225","Polio","","States","North Carolina","2016-17","96.2",126454,88.2,"‡.§",NA,"Voluntary response"
"4226","Polio","","States","North Dakota","2016-17","94.0",9799,98.7,"",NA,"Census"
"4227","Polio","","States","Ohio","2016-17","92.7",137542,95.5,"",NA,"Census"
"4228","Polio","","States","Oklahoma","2016-17",NA,52184,0,"‡.¶",NA,"Census"
"4229","Polio","","States","Oregon","2016-17","93.5",45705,100,"*.‡",NA,"Census"
"4230","Polio","","States","Pennsylvania","2016-17","97.2",143888,84.4,"",NA,"Voluntary response"
"4231","Polio","","States","Rhode Island","2016-17","95.8",11100,98.4,"‡.§",NA,"Census"
"4232","Polio","","States","South Carolina","2016-17","96.5",59177,8.9,"",NA,"Stratified 1-stage cluster sample"
"4233","Polio","","States","South Dakota","2016-17","96.5",12106,99.8,"",NA,"Census"
"4234","Polio","","States","Tennessee","2016-17","96.8",78169,100,"*.§",NA,"Census"
"4235","Polio","","States","Texas","2016-17","97.3",389999,99,"‡.§",NA,"Census"
"4236","Polio","","States","Utah","2016-17","93.9",49073,100,"*",NA,"Census"
"4237","Polio","","States","Vermont","2016-17","93.5",6344,100,"*",NA,"Census"
"4238","Polio","","States","Virginia","2016-17","93.6",102357,4,"†",NA,"Stratified 2-stage cluster sample"
"4239","Polio","","States","Washington","2016-17","90.6",87142,98.2,"§",NA,"Census"
"4240","Polio","","States","West Virginia","2016-17","96.2",28666,66.5,"§",NA,"Census (public). voluntary response (private)"
"4241","Polio","","States","Wisconsin","2016-17","93.8",67607,2.2,"†.‡.§",NA,"Stratified 2-stage cluster sample"
"4242","Polio","","States","Wyoming","2016-17",NA,NA,NA,"",NA,"Not conducted"
"4243","Polio","","States","Alabama","2017-18","92.7",57245,100,"≥.*",NA,"Census"
"4244","Polio","","States","Alaska","2017-18","92.9",9692,84.4,"†.§",NA,"Stratified 2-stage cluster sample"
"4245","Polio","","States","Arizona","2017-18","93.9",81710,100,"*",NA,"Census"
"4246","Polio","","States","Arkansas","2017-18","91.3",39630,95.4,"‡",NA,"Census "
"4247","Polio","","States","California","2017-18","96.8",574702,100,"‡",NA,"Census"
"4248","Polio","","States","Colorado","2017-18","88.6",65718,100,"*",NA,"Census"
"4249","Polio","","States","Connecticut","2017-18","96.5",39174,100,"*",NA,"Census"
"4250","Polio","","States","Delaware","2017-18","97.1",10988,9.5,"",NA,"Stratified 2-stage cluster sample"
"4251","Polio","","States","Florida","2017-18","93.7",222397,100,"≥.*.§",NA,"Census"
"4252","Polio","","States","Georgia","2017-18","93.4",131459,100,"≥.*",NA,"Census"
"4253","Polio","","States","Hawaii","2017-18","95.3",16325,6.6,"",NA,"Stratified 2-stage cluster sample"
"4254","Polio","","States","Idaho","2017-18","89.9",22553,99,"",NA,"Census"
"4255","Polio","","States","Illinois","2017-18","95.1",144858,100,"*",NA,"Census"
"4256","Polio","","States","Indiana","2017-18","92.7",84296,96.4,"",NA,"Voluntary Response"
"4257","Polio","","States","Iowa","2017-18","93.0",39632,100,"≥.*",NA,"Census"
"4258","Polio","","States","Kansas","2017-18","88.8",38484,23.1,"†.‡.§",NA,"Stratified 2-stage cluster sample"
"4259","Polio","","States","Kentucky","2017-18","94.0",55152,99,"‡.§",NA,"Census"
"4260","Polio","","States","Louisiana","2017-18","95.8",58277,100,"*",NA,"Census"
"4261","Polio","","States","Maine","2017-18","95.3",13255,95.9,"",NA,"Census "
"4262","Polio","","States","Maryland","2017-18","98.1",68528,98.5,"‡",NA,"Census"
"4263","Polio","","States","Massachusetts","2017-18","96.3",63377,100,"*.‡",NA,"Census"
"4264","Polio","","States","Michigan","2017-18","95.7",119028,100,"*",NA,"Census"
"4265","Polio","","States","Minnesota","2017-18","93.0",69807,98.1,"§",NA,"Census"
"4266","Polio","","States","Mississippi","2017-18","99.4",39284,100,"≥.*",NA,"Census"
"4267","Polio","","States","Missouri","2017-18","95.5",73113,100,"*",NA,"Census"
"4268","Polio","","States","Montana","2017-18","93.8",12188,100,"*",NA,"Census"
"4269","Polio","","States","Nebraska","2017-18","96.7",26313,98.6,"‡.‡‡",NA,"Census"
"4270","Polio","","States","Nevada","2017-18","93.8",37178,4.8,"",NA,"Stratified 2-stage cluster sample"
"4271","Polio","","States","New Hampshire","2017-18","92.4",12165,100,"≥",NA,"Census"
"4272","Polio","","States","New Jersey","2017-18","96.1",107630,100,"≥.*",NA,"Census"
"4273","Polio","","States","New Mexico","2017-18","94.8",26896,99.6,"",NA,"Stratified 2-stage cluster sample"
"4274","Polio","","States","New York","2017-18","97.0",226456,100,"*",NA,"Census"
"4275","Polio","","States","North Carolina","2017-18","97.0",127197,90.9,"‡.§",NA,"Census"
"4276","Polio","","States","North Dakota","2017-18","94.4",10365,99.4,"",NA,"Census"
"4277","Polio","","States","Ohio","2017-18","92.3",138753,94.9,"",NA,"Census"
"4278","Polio","","States","Oklahoma","2017-18","93.7",53898,92.1,"§",NA,"Census (public). voluntary response (private)"
"4279","Polio","","States","Oregon","2017-18","92.7",45818,100,"*.‡",NA,"Census"
"4280","Polio","","States","Pennsylvania","2017-18","96.5",141571,93.3,"",NA,"Voluntary response"
"4281","Polio","","States","Rhode Island","2017-18","96.3",11025,100,"*.‡.§",NA,"Census"
"4282","Polio","","States","South Carolina","2017-18","97.0",58458,27,"",NA,"Stratified 1-stage cluster sample"
"4283","Polio","","States","South Dakota","2017-18","96.5",12125,99.9,"",NA,"Census"
"4284","Polio","","States","Tennessee","2017-18","96.7",78743,100,"*.§",NA,"Census"
"4285","Polio","","States","Texas","2017-18","96.9",387981,99.4,"‡.§",NA,"Census"
"4286","Polio","","States","Utah","2017-18","93.5",48827,100,"*",NA,"Census"
"4287","Polio","","States","Vermont","2017-18","94.1",6255,100,"*",NA,"Census"
"4288","Polio","","States","Virginia","2017-18","93.5",100581,4.4,"†",NA,"Stratified 2-stage cluster sample"
"4289","Polio","","States","Washington","2017-18","89.9",85118,96.9,"§",NA,"Census"
"4290","Polio","","States","West Virginia","2017-18","98.2",19519,79.3,"¶",NA,"Voluntary response"
"4291","Polio","","States","Wisconsin","2017-18","92.4",66178,2.3,"†.‡.§",NA,"Stratified 2-stage cluster sample"
"4292","Polio","","States","Wyoming","2017-18",NA,NA,NA,"",NA,"Not conducted "
"4293","Polio","","States","Alabama","2018-19","90.6",77739,100,"≥.*",NA,"Census"
"4294","Polio","","States","Arizona","2018-19","93.2",79981,100,"*",NA,"Census"
"4295","Polio","","States","Arkansas","2018-19","93.6",39257,95.4,"‡",NA,"Census (public). voluntary response (private)"
"4296","Polio","","States","California","2018-19","96.5",568947,97.7,"‡",NA,"Census"
"4297","Polio","","States","Colorado","2018-19","87.2",64191,100,"*",NA,"Census"
"4298","Polio","","States","Connecticut","2018-19","96.0",38230,100,"*",NA,"Census"
"4299","Polio","","States","Delaware","2018-19","98.1",10798,9.5,"",NA,"Stratified 2-stage cluster sample"
"4300","Polio","","States","Florida","2018-19","93.8",224641,100,"≥.*.§",NA,"Census"
"4301","Polio","","States","Georgia","2018-19","93.6",131275,100,"≥.*",NA,"Census"
"4302","Polio","","States","Hawaii","2018-19","92.8",16051,6.7,"",NA,"Stratified 2-stage cluster sample"
"4303","Polio","","States","Idaho","2018-19","89.1",22995,99,"",NA,"Census"
"4304","Polio","","States","Illinois","2018-19","94.6",143876,100,"*",NA,"Census"
"4305","Polio","","States","Indiana","2018-19","91.3",82324,96.4,"",NA,"Census"
"4306","Polio","","States","Iowa","2018-19","93.3",40624,100,"≥.*",NA,"Census"
"4307","Polio","","States","Kansas","2018-19","89.3",37838,23.1,"†.‡.§",NA,"Stratified 2-stage cluster sample"
"4308","Polio","","States","Kentucky","2018-19","94.1",55587,99,"‡.§",NA,"Census"
"4309","Polio","","States","Louisiana","2018-19","98.4",56203,100,"*",NA,"Census"
"4310","Polio","","States","Maine","2018-19","94.5",13419,95.9,"",NA,"Census"
"4311","Polio","","States","Maryland","2018-19","97.9",71431,100,"‡",NA,"Census"
"4312","Polio","","States","Massachusetts","2018-19","96.9",65279,100,"*.‡",NA,"Census"
"4313","Polio","","States","Michigan","2018-19","95.2",118632,100,"*",NA,"Census"
"4314","Polio","","States","Minnesota","2018-19","92.8",70085,98.1,"§",NA,"Census"
"4315","Polio","","States","Mississippi","2018-19","99.2",37775,100,"≥.*",NA,"Census"
"4316","Polio","","States","Missouri","2018-19","95.0",72687,100,"*",NA,"Census"
"4317","Polio","","States","Montana","2018-19","93.7",12480,100,"*",NA,"Census"
"4318","Polio","","States","Nebraska","2018-19","97.5",26925,98.6,"‡.‡‡",NA,"Census"
"4319","Polio","","States","Nevada","2018-19","95.4",37971,4.8,"",NA,"Stratified 2-stage cluster sample"
"4320","Polio","","States","New Hampshire","2018-19","91.8",12421,100,"≥",NA,"Census"
"4321","Polio","","States","New Jersey","2018-19","95.0",109161,100,"≥.*",NA,"Census"
"4322","Polio","","States","New Mexico","2018-19","96.1",25269,99.6,"",NA,"Census"
"4323","Polio","","States","New York","2018-19","96.8",220495,100,"*",NA,"Census"
"4324","Polio","","States","North Carolina","2018-19","93.3",124343,90.9,"‡.§",NA,"Census (public). voluntary response (private)"
"4325","Polio","","States","North Dakota","2018-19","93.8",10382,99.4,"",NA,"Census"
"4326","Polio","","States","Ohio","2018-19","92.0",139679,94.9,"",NA,"Census (public). voluntary response (private)"
"4327","Polio","","States","Oklahoma","2018-19","93.0",54806,92.1,"§",NA,"Census (public). voluntary response (private)"
"4328","Polio","","States","Oregon","2018-19","92.7",45870,100,"*.‡",NA,"Census"
"4329","Polio","","States","Pennsylvania","2018-19","96.2",143560,93.3,"",NA,"Census (public). voluntary response (private)"
"4330","Polio","","States","Rhode Island","2018-19","97.6",10964,100,"*.‡.§",NA,"Census"
"4331","Polio","","States","South Carolina","2018-19","95.0",58442,27,"",NA,"Stratified 1-stage cluster sample"
"4332","Polio","","States","South Dakota","2018-19","95.9",12062,99.9,"",NA,"Census"
"4333","Polio","","States","Tennessee","2018-19","96.2",78630,100,"*.§",NA,"Census"
"4334","Polio","","States","Texas","2018-19","96.9",390034,99.4,"‡.§",NA,"Census"
"4335","Polio","","States","Utah","2018-19","92.6",50179,100,"*",NA,"Census"
"4336","Polio","","States","Vermont","2018-19","92.5",6126,100,"*",NA,"Census"
"4337","Polio","","States","Virginia","2018-19","93.5",100394,4.4,"†",NA,"Stratified 2-stage cluster sample"
"4338","Polio","","States","Washington","2018-19","90.2",87510,96.9,"§",NA,"Census"
"4339","Polio","","States","West Virginia","2018-19","98.8",19442,79.3,"¶",NA,"Voluntary response"
"4340","Polio","","States","Wisconsin","2018-19","92.3",66344,2.3,"†.‡.§",NA,"Stratified 2-stage cluster sample"
"4341","Polio","","States","Wyoming","2018-19","95.3",7734,100,"*",NA,"Census"
"4342","Polio","","States","Alabama","2019-20","86.6",59477,94.9,"≥",NA,"Census"
"4343","Polio","","States","Alaska","2019-20",NA,10381,82.7,"§",NA,"Voluntary response"
"4344","Polio","","States","Arizona","2019-20","93.1",83976,98.7,"",NA,"Census (public). voluntary response (private)"
"4345","Polio","","States","Arkansas","2019-20","93.4",39510,96.2,"‡",NA,"Census (public). voluntary response (private)"
"4346","Polio","","States","California","2019-20","96.6",566155,97.9,"‡",NA,"Census"
"4347","Polio","","States","Colorado","2019-20","90.6",69088,98.2,"",NA,"Census"
"4348","Polio","","States","Connecticut","2019-20","96.3",38888,100,"*",NA,"Census"
"4349","Polio","","States","Delaware","2019-20",NA,NA,NA,"",NA,"Not Conducted"
"4350","Polio","","States","District of Columbia","2019-20",NA,NA,NA,"",NA,"Not Conducted"
"4351","Polio","","States","Florida","2019-20","93.5",228298,100,"≥.*.§",NA,"Census"
"4352","Polio","","States","Georgia","2019-20","93.1",130102,100,"≥.*",NA,"Census"
"4353","Polio","","States","Hawaii","2019-20","91.6",15695,8.9,"",NA,"Stratified 2-stage cluster sample"
"4354","Polio","","States","Idaho","2019-20","89.1",23301,98.5,"",NA,"Census"
"4355","Polio","","States","Illinois","2019-20","96.5",145891,100,"*",NA,"Census"
"4356","Polio","","States","Indiana","2019-20","90.4",88253,65.7,"",NA,"Voluntary response"
"4357","Polio","","States","Iowa","2019-20","93.2",40812,100,"≥.*",NA,"Census"
"4358","Polio","","States","Kansas","2019-20","93.7",37865,34.3,"†.‡.§",NA,"Stratified 2-stage cluster sample"
"4359","Polio","","States","Kentucky","2019-20","94.1",59233,92.9,"‡.§",NA,"Census"
"4360","Polio","","States","Louisiana","2019-20","98.0",59685,100,"*",NA,"Census"
"4361","Polio","","States","Maine","2019-20","94.2",13450,99.6,"",NA,"Census "
"4362","Polio","","States","Maryland","2019-20","98.4",72443,98.3,"‡",NA,"Census (public). voluntary response (private)"
"4363","Polio","","States","Massachusetts","2019-20","97.3",66756,100,"*.‡",NA,"Census"
"4364","Polio","","States","Michigan","2019-20","95.3",120565,100,"*",NA,"Census"
"4365","Polio","","States","Minnesota","2019-20","92.8",71223,98.7,"§",NA,"Census"
"4366","Polio","","States","Mississippi","2019-20","99.1",37870,100,"≥.*",NA,"Census"
"4367","Polio","","States","Missouri","2019-20","94.9",72324,100,"*",NA,"Census"
"4368","Polio","","States","Montana","2019-20","93.8",12501,100,"*",NA,"Census"
"4369","Polio","","States","Nebraska","2019-20","97.4",26893,96.7,"‡.‡‡",NA,"Census"
"4370","Polio","","States","Nevada","2019-20","95.0",37724,99.9,"",NA,"Census"
"4371","Polio","","States","New Hampshire","2019-20","91.5",12447,100,"≥.*",NA,"Census"
"4372","Polio","","States","New Jersey","2019-20","95.9",107900,100,"≥.*",NA,"Census"
"4373","Polio","","States","New Mexico","2019-20","96.9",23087,100,"*",NA,"Census"
"4374","Polio","","States","New York","2019-20","97.2",234165,99.9,"",NA,"Census"
"4375","Polio","","States","North Carolina","2019-20","95.5",124548,97.8,"‡.§",NA,"Census"
"4376","Polio","","States","North Dakota","2019-20","94.6",10587,99.5,"",NA,"Census"
"4377","Polio","","States","Ohio","2019-20","92.7",139103,98.8,"",NA,"Census"
"4378","Polio","","States","Oklahoma","2019-20","94.1",55348,85.6,"§",NA,"Voluntary response"
"4379","Polio","","States","Oregon","2019-20","92.8",45959,100,"*.‡",NA,"Census"
"4380","Polio","","States","Pennsylvania","2019-20","96.5",140197,98.8,"",NA,"Census"
"4381","Polio","","States","Rhode Island","2019-20","97.5",11219,98.5,"*.‡.§",NA,"Census"
"4382","Polio","","States","South Carolina","2019-20","95.4",65938,27.5,"†",NA,"Stratified 1-stage cluster sample"
"4383","Polio","","States","South Dakota","2019-20","96.0",12367,99.8,"",NA,"Census"
"4384","Polio","","States","Tennessee","2019-20","96.5",80595,100,"*.§",NA,"Census"
"4385","Polio","","States","Texas","2019-20","96.8",398680,99.6,"‡.§",NA,"Census"
"4386","Polio","","States","Utah","2019-20","92.5",49208,100,"*",NA,"Census"
"4387","Polio","","States","Vermont","2019-20","94.1",6293,100,"*",NA,"Census"
"4388","Polio","","States","Virginia","2019-20","92.7",99399,1.2,"†",NA,"Stratified 2-stage cluster sample"
"4389","Polio","","States","Washington","2019-20","92.8",87757,91.9,"§",NA,"Census"
"4390","Polio","","States","West Virginia","2019-20","99.0",17114,49.6,"¶",NA,"Voluntary response"
"4391","Polio","","States","Wisconsin","2019-20","93.7",67391,2.6,"†.‡.§",NA,"Stratified 2-stage cluster sample"
"4392","Polio","","States","Wyoming","2019-20","94.7",7913,100,"*",NA,"Census"
"4393","Polio","","States","Alabama","2020-21","94.7",56974,100,">=.*",NA,"Census"
"4394","Polio","","States","Arizona","2020-21","92.3",76382,92.4,"",NA,"Census (public). voluntary response (private)"
"4395","Polio","","States","Arkansas","2020-21","92.7",37540,95.6,"‡",NA,"Census (public). voluntary response (private)"
"4396","Polio","","States","California","2020-21","95.2",498214,97.5,"‡",NA,"Census"
"4397","Polio","","States","Colorado","2020-21","89.8",63619,97.3,"",NA,"Census"
"4398","Polio","","States","Connecticut","2020-21","95.2",34396,100,"*",NA,"Census"
"4399","Polio","","States","Delaware","2020-21","95.9",10587,9.2,"",NA,"Stratified 2-stage cluster sample"
"4400","Polio","","States","District of Columbia","2020-21","80.4",8262,100,"*",NA,"Census"
"4401","Polio","","States","Florida","2020-21","93.3",207026,100,">=.*",NA,"Census"
"4402","Polio","","States","Georgia","2020-21","88.5",83191,100,">=.*",NA,"Census"
"4403","Polio","","States","Hawaii","2020-21","88.4",13074,9.3,"",NA,"Stratified 2-stage cluster sample"
"4404","Polio","","States","Idaho","2020-21","86.6",22677,98.3,"",NA,"Census"
"4405","Polio","","States","Illinois","2020-21","NR",NA,NA,"",NA,"Not Conducted"
"4406","Polio","","States","Indiana","2020-21","89.9",78694,71.4,"§",NA,"Voluntary response"
"4407","Polio","","States","Iowa","2020-21","93.4",39141,100,">=.*",NA,"Census"
"4408","Polio","","States","Kansas","2020-21","92.5",34687,32.7,"†.‡.§",NA,"Stratified 2-stage cluster sample"
"4409","Polio","","States","Kentucky","2020-21","90.1",59233,86.4,"‡.§",NA,"Census (public). voluntary response (private)"
"4410","Polio","","States","Louisiana","2020-21","98.6",61912,100,"*",NA,"Census"
"4411","Polio","","States","Maine","2020-21","94.2",13477,85,"",NA,"Voluntary response (public). census (private)"
"4412","Polio","","States","Maryland","2020-21","90.1",65764,75.6,"‡",NA,"Voluntary response"
"4413","Polio","","States","Massachusetts","2020-21","95.6",60724,100,"*.‡",NA,"Census"
"4414","Polio","","States","Michigan","2020-21","95.9",106657,100,"*",NA,"Census"
"4415","Polio","","States","Minnesota","2020-21","89.7",66007,95.2,"",NA,"Census"
"4416","Polio","","States","Mississippi","2020-21","98.9",34028,100,">=.*",NA,"Census"
"4417","Polio","","States","Missouri","2020-21","92.9",63093,100,"*",NA,"Census"
"4418","Polio","","States","Montana","2020-21","92.9",11279,100,"*",NA,"Census"
"4419","Polio","","States","Nebraska","2020-21","97.0",25681,94.8,"‡",NA,"Census (public). voluntary response (private)"
"4420","Polio","","States","Nevada","2020-21","96.1",34171,94.7,"",NA,"Census (public). voluntary response (private)"
"4421","Polio","","States","New Hampshire","2020-21","90.8",10242,57,">=. §",NA,"Voluntary response"
"4422","Polio","","States","New Jersey","2020-21","94.3",100144,100,">=.*",NA,"Census"
"4423","Polio","","States","New Mexico","2020-21","95.7",20589,100,"*",NA,"Census"
"4424","Polio","","States","New York","2020-21","97.9",216804,91.5,"",NA,"Census (public). voluntary response (private)"
"4425","Polio","","States","NY-City of New York","2020-21","96.8",91920,94.2,"",NA,"Census (public). voluntary response (private)"
"4426","Polio","","States","North Carolina","2020-21","95.2",120995,89,"‡.§",NA,"Census (public). voluntary response (private)"
"4427","Polio","","States","North Dakota","2020-21","93.2",10116,99.1,"",NA,"Census"
"4428","Polio","","States","Ohio","2020-21","89.4",128535,91.1,"",NA,"Census (public). voluntary response (private)"
"4429","Polio","","States","Oklahoma","2020-21","91.3",52656,90,"‡.§",NA,"Census (public). voluntary response (private)"
"4430","Polio","","States","Oregon","2020-21","92.0",39568,100,"*.‡",NA,"Census"
"4431","Polio","","States","Pennsylvania","2020-21","95.4",129307,95,"",NA,"Census (public). voluntary response (private)"
"4432","Polio","","States","Rhode Island","2020-21","96.9",10402,93,"‡.§",NA,"Census"
"4433","Polio","","States","South Carolina","2020-21","95.3",56330,26.5,"†",NA,"Stratified 1-stage cluster sample"
"4434","Polio","","States","South Dakota","2020-21","94.5",11512,99.9,"",NA,"Census"
"4435","Polio","","States","Tennessee","2020-21","96.5",73819,100,"*.§",NA,"Census"
"4436","Polio","","States","Texas","2020-21","95.2",377840,98.9,"‡.§",NA,"Census"
"4437","Polio","","States","TX-City of Houston","2020-21","83.4",39627,94.9,"‡.§",NA,"Census (public). voluntary response (private)"
"4438","Polio","","States","Utah","2020-21","91.3",46247,100,"*",NA,"Census"
"4439","Polio","","States","Vermont","2020-21","93.7",5535,100,"*",NA,"Census"
"4440","Polio","","States","Virginia","2020-21","94.1",88273,2,"†",NA,"Stratified 2-stage cluster sample"
"4441","Polio","","States","Washington","2020-21","93.4",74931,100,"§",NA,"Census"
"4442","Polio","","States","West Virginia","2020-21","NR",NA,NA,"",NA,"Not Conducted"
"4443","Polio","","States","Wisconsin","2020-21","87.2",63486,84.5,">=.†.‡.§",NA,"Voluntary response"
"4444","Polio","","States","Wyoming","2020-21","90.2",6923,100,">=.*",NA,"Census"
"4445","Polio","","States","Alabama","2021-22","94.9",60332,100,">=. *",NA,"Census"
"4446","Polio","","States","Alaska","2021-22","77.1",9790,76.2,"¶",NA,"Vol. response (pub.), not conducted (pvt.)"
"4447","Polio","","States","Arizona","2021-22","90.9",83463,97,"",NA,"Census"
"4448","Polio","","States","Arkansas","2021-22","91.4",39358,96.3,"",NA,"Census (pub.), vol. response (pvt.)"
"4449","Polio","","States","California","2021-22","96.2",512144,98.4,"‡",NA,"Census"
"4450","Polio","","States","Colorado","2021-22","88.8",66900,97.5,"",NA,"Census"
"4451","Polio","","States","Connecticut","2021-22","96.0",35451,100,"*",NA,"Census"
"4452","Polio","","States","Delaware","2021-22","97.1",11181,9.5,"‡",NA,"Stratified 2-stage cluster sample"
"4453","Polio","","States","District of Columbia","2021-22","84.7",8959,100,"*",NA,"Census"
"4454","Polio","","States","Florida","2021-22","91.7",229432,97.8,">=. §",NA,"Census"
"4455","Polio","","States","Georgia","2021-22","83.2",118742,100,">=. *",NA,"Census"
"4456","Polio","","States","Hawaii","2021-22","93.2",13368,6.7,"",NA,"Stratified 2-stage cluster sample"
"4457","Polio","","States","Idaho","2021-22","84.0",23854,99.6,"",NA,"Census"
"4458","Polio","","States","Illinois","2021-22","91.9",137699,100,"*",NA,"Census"
"4459","Polio","","States","Indiana","2021-22","89.3",83198,75.1,"§",NA,"Vol. response"
"4460","Polio","","States","Iowa","2021-22","90.6",40111,100,">=. *",NA,"Census"
"4461","Polio","","States","Kansas","2021-22","92.1",36526,29.5,"†. ‡. §",NA,"Stratified 1-stage cluster sample"
"4462","Polio","","States","Kentucky","2021-22","87.8",59233,91.5,">=. ‡. §",NA,"Census"
"4463","Polio","","States","Louisiana","2021-22","97.6",66518,100,"*",NA,"Census"
"4464","Polio","","States","Maine","2021-22","96.5",12881,91.6,"",NA,"Census"
"4465","Polio","","States","Maryland","2021-22","94.8",53866,98.4,"‡",NA,"Census"
"4466","Polio","","States","Massachusetts","2021-22","96.0",65582,100,"*. ‡",NA,"Census"
"4467","Polio","","States","Michigan","2021-22","94.8",114251,100,"*",NA,"Census"
"4468","Polio","","States","Minnesota","2021-22","89.3",69403,98.7,"",NA,"Census"
"4469","Polio","","States","Mississippi","2021-22","98.6",36524,100,">=. *",NA,"Census"
"4470","Polio","","States","Missouri","2021-22","91.9",71034,100,"*",NA,"Census"
"4471","Polio","","States","Nebraska","2021-22","97.6",25018,99.5,"‡",NA,"Census"
"4472","Polio","","States","Nevada","2021-22","92.2",36855,99.2,"",NA,"Census (pub.), vol. response (pvt.)"
"4473","Polio","","States","New Hampshire","2021-22","88.7",12157,100,">=. §. *",NA,"Census"
"4474","Polio","","States","New Jersey","2021-22","94.1",104240,100,">=. §. *",NA,"Census"
"4475","Polio","","States","New Mexico","2021-22","94.3",20736,100,"*",NA,"Census"
"4476","Polio","","States","New York","2021-22","97.4",195377,99.3,"",NA,"Census"
"4477","Polio","","States","NY-City of New York","2021-22","96.4",82938,99.8,"",NA,"Census"
"4478","Polio","","States","North Carolina","2021-22","96.1",118191,78.5,"§. ‡",NA,"Vol. response"
"4479","Polio","","States","North Dakota","2021-22","91.7",10755,96.6,"",NA,"Census"
"4480","Polio","","States","Ohio","2021-22","88.9",139077,91.9,"",NA,"Census (pub.), vol. response (pvt.)"
"4481","Polio","","States","Oklahoma","2021-22","91.9",54042,84.3,"‡",NA,"Vol. response"
"4482","Polio","","States","Oregon","2021-22","92.3",41538,100,"*. ‡",NA,"Census"
"4483","Polio","","States","Pennsylvania","2021-22","95.1",139558,94.9,"",NA,"Census (pub.), vol. response (pvt.)"
"4484","Polio","","States","Rhode Island","2021-22","97.1",11002,96.9,"‡. §",NA,"Census"
"4485","Polio","","States","South Carolina","2021-22","91.9",58276,27.2,"†",NA,"1-stage cluster sample"
"4486","Polio","","States","South Dakota","2021-22","93.6",12251,100,"*",NA,"Census"
"4487","Polio","","States","Tennessee","2021-22","95.4",79120,100,"§. *",NA,"Census"
"4488","Polio","","States","Texas","2021-22","94.0",389037,99.3,"‡. §",NA,"Census"
"4489","Polio","","States","TX-City of Houston","2021-22","88.3",40123,99.3,"‡. §",NA,"Census"
"4490","Polio","","States","Utah","2021-22","90.0",48995,100,"*",NA,"Census"
"4491","Polio","","States","Vermont","2021-22","93.1",6126,100,"*",NA,"Census"
"4492","Polio","","States","Virginia","2021-22","94.7",95996,2.8,"†",NA,"Stratified 2-stage cluster sample"
"4493","Polio","","States","Washington","2021-22","91.9",87256,97.3,"§",NA,"Census (pub.), vol. response (pvt.)"
"4494","Polio","","States","West Virginia","2021-22","96.6",18070,85.5,"‡. §",NA,"Vol. response"
"4495","Polio","","States","Wisconsin","2021-22","82.6",64275,96.8,">=. ‡",NA,"Census (pub.), vol. response (pvt.)"
"4496","Polio","","States","Wyoming","2021-22","93.8",7382,100,"*",NA,"Census"
"4497","Exemption","Medical Exemption","States","Alabama","2009-10","0.1",75358,NA,"¶",91,"Census"
"4498","Exemption","Medical Exemption","States","Alaska","2009-10","1.7",9641,NA,"",161,"Voluntary response"
"4499","Exemption","Medical Exemption","States","Arizona","2009-10","0.2",89287,NA,"",185,"Census"
"4500","Exemption","Medical Exemption","States","Arkansas","2009-10","0.1",34733,NA,"",28,"Census"
"4501","Exemption","Medical Exemption","States","California","2009-10","0.2",507191,NA,"",998,"Census"
"4502","Exemption","Medical Exemption","States","Colorado","2009-10",NA,NA,NA,"",NA,"Not conducted"
"4503","Exemption","Medical Exemption","States","Connecticut","2009-10","0.2",46158,NA,"",108,"Census"
"4504","Exemption","Medical Exemption","States","Delaware","2009-10","0.2",11327,NA,"",22,"Random sample"
"4505","Exemption","Medical Exemption","States","District of Columbia","2009-10","0.8",6092,NA,"",46,"Census"
"4506","Exemption","Medical Exemption","States","Florida","2009-10","0.3",218630,NA,"",697,"Census"
"4507","Exemption","Medical Exemption","States","Georgia","2009-10","0.1",141949,NA,"",87,"Random sample"
"4508","Exemption","Medical Exemption","States","Hawaii","2009-10","0.1",18427,NA,"",16,"Random sample"
"4509","Exemption","Medical Exemption","States","Idaho","2009-10","0.3",22624,NA,"",66,"Census"
"4510","Exemption","Medical Exemption","States","Illinois","2009-10",NA,165845,NA,"§",NA,"Census"
"4511","Exemption","Medical Exemption","States","Indiana","2009-10","0.3",84390,NA,"",236,"Census"
"4512","Exemption","Medical Exemption","States","Iowa","2009-10","0.5",42698,NA,"",218,"Census"
"4513","Exemption","Medical Exemption","States","Kansas","2009-10","0.2",39073,NA,"",89,"Census"
"4514","Exemption","Medical Exemption","States","Kentucky","2009-10","0.3",56526,NA,"",170,"Census"
"4515","Exemption","Medical Exemption","States","Louisiana","2009-10","0.3",53846,NA,"",151,"Census"
"4516","Exemption","Medical Exemption","States","Maine","2009-10","0.3",14162,NA,"",48,"Voluntary response"
"4517","Exemption","Medical Exemption","States","Maryland","2009-10","0.3",75061,NA,"",236,"Voluntary response"
"4518","Exemption","Medical Exemption","States","Massachusetts","2009-10","0.4",74476,NA,"",298,"Census"
"4519","Exemption","Medical Exemption","States","Michigan","2009-10","0.7",129810,NA,"",858,"Census"
"4520","Exemption","Medical Exemption","States","Minnesota","2009-10",NA,70653,NA,"",NA,"Not conducted"
"4521","Exemption","Medical Exemption","States","Mississippi","2009-10","0.1",46922,NA,"<",12,"Census"
"4522","Exemption","Medical Exemption","States","Missouri","2009-10",NA,75958,NA,"§",NA,"Random sample"
"4523","Exemption","Medical Exemption","States","Montana","2009-10","1.0",12335,NA,"",118,"Census"
"4524","Exemption","Medical Exemption","States","Nebraska","2009-10","1.0",29607,NA,"",274,"Census"
"4525","Exemption","Medical Exemption","States","Nevada","2009-10","1.0",35209,NA,"",357,"Random sample"
"4526","Exemption","Medical Exemption","States","New Hampshire","2009-10",NA,NA,NA,"",NA,"Not conducted"
"4527","Exemption","Medical Exemption","States","New Jersey","2009-10","0.1",118347,NA,"",167,"Census"
"4528","Exemption","Medical Exemption","States","New Mexico","2009-10",NA,26318,NA,"††",NA,"Random sample"
"4529","Exemption","Medical Exemption","States","New York","2009-10","0.1",229273,NA,"",309,"Census"
"4530","Exemption","Medical Exemption","States","North Carolina","2009-10","0.1",116087,NA,"",158,"Census"
"4531","Exemption","Medical Exemption","States","North Dakota","2009-10",NA,8323,NA,"††",NA,"Random sample"
"4532","Exemption","Medical Exemption","States","Ohio","2009-10","0.2",131137,NA,"",284,"Census"
"4533","Exemption","Medical Exemption","States","Oklahoma","2009-10","0.2",51128,NA,"",119,"Voluntary response"
"4534","Exemption","Medical Exemption","States","Oregon","2009-10","0.2",44676,NA,"",86,"Census"
"4535","Exemption","Medical Exemption","States","Pennsylvania","2009-10","1.2",149656,NA,"",1777,"Census"
"4536","Exemption","Medical Exemption","States","Rhode Island","2009-10","0.3",11818,NA,"",34,"Random sample"
"4537","Exemption","Medical Exemption","States","South Carolina","2009-10","0.3",53725,NA,"",147,"Random sample"
"4538","Exemption","Medical Exemption","States","South Dakota","2009-10","0.3",11499,NA,"",38,"Census"
"4539","Exemption","Medical Exemption","States","Tennessee","2009-10",NA,90811,NA,"††",NA,"Voluntary response"
"4540","Exemption","Medical Exemption","States","Texas","2009-10",NA,381425,NA,"§",NA,"Census"
"4541","Exemption","Medical Exemption","States","Utah","2009-10","0.2",49957,NA,"",89,"Census"
"4542","Exemption","Medical Exemption","States","Vermont","2009-10","0.5",6713,NA,"",35,"Census"
"4543","Exemption","Medical Exemption","States","Virginia","2009-10","0.2",100891,NA,"",159,"Random sample"
"4544","Exemption","Medical Exemption","States","Washington","2009-10","0.4",81511,NA,"",331,"Census"
"4545","Exemption","Medical Exemption","States","West Virginia","2009-10","1.3",22730,NA,"",303,"Voluntary response"
"4546","Exemption","Medical Exemption","States","Wisconsin","2009-10","0.6",61095,NA,"",391,"Random sample"
"4547","Exemption","Medical Exemption","States","Wyoming","2009-10",NA,NA,NA,"",NA,"Not conducted"
"4548","Exemption","Medical Exemption","States","Alabama","2010-11",NA,NA,NA,"",NA,NA
"4549","Exemption","Medical Exemption","States","Alaska","2010-11",NA,NA,NA,"",NA,NA
"4550","Exemption","Medical Exemption","States","Arizona","2010-11",NA,NA,NA,"",NA,NA
"4551","Exemption","Medical Exemption","States","Arkansas","2010-11",NA,NA,NA,"",NA,NA
"4552","Exemption","Medical Exemption","States","California","2010-11",NA,NA,NA,"",NA,NA
"4553","Exemption","Medical Exemption","States","Colorado","2010-11",NA,NA,NA,"",NA,NA
"4554","Exemption","Medical Exemption","States","Connecticut","2010-11",NA,NA,NA,"",NA,NA
"4555","Exemption","Medical Exemption","States","Delaware","2010-11",NA,NA,NA,"",NA,NA
"4556","Exemption","Medical Exemption","States","District of Columbia","2010-11",NA,NA,NA,"",NA,NA
"4557","Exemption","Medical Exemption","States","Florida","2010-11",NA,NA,NA,"",NA,NA
"4558","Exemption","Medical Exemption","States","Georgia","2010-11",NA,NA,NA,"",NA,NA
"4559","Exemption","Medical Exemption","States","Hawaii","2010-11",NA,NA,NA,"",NA,NA
"4560","Exemption","Medical Exemption","States","Idaho","2010-11",NA,NA,NA,"",NA,NA
"4561","Exemption","Medical Exemption","States","Illinois","2010-11",NA,NA,NA,"",NA,NA
"4562","Exemption","Medical Exemption","States","Indiana","2010-11",NA,NA,NA,"",NA,NA
"4563","Exemption","Medical Exemption","States","Iowa","2010-11",NA,NA,NA,"",NA,NA
"4564","Exemption","Medical Exemption","States","Kansas","2010-11",NA,NA,NA,"",NA,NA
"4565","Exemption","Medical Exemption","States","Kentucky","2010-11",NA,NA,NA,"",NA,NA
"4566","Exemption","Medical Exemption","States","Louisiana","2010-11",NA,NA,NA,"",NA,NA
"4567","Exemption","Medical Exemption","States","Maine","2010-11",NA,NA,NA,"",NA,NA
"4568","Exemption","Medical Exemption","States","Maryland","2010-11",NA,NA,NA,"",NA,NA
"4569","Exemption","Medical Exemption","States","Massachusetts","2010-11",NA,NA,NA,"",NA,NA
"4570","Exemption","Medical Exemption","States","Michigan","2010-11",NA,NA,NA,"",NA,NA
"4571","Exemption","Medical Exemption","States","Minnesota","2010-11",NA,NA,NA,"",NA,NA
"4572","Exemption","Medical Exemption","States","Mississippi","2010-11",NA,NA,NA,"",NA,NA
"4573","Exemption","Medical Exemption","States","Missouri","2010-11",NA,NA,NA,"",NA,NA
"4574","Exemption","Medical Exemption","States","Montana","2010-11",NA,NA,NA,"",NA,NA
"4575","Exemption","Medical Exemption","States","Nebraska","2010-11",NA,NA,NA,"",NA,NA
"4576","Exemption","Medical Exemption","States","Nevada","2010-11",NA,NA,NA,"",NA,NA
"4577","Exemption","Medical Exemption","States","New Hampshire","2010-11",NA,NA,NA,"",NA,NA
"4578","Exemption","Medical Exemption","States","New Jersey","2010-11",NA,NA,NA,"",NA,NA
"4579","Exemption","Medical Exemption","States","New Mexico","2010-11",NA,NA,NA,"",NA,NA
"4580","Exemption","Medical Exemption","States","New York","2010-11",NA,NA,NA,"",NA,NA
"4581","Exemption","Medical Exemption","States","North Carolina","2010-11",NA,NA,NA,"",NA,NA
"4582","Exemption","Medical Exemption","States","North Dakota","2010-11",NA,NA,NA,"",NA,NA
"4583","Exemption","Medical Exemption","States","Ohio","2010-11",NA,NA,NA,"",NA,NA
"4584","Exemption","Medical Exemption","States","Oklahoma","2010-11",NA,NA,NA,"",NA,NA
"4585","Exemption","Medical Exemption","States","Oregon","2010-11",NA,NA,NA,"",NA,NA
"4586","Exemption","Medical Exemption","States","Pennsylvania","2010-11",NA,NA,NA,"",NA,NA
"4587","Exemption","Medical Exemption","States","Rhode Island","2010-11",NA,NA,NA,"",NA,NA
"4588","Exemption","Medical Exemption","States","South Carolina","2010-11",NA,NA,NA,"",NA,NA
"4589","Exemption","Medical Exemption","States","South Dakota","2010-11",NA,NA,NA,"",NA,NA
"4590","Exemption","Medical Exemption","States","Tennessee","2010-11",NA,NA,NA,"",NA,NA
"4591","Exemption","Medical Exemption","States","Texas","2010-11",NA,NA,NA,"",NA,NA
"4592","Exemption","Medical Exemption","States","Utah","2010-11",NA,NA,NA,"",NA,NA
"4593","Exemption","Medical Exemption","States","Vermont","2010-11",NA,NA,NA,"",NA,NA
"4594","Exemption","Medical Exemption","States","Virginia","2010-11",NA,NA,NA,"",NA,NA
"4595","Exemption","Medical Exemption","States","Washington","2010-11",NA,NA,NA,"",NA,NA
"4596","Exemption","Medical Exemption","States","West Virginia","2010-11",NA,NA,NA,"",NA,NA
"4597","Exemption","Medical Exemption","States","Wisconsin","2010-11",NA,NA,NA,"",NA,NA
"4598","Exemption","Medical Exemption","States","Wyoming","2010-11",NA,NA,NA,"",NA,NA
"4599","Exemption","Medical Exemption","States","Alabama","2011-12","0.1",73190,NA,"¶",109,"Census"
"4600","Exemption","Medical Exemption","States","Alaska","2011-12","1.3",10286,NA,"",10,"Non-random Cluster Sample"
"4601","Exemption","Medical Exemption","States","Arizona","2011-12","0.3",88293,NA,"",239,"Census"
"4602","Exemption","Medical Exemption","States","Arkansas","2011-12","0.1",38754,NA,"",20,"Census"
"4603","Exemption","Medical Exemption","States","California","2011-12","0.2",542544,NA,"",871,"Census"
"4604","Exemption","Medical Exemption","States","Colorado","2011-12",NA,70142,NA,"**",NA,"Simple Random Sample"
"4605","Exemption","Medical Exemption","States","Connecticut","2011-12","0.3",45695,NA,"",137,"Census"
"4606","Exemption","Medical Exemption","States","Delaware","2011-12","0.2",11327,NA,"",1,"2-stage Cluster Sample"
"4607","Exemption","Medical Exemption","States","District of Columbia","2011-12","1.3",6854,NA,"",91,"Census"
"4608","Exemption","Medical Exemption","States","Florida","2011-12","0.3",225532,NA,"",724,"Census"
"4609","Exemption","Medical Exemption","States","Georgia","2011-12","0.1",143065,NA,"",2,"2-stage Cluster Sample"
"4610","Exemption","Medical Exemption","States","Hawaii","2011-12","0.1",19443,NA,"",2,"2-stage Cluster Sample"
"4611","Exemption","Medical Exemption","States","Idaho","2011-12","0.3",22762,NA,"",61,"Census"
"4612","Exemption","Medical Exemption","States","Illinois","2011-12","1.1",163311,NA,"§",1745,"Census"
"4613","Exemption","Medical Exemption","States","Indiana","2011-12","0.2",83416,NA,"",137,"Voluntary Response"
"4614","Exemption","Medical Exemption","States","Iowa","2011-12","0.5",40978,NA,"",195,"Census"
"4615","Exemption","Medical Exemption","States","Kansas","2011-12","0.3",38402,NA,"",130,"Census"
"4616","Exemption","Medical Exemption","States","Kentucky","2011-12","0.2",58185,NA,"",104,"Census"
"4617","Exemption","Medical Exemption","States","Louisiana","2011-12","0.2",69013,NA,"",166,"Census"
"4618","Exemption","Medical Exemption","States","Maine","2011-12","0.4",13829,NA,"",47,"Census"
"4619","Exemption","Medical Exemption","States","Maryland","2011-12","0.3",72957,NA,"",161,"Voluntary Response"
"4620","Exemption","Medical Exemption","States","Massachusetts","2011-12","0.4",79551,NA,"",325,"Census"
"4621","Exemption","Medical Exemption","States","Michigan","2011-12","0.6",124962,NA,"",767,"Census"
"4622","Exemption","Medical Exemption","States","Minnesota","2011-12","0.1",71213,NA,"§",59,"Census"
"4623","Exemption","Medical Exemption","States","Mississippi","2011-12","0.1",44912,NA,"<",16,"Census"
"4624","Exemption","Medical Exemption","States","Missouri","2011-12","0.6",75240,NA,"§",19,"2-stage Cluster Sample"
"4625","Exemption","Medical Exemption","States","Montana","2011-12","0.4",12128,NA,"",52,"Census"
"4626","Exemption","Medical Exemption","States","Nebraska","2011-12","0.5",26715,NA,"",126,"Census"
"4627","Exemption","Medical Exemption","States","Nevada","2011-12","0.2",36557,NA,"",4,"2-stage Cluster Sample"
"4628","Exemption","Medical Exemption","States","New Hampshire","2011-12","0.3",13022,NA,"",34,"Census"
"4629","Polio","","National","United States","2019-20","95.0",NA,NA,"",NA,"NaN"
"4630","Polio","","National","U.S. Median","2019-20","94.4",NA,NA,"",NA,"NaN"
"4631","Polio","","National","United States","2020-21","93.9",3510744,90.8,"",NA,""
"4632","Polio","","National","U.S. Median","2020-21","93.4",3510744,90,"",NA,""
"4633","Polio","","National","United States","2021-22","93.1",3835130,92.2,"",NA,""
"4634","Polio","","National","U.S. Median","2021-22","92.7",3835130,92.2,"",NA,""
"4635","Exemption","Medical Exemption","National","United States","2009-10","0.3",NA,NA,"",NA,"NaN"
"4636","Exemption","Medical Exemption","National","U.S. Median","2009-10","0.3",NA,NA,"",NA,"NaN"
"4637","Exemption","Medical Exemption","National","U.S. Median","2010-11",NA,NA,NA,"",NA,"NaN"
"4638","Exemption","Medical Exemption","National","United States","2011-12","0.2",NA,NA,"",NA,"NaN"
"4639","Exemption","Medical Exemption","National","U.S. Median","2011-12","0.2",NA,NA,"",NA,"NaN"
"4640","Exemption","Medical Exemption","National","United States","2012-13","0.3",NA,NA,"",NA,"NaN"
"4641","Exemption","Medical Exemption","National","U.S. Median","2012-13","0.3",NA,NA,"",NA,"NaN"
"4642","Exemption","Medical Exemption","National","United States","2013-14","0.2",NA,NA,"",NA,"NaN"
"4643","Exemption","Medical Exemption","National","U.S. Median","2013-14","0.2",NA,NA,"",NA,"NaN"
"4644","Exemption","Medical Exemption","States","New Jersey","2011-12","0.2",118669,NA,"",226,"Census"
"4645","Exemption","Medical Exemption","States","New Mexico","2011-12","0.1",29159,NA,"<",0,"2-stage Cluster Sample"
"4646","Exemption","Medical Exemption","States","New York","2011-12","0.1",236016,NA,"",331,"Census"
"4647","Exemption","Medical Exemption","States","North Carolina","2011-12","0.2",128854,NA,"",186,"Census"
"4648","Exemption","Medical Exemption","States","North Dakota","2011-12","0.1",8412,NA,"<",0,"Convenient "
"4649","Exemption","Medical Exemption","States","Ohio","2011-12","0.2",146144,NA,"",275,"Convenient "
"4650","Exemption","Medical Exemption","States","Oklahoma","2011-12","0.2",52987,NA,"",74,"Census"
"4651","Exemption","Medical Exemption","States","Oregon","2011-12","0.2",45855,NA,"",80,"Census"
"4652","Exemption","Medical Exemption","States","Pennsylvania","2011-12","0.4",148042,NA,"",598,"Census"
"4653","Exemption","Medical Exemption","States","Rhode Island","2011-12","0.3",12552,NA,"",5,"2-stage Cluster Sample"
"4654","Exemption","Medical Exemption","States","South Carolina","2011-12","0.1",59307,NA,"",5,"1-stage Cluster Sample"
"4655","Exemption","Medical Exemption","States","South Dakota","2011-12","0.2",12127,NA,"",30,"Census"
"4656","Exemption","Medical Exemption","States","Tennessee","2011-12","0.2",83950,NA,"",153,"Census"
"4657","Exemption","Medical Exemption","States","Texas","2011-12","0.5",388178,NA,"§ ",2058,"Census"
"4658","Exemption","Medical Exemption","States","Utah","2011-12","0.1",53800,NA,"",79,"Census"
"4659","Exemption","Medical Exemption","States","Vermont","2011-12","0.3",6548,NA,"",21,"Census"
"4660","Exemption","Medical Exemption","States","Virginia","2011-12","0.3",101121,NA,"",15,"2-stage Cluster Sample"
"4661","Exemption","Medical Exemption","States","Washington","2011-12","0.5",85134,NA,"",376,"Voluntary Response"
"4662","Exemption","Medical Exemption","States","West Virginia","2011-12","0.2",22449,NA,"",44,"Convenient "
"4663","Exemption","Medical Exemption","States","Wisconsin","2011-12","0.4",70672,NA,"",7,"2-stage Cluster Sample"
"4664","Exemption","Medical Exemption","States","Wyoming","2011-12",NA,NA,NA,"",NA,"Not conducted"
"4665","Exemption","Medical Exemption","States","Alabama","2012-13","0.1",72929,NA,"¶",64,"Census"
"4666","Exemption","Medical Exemption","States","Alaska","2012-13","1.6",10319,NA,"",162,"Census"
"4667","Exemption","Medical Exemption","States","Arizona","2012-13","0.3",90054,NA,"",315,"Census"
"4668","Exemption","Medical Exemption","States","Arkansas","2012-13","0.1",43212,NA,"<",17,"Census"
"4669","Exemption","Medical Exemption","States","California","2012-13","0.2",535523,NA,"",923,"Census"
"4670","Exemption","Medical Exemption","States","Colorado","2012-13","0.3",70657,NA,"",191,"Simple Random Sample"
"4671","Exemption","Medical Exemption","States","Connecticut","2012-13","0.3",41604,NA,"",124,"Census"
"4672","Exemption","Medical Exemption","States","Delaware","2012-13","0.2",11997,NA,"",2,"2-stage Cluster Sample"
"4673","Exemption","Medical Exemption","States","District of Columbia","2012-13","1.3",7842,NA,"",101,"Census"
"4674","Exemption","Medical Exemption","States","Florida","2012-13","0.4",234628,NA,"",905,"Census"
"4675","Exemption","Medical Exemption","States","Georgia","2012-13","0.1",142732,NA,"",4,"2-stage Cluster Sample"
"4676","Exemption","Medical Exemption","States","Hawaii","2012-13","0.3",20104,NA,"*",17,"2-stage Cluster Sample"
"4677","Exemption","Medical Exemption","States","Idaho","2012-13","0.4",23888,NA,"",90,"Census"
"4678","Exemption","Medical Exemption","States","Illinois","2012-13","1.2",166884,NA,"§",2017,"Census"
"4679","Exemption","Medical Exemption","States","Indiana","2012-13","0.4",86983,NA,"",326,"Voluntary Response"
"4680","Exemption","Medical Exemption","States","Iowa","2012-13","0.5",41701,NA,"",188,"Census"
"4681","Exemption","Medical Exemption","States","Kansas","2012-13","0.3",40738,NA,"",118,"Census"
"4682","Exemption","Medical Exemption","States","Kentucky","2012-13","0.2",58466,NA,"",128,"Census"
"4683","Exemption","Medical Exemption","States","Louisiana","2012-13","0.2",68874,NA,"",109,"Census"
"4684","Exemption","Medical Exemption","States","Maine","2012-13","0.4",14313,NA,"",61,"Census"
"4685","Exemption","Medical Exemption","States","Maryland","2012-13","0.3",75007,NA,"",237,"Voluntary Response"
"4686","Exemption","Medical Exemption","States","Massachusetts","2012-13","0.5",79661,NA,"",373,"Census"
"4687","Exemption","Medical Exemption","States","Michigan","2012-13","0.6",124662,NA,"",699,"Census"
"4688","Exemption","Medical Exemption","States","Minnesota","2012-13","0.0",73310,NA,"§",32,"Census"
"4689","Exemption","Medical Exemption","States","Mississippi","2012-13","0.1",46595,NA,"<",23,"Census"
"4690","Exemption","Medical Exemption","States","Missouri","2012-13","0.3",78416,NA,"§",377,"2-stage Cluster Sample"
"4691","Exemption","Medical Exemption","States","Montana","2012-13","0.4",12516,NA,"",49,"Census"
"4692","Exemption","Medical Exemption","States","Nebraska","2012-13","0.6",24999,NA,"",149,"Census"
"4693","Exemption","Medical Exemption","States","Nevada","2012-13","0.7",36070,NA,"",85,"2-stage Cluster Sample"
"4694","Exemption","Medical Exemption","States","New Hampshire","2012-13","0.2",12943,NA,"",30,"Census"
"4695","Exemption","Medical Exemption","States","New Jersey","2012-13","0.2",122516,NA,"",261,"Census"
"4696","Exemption","Medical Exemption","States","New Mexico","2012-13","0.2",29279,NA,"",20,"2-stage Cluster Sample"
"4697","Exemption","Medical Exemption","States","New York","2012-13","0.1",239484,NA,"*",331,"Census"
"4698","Exemption","Medical Exemption","States","North Carolina","2012-13","0.1",130612,NA,"*",162,"Census"
"4699","Exemption","Medical Exemption","States","North Dakota","2012-13","0.1",9503,NA,"<",0,"2-stage Cluster Sample"
"4700","Exemption","Medical Exemption","States","Ohio","2012-13","0.4",163687,NA,"",650,"Census"
"4701","Exemption","Medical Exemption","States","Oklahoma","2012-13","0.1",56943,NA,"",66,"Census"
"4702","Exemption","Medical Exemption","States","Oregon","2012-13","0.2",47102,NA,"",72,"Census"
"4703","Exemption","Medical Exemption","States","Pennsylvania","2012-13","0.4",151364,NA,"",643,"Census"
"4704","Exemption","Medical Exemption","States","Rhode Island","2012-13","0.4",12552,NA,"",45,"Voluntary Response"
"4705","Exemption","Medical Exemption","States","South Carolina","2012-13",NA,61799,NA,"",NA,"Not conducted"
"4706","Exemption","Medical Exemption","States","South Dakota","2012-13","0.3",12468,NA,"",41,"Census"
"4707","Exemption","Medical Exemption","States","Tennessee","2012-13","0.2",85801,NA,"",162,"Census"
"4708","Exemption","Medical Exemption","States","Texas","2012-13",NA,414688,NA,"§",NA,"Census"
"4709","Exemption","Medical Exemption","States","Utah","2012-13","0.2",54605,NA,"",83,"Census"
"4710","Exemption","Medical Exemption","States","Vermont","2012-13","0.4",6792,NA,"",30,"Census"
"4711","Exemption","Medical Exemption","States","Virginia","2012-13","0.1",104826,NA,"<",48,"2-stage Cluster Sample"
"4712","Exemption","Medical Exemption","States","Washington","2012-13","1.2",87773,NA,"*",1092,"Census"
"4713","Exemption","Medical Exemption","States","West Virginia","2012-13","1.2",22588,NA,"",262,"Voluntary Response"
"4714","Exemption","Medical Exemption","States","Wisconsin","2012-13","0.5",72416,NA,"",472,"2-stage Cluster Sample"
"4715","Exemption","Medical Exemption","States","Wyoming","2012-13","0.3",8133,NA,"‡‡",28,"Census"
"4716","Exemption","Medical Exemption","States","Alabama","2013-14","0.1",76927,NA,"<. ¶",70,"Census"
"4717","Exemption","Medical Exemption","States","Alaska","2013-14","1.2",10222,NA,"",119,"Census"
"4718","Exemption","Medical Exemption","States","Arizona","2013-14","0.2",89606,NA,"",175,"Census"
"4719","Exemption","Medical Exemption","States","Arkansas","2013-14","0.1",42649,NA,"<",24,"Census"
"4720","Exemption","Medical Exemption","States","California","2013-14","0.2",548606,NA,"",1017,"Census"
"4721","Exemption","Medical Exemption","States","Colorado","2013-14","0.1",69904,NA,"<",0,"Random Sample"
"4722","Exemption","Medical Exemption","States","Connecticut","2013-14","0.3",40978,NA,"",128,"Census"
"4723","Exemption","Medical Exemption","States","Delaware","2013-14","0.1",11997,NA,"<",9,"Stratified  2-stage cluster sample"
"4724","Exemption","Medical Exemption","States","District of Columbia","2013-14","1.1",7856,NA,"",85,"Census"
"4725","Exemption","Medical Exemption","States","Florida","2013-14","0.3",233797,NA,"",772,"Census"
"4726","Exemption","Medical Exemption","States","Georgia","2013-14","0.1",143988,NA,"<",143,"Census"
"4727","Exemption","Medical Exemption","States","Hawaii","2013-14","0.1",20056,NA,"<",0,"Stratified  2-stage cluster sample"
"4728","Exemption","Medical Exemption","States","Idaho","2013-14","0.4",23934,NA,"",89,"Census"
"4729","Exemption","Medical Exemption","States","Illinois","2013-14","0.3",163316,NA,"§",490,"Census"
"4730","Exemption","Medical Exemption","States","Indiana","2013-14","0.4",87193,NA,"",348,"Voluntary response"
"4731","Exemption","Medical Exemption","States","Iowa","2013-14","0.5",43728,NA,"",205,"Census"
"4732","Exemption","Medical Exemption","States","Kansas","2013-14","0.8",41107,NA,"",213,"Census"
"4733","Exemption","Medical Exemption","States","Kentucky","2013-14","0.3",57857,NA,"",148,"Census"
"4734","Exemption","Medical Exemption","States","Louisiana","2013-14","0.1",63976,NA,"",83,"Census"
"4735","Exemption","Medical Exemption","States","Maine","2013-14","0.4",15441,NA,"",56,"Voluntary response"
"4736","Exemption","Medical Exemption","States","Maryland","2013-14","0.3",75659,NA,"",244,"Census"
"4737","Exemption","Medical Exemption","States","Massachusetts","2013-14","0.4",79894,NA,"",332,"Census"
"4738","Exemption","Medical Exemption","States","Michigan","2013-14","0.5",120297,NA,"",573,"Census"
"4739","Exemption","Medical Exemption","States","Minnesota","2013-14","0.1",72087,NA,"§",72,"Census"
"4740","Exemption","Medical Exemption","States","Mississippi","2013-14","0.1",45719,NA,"<",17,"Census"
"4741","Exemption","Medical Exemption","States","Missouri","2013-14","0.2",78140,NA,"§",156,"Census"
"4742","Exemption","Medical Exemption","States","Montana","2013-14","0.3",12855,NA,"",36,"Census"
"4743","Exemption","Medical Exemption","States","Nebraska","2013-14","0.6",27000,NA,"",158,"Census"
"4744","Exemption","Medical Exemption","States","Nevada","2013-14","0.1",35782,NA,"<",7,"Stratified  2-stage cluster sample"
"4745","Exemption","Medical Exemption","States","New Hampshire","2013-14","0.4",13240,NA,"",49,"Census"
"4746","Exemption","Medical Exemption","States","New Jersey","2013-14","0.2",123085,NA,"",262,"Census"
"4747","Exemption","Medical Exemption","States","New Mexico","2013-14","0.2",30725,NA,"",72,"Stratified  2-stage cluster sample"
"4748","Exemption","Medical Exemption","States","New York","2013-14","0.1",240318,NA,"",302,"Census"
"4749","Exemption","Medical Exemption","States","North Carolina","2013-14","0.1",126084,NA,"",161,"Census"
"4750","Exemption","Medical Exemption","States","North Dakota","2013-14","0.3",9780,NA,"",32,"Census (Public); Stratified  2-stage cluster sample(Private)"
"4751","Exemption","Medical Exemption","States","Ohio","2013-14","0.2",150000,NA,"",369,"Census"
"4752","Exemption","Medical Exemption","States","Oklahoma","2013-14","0.1",57377,NA,"",73,"Voluntary response"
"4753","Exemption","Medical Exemption","States","Oregon","2013-14","0.1",47649,NA,"",62,"Census"
"4754","Exemption","Medical Exemption","States","Pennsylvania","2013-14","0.3",151253,NA,"",510,"Census"
"4755","Exemption","Medical Exemption","States","Rhode Island","2013-14","0.3",11521,NA,"",33,"Census"
"4756","Exemption","Medical Exemption","States","South Carolina","2013-14","0.1",61661,NA,"*",83,"1-stage stratified sample"
"4757","Exemption","Medical Exemption","States","South Dakota","2013-14","0.2",12566,NA,"*",21,"Census"
"4758","Exemption","Medical Exemption","States","Tennessee","2013-14","0.2",80212,NA,"",132,"Census"
"4759","Exemption","Medical Exemption","States","Texas","2013-14",NA,409255,NA,"§",NA,"Census"
"4760","Exemption","Medical Exemption","States","Utah","2013-14","0.2",54779,NA,"",94,"Census"
"4761","Exemption","Medical Exemption","States","Vermont","2013-14","0.2",6771,NA,"",11,"Census"
"4762","Exemption","Medical Exemption","States","Virginia","2013-14","0.2",105692,NA,"",173,"2-stage cluster  sample"
"4763","Exemption","Medical Exemption","States","Washington","2013-14","1.2",89165,NA,"*",1035,"Voluntary response"
"4764","Exemption","Medical Exemption","States","West Virginia","2013-14","0.2",22814,NA,"",35,"Voluntary response"
"4765","Exemption","Medical Exemption","National","United States","2014-15","0.2",NA,NA,"",NA,"NaN"
"4766","Exemption","Medical Exemption","National","U.S. Median","2014-15","0.2",NA,NA,"",NA,"NaN"
"4767","Exemption","Medical Exemption","National","United States","2015-16","0.2",NA,NA,"",NA,"NaN"
"4768","Exemption","Medical Exemption","States","Wisconsin","2013-14","0.1",71363,NA,"",103,"Stratified  2-stage cluster sample"
"4769","Exemption","Medical Exemption","States","Wyoming","2013-14",NA,NA,NA,"",NA,"Not conducted"
"4770","Exemption","Medical Exemption","States","Alabama","2014-15","0.1",59660,NA,"*",59,"Census"
"4771","Exemption","Medical Exemption","States","Alaska","2014-15","1.3",10129,NA,"",135,"Census"
"4772","Exemption","Medical Exemption","States","Arizona","2014-15","0.1",86153,NA,"",126,"Census"
"4773","Exemption","Medical Exemption","States","Arkansas","2014-15","0.1",41252,NA,"<",18,"Census (public); Voluntary response (private)"
"4774","Exemption","Medical Exemption","States","California","2014-15","0.2",552583,NA,"",1066,"Census"
"4775","Exemption","Medical Exemption","States","Colorado","2014-15","0.1",70597,NA,"<",0,"Simple random sample"
"4776","Exemption","Medical Exemption","States","Connecticut","2014-15","0.3",39948,NA,"",114,"Census"
"4777","Exemption","Medical Exemption","States","Delaware","2014-15","0.4",11476,NA,"",46,"Stratified 2-stage cluster sample"
"4778","Exemption","Medical Exemption","States","District of Columbia","2014-15","0.6",7840,NA,"",46,"Census"
"4779","Exemption","Medical Exemption","States","Florida","2014-15","0.3",228982,NA,"",745,"Census"
"4780","Exemption","Medical Exemption","States","Georgia","2014-15","0.1",139471,NA,"",138,"Census"
"4781","Exemption","Medical Exemption","States","Hawaii","2014-15","0.1",20085,NA,"<",0,"Stratified 2-stage cluster sample"
"4782","Exemption","Medical Exemption","States","Idaho","2014-15","0.3",22968,NA,"",68,"Census"
"4783","Exemption","Medical Exemption","States","Illinois","2014-15","0.3",156942,NA,"§",471,"Census"
"4784","Exemption","Medical Exemption","States","Indiana","2014-15","0.5",85477,NA,"",406,"Voluntary response"
"4785","Exemption","Medical Exemption","States","Iowa","2014-15","0.3",43239,NA,"",143,"Census"
"4786","Exemption","Medical Exemption","States","Kansas","2014-15","0.3",39685,NA,"",114,"Census"
"4787","Exemption","Medical Exemption","States","Kentucky","2014-15","0.2",57884,NA,"",116,"Census"
"4788","Exemption","Medical Exemption","States","Louisiana","2014-15","0.1",60377,NA,"",53,"Census"
"4789","Exemption","Medical Exemption","States","Maine","2014-15","0.5",13704,NA,"",63,"Voluntary response (public); Census (private)"
"4790","Exemption","Medical Exemption","States","Maryland","2014-15","0.4",75391,NA,"",336,"Census (public); Voluntary response (private)"
"4791","Exemption","Medical Exemption","States","Massachusetts","2014-15","0.3",74869,NA,"",261,"Census"
"4792","Exemption","Medical Exemption","States","Michigan","2014-15","0.3",117963,NA,"",389,"Census"
"4793","Exemption","Medical Exemption","States","Minnesota","2014-15","0.2",70896,NA,"§",142,"Census"
"4794","Exemption","Medical Exemption","States","Mississippi","2014-15","0.1",44129,NA,"<. *",17,"Census"
"4795","Exemption","Medical Exemption","States","Missouri","2014-15","0.2",75900,NA,"§",152,"Census"
"4796","Exemption","Medical Exemption","States","Montana","2014-15","0.3",12501,NA,"",34,"Census (public); Voluntary response (private)"
"4797","Exemption","Medical Exemption","States","Nebraska","2014-15","0.6",26665,NA,"",150,"Census"
"4798","Exemption","Medical Exemption","States","Nevada","2014-15","0.3",36755,NA,"",92,"Stratified 2-stage cluster sample"
"4799","Exemption","Medical Exemption","States","New Hampshire","2014-15","0.2",12422,NA,"",25,"Census (public); Voluntary response (private)"
"4800","Exemption","Medical Exemption","States","New Jersey","2014-15","0.2",120471,NA,"*",241,"Census (public); Voluntary response (private)"
"4801","Exemption","Medical Exemption","States","New Mexico","2014-15","0.1",29918,NA,"",18,"Census"
"4802","Exemption","Medical Exemption","States","New York","2014-15","0.1",237045,NA,"",309,"Census"
"4803","Exemption","Medical Exemption","States","North Carolina","2014-15","0.1",129792,NA,"*",178,"Census (public); Voluntary response (private)"
"4804","Exemption","Medical Exemption","States","North Dakota","2014-15","0.3",10017,NA,"*",28,"Census"
"4805","Exemption","Medical Exemption","States","Ohio","2014-15","0.3",149080,NA,"",384,"Census (public); Voluntary response (private)"
"4806","Exemption","Medical Exemption","States","Oklahoma","2014-15","0.1",56967,NA,"",76,"Census"
"4807","Exemption","Medical Exemption","States","Oregon","2014-15","0.2",46229,NA,"",78,"Census"
"4808","Exemption","Medical Exemption","States","Pennsylvania","2014-15","0.3",146378,NA,"",470,"Census"
"4809","Exemption","Medical Exemption","States","Rhode Island","2014-15","0.2",11163,NA,"",27,"Census"
"4810","Exemption","Medical Exemption","States","South Carolina","2014-15","0.1",62864,NA,"*",74,"Stratified 1-stage cluster sample"
"4811","Exemption","Medical Exemption","States","South Dakota","2014-15","0.2",12008,NA,"*",21,"Census"
"4812","Exemption","Medical Exemption","States","Tennessee","2014-15","0.2",78276,NA,"",140,"Census"
"4813","Exemption","Medical Exemption","States","Texas","2014-15","0.1",406099,NA,"§",406,"Census (public); Voluntary response (private)"
"4814","Exemption","Medical Exemption","States","Utah","2014-15","0.2",50916,NA,"*",90,"Census"
"4815","Exemption","Medical Exemption","States","Vermont","2014-15","0.2",6277,NA,"",13,"Census"
"4816","Exemption","Medical Exemption","States","Virginia","2014-15","0.3",103821,NA,"*",305,"Stratified 2-stage cluster sample"
"4817","Exemption","Medical Exemption","States","Washington","2014-15","1.2",88809,NA,"*",1055,"Census (public); Voluntary response (private)"
"4818","Exemption","Medical Exemption","States","West Virginia","2014-15","0.2",22016,NA,"",38,"Voluntary response"
"4819","Exemption","Medical Exemption","States","Wisconsin","2014-15","0.4",69335,NA,"",301,"Stratified 2-stage cluster sample"
"4820","Exemption","Medical Exemption","States","Wyoming","2014-15","0.3",7983,NA,"§.‡‡",24,"Census"
"4821","Exemption","Medical Exemption","States","Alabama","2015-16","0.1",60392,NA,"",40,"Census"
"4822","Exemption","Medical Exemption","States","Alaska","2015-16","1.2",9937,NA,"",103,"Census"
"4823","Exemption","Medical Exemption","States","Arizona","2015-16","0.2",83088,NA,"",189,"Census"
"4824","Exemption","Medical Exemption","States","Arkansas","2015-16","0.1",40258,NA,"",21,"Census (public); Voluntary response (private)"
"4825","Exemption","Medical Exemption","States","California","2015-16","0.2",593788,NA,"",993,"Census"
"4826","Exemption","Medical Exemption","States","Colorado","2015-16","0.1",69137,NA,"<",0,"Simple random sample"
"4827","Exemption","Medical Exemption","States","Connecticut","2015-16","0.3",39533,NA,"",110,"Census"
"4828","Exemption","Medical Exemption","States","Delaware","2015-16","0.1",11589,NA,"<",5,"Stratified 2-stage cluster sample"
"4829","Exemption","Medical Exemption","States","District of Columbia","2015-16","0.5",8080,NA,"",44,"Census"
"4830","Exemption","Medical Exemption","States","Florida","2015-16","0.3",224430,NA,"",699,"Census"
"4831","Exemption","Medical Exemption","States","Georgia","2015-16","0.1",131403,NA,"",145,"Census"
"4832","Exemption","Medical Exemption","States","Hawaii","2015-16","0.4",16325,NA,"",70,"Stratified 2-stage cluster sample"
"4833","Exemption","Medical Exemption","States","Idaho","2015-16","0.3",22686,NA,"",69,"Census"
"4834","Exemption","Medical Exemption","States","Illinois","2015-16","0.2",151309,NA,"§",303,"Census"
"4835","Exemption","Medical Exemption","States","Indiana","2015-16","0.5",83525,NA,"",395,"Voluntary response"
"4836","Exemption","Medical Exemption","States","Iowa","2015-16","0.3",41215,NA,"",119,"Census"
"4837","Exemption","Medical Exemption","States","Kansas","2015-16","0.2",39555,NA,"",97,"Census"
"4838","Exemption","Medical Exemption","States","Kentucky","2015-16","0.2",54353,NA,"",129,"Census"
"4839","Exemption","Medical Exemption","States","Louisiana","2015-16","0.1",59159,NA,"",75,"Census"
"4840","Exemption","Medical Exemption","States","Maine","2015-16","0.5",13526,NA,"",69,"Census"
"4841","Exemption","Medical Exemption","States","Maryland","2015-16","0.5",72012,NA,"",348,"Census (public); Voluntary response (private)"
"4842","Exemption","Medical Exemption","States","Massachusetts","2015-16","0.3",72897,NA,"",216,"Census"
"4843","Exemption","Medical Exemption","States","Michigan","2015-16","0.2",116299,NA,"",246,"Census"
"4844","Exemption","Medical Exemption","States","Minnesota","2015-16","0.2",69710,NA,"§",139,"Census"
"4845","Exemption","Medical Exemption","States","Mississippi","2015-16","0.1",41042,NA,"<",18,"Census"
"4846","Exemption","Medical Exemption","States","Missouri","2015-16","0.2",74413,NA,"§",149,"Census"
"4847","Exemption","Medical Exemption","States","Montana","2015-16","0.4",11484,NA,"",49,"Census"
"4848","Exemption","Medical Exemption","States","Nebraska","2015-16","0.6",30409,NA,"",186,"Census"
"4849","Exemption","Medical Exemption","States","Nevada","2015-16","0.1",37118,NA,"",37,"Stratified 2-stage cluster sample"
"4850","Exemption","Medical Exemption","States","New Hampshire","2015-16","0.2",11852,NA,"",21,"Census"
"4851","Exemption","Medical Exemption","States","New Jersey","2015-16","0.2",110116,NA,"",211,"Census"
"4852","Exemption","Medical Exemption","States","New Mexico","2015-16","0.1",29049,NA,"",19,"Census"
"4853","Exemption","Medical Exemption","States","New York","2015-16","0.1",232521,NA,"",323,"Census"
"4854","Exemption","Medical Exemption","States","North Carolina","2015-16","0.1",128290,NA,"",141,"Census (public); Voluntary response (private)"
"4855","Exemption","Medical Exemption","States","North Dakota","2015-16","0.3",9875,NA,"",30,"Census"
"4856","Exemption","Medical Exemption","States","Ohio","2015-16","0.2",144604,NA,"",358,"Census (public); Voluntary response (private)"
"4857","Exemption","Medical Exemption","States","Oklahoma","2015-16","0.1",54335,NA,"",79,"Census"
"4858","Exemption","Medical Exemption","States","Oregon","2015-16","0.1",45531,NA,"",61,"Census"
"4859","Exemption","Medical Exemption","States","Pennsylvania","2015-16","0.4",143298,NA,"",511,"Census (public); Voluntary response (private)"
"4860","Exemption","Medical Exemption","States","Rhode Island","2015-16","0.2",11165,NA,"",21,"Census"
"4861","Exemption","Medical Exemption","States","South Carolina","2015-16","0.1",59240,NA,"<",23,"Stratified 1-stage cluster sample"
"4862","Exemption","Medical Exemption","States","South Dakota","2015-16","0.2",12181,NA,"",22,"Census"
"4863","Exemption","Medical Exemption","States","Tennessee","2015-16","0.1",79233,NA,"",111,"Census"
"4864","Exemption","Medical Exemption","States","Texas","2015-16","0.2",394801,NA,"",821,"Census (public); Voluntary response (private)"
"4865","Exemption","Medical Exemption","States","Utah","2015-16","0.2",50114,NA,"",88,"Census"
"4866","Exemption","Medical Exemption","States","Vermont","2015-16","0.1",6366,NA,"",9,"Census"
"4867","Exemption","Medical Exemption","States","Virginia","2015-16","0.3",100074,NA,"",254,"Stratified 2-stage cluster sample"
"4868","Exemption","Medical Exemption","States","Washington","2015-16","1.0",86492,NA,"",862,"Census"
"4869","Exemption","Medical Exemption","States","West Virginia","2015-16","0.2",21333,NA,"",35,"Voluntary response"
"4870","Exemption","Medical Exemption","States","Wisconsin","2015-16","0.3",70220,NA,"",244,"Stratified 2-stage cluster sample"
"4871","Exemption","Medical Exemption","States","Wyoming","2015-16","0.2",7825,NA,"§.‡‡",16,"Voluntary response"
"4872","Exemption","Medical Exemption","States","Alabama","2016-17","0.1",58394,NA,"",62,"Census"
"4873","Exemption","Medical Exemption","States","Alaska","2016-17","1.5",9815,NA,"",149,"Census"
"4874","Exemption","Medical Exemption","States","Arizona","2016-17","0.2",83627,NA,"",134,"Census"
"4875","Exemption","Medical Exemption","States","Arkansas","2016-17","0.1",39666,NA,"",24,"Voluntary response"
"4876","Exemption","Medical Exemption","States","California","2016-17","0.5",575305,NA,"",2928,"Census"
"4877","Exemption","Medical Exemption","States","Colorado","2016-17","0.2",64440,NA,"§",129,"Census"
"4878","Exemption","Medical Exemption","States","Connecticut","2016-17","0.3",39002,NA,"",107,"Census"
"4879","Exemption","Medical Exemption","States","Delaware","2016-17","0.1",11490,NA,"<",7,"Stratified 2-stage cluster sample"
"4880","Exemption","Medical Exemption","States","District of Columbia","2016-17","0.6",8522,NA,"",47,"Census"
"4881","Exemption","Medical Exemption","States","Florida","2016-17","0.4",224463,NA,"",841,"Census"
"4882","Exemption","Medical Exemption","States","Georgia","2016-17","0.1",136165,NA,"",198,"Census"
"4883","Exemption","Medical Exemption","States","Hawaii","2016-17","0.1",16325,NA,"",20,"Stratified 2-stage cluster sample"
"4884","Exemption","Medical Exemption","States","Idaho","2016-17","0.4",22589,NA,"",86,"Census"
"4885","Exemption","Medical Exemption","States","Illinois","2016-17","0.2",151309,NA,"§",303,"Census"
"4886","Exemption","Medical Exemption","States","Indiana","2016-17","0.1",83263,NA,"",112,"Voluntary response"
"4887","Exemption","Medical Exemption","States","Iowa","2016-17","0.2",39587,NA,"",79,"Census"
"4888","Exemption","Medical Exemption","States","Kansas","2016-17","0.3",38298,NA,"",115,"Census"
"4889","Exemption","Medical Exemption","States","Kentucky","2016-17","0.4",51487,NA,"",217,"Census"
"4890","Exemption","Medical Exemption","States","Louisiana","2016-17","0.1",55257,NA,"",54,"Census"
"4891","Exemption","Medical Exemption","States","Maine","2016-17","0.2",13834,NA,"",32,"Voluntary response (public). census (private)"
"4892","Exemption","Medical Exemption","States","Maryland","2016-17","0.5",71467,NA,"",391,"Census"
"4893","Exemption","Medical Exemption","States","Massachusetts","2016-17","0.3",70109,NA,"",191,"Census"
"4894","Exemption","Medical Exemption","States","Michigan","2016-17","0.2",118777,NA,"",213,"Census"
"4895","Exemption","Medical Exemption","States","Minnesota","2016-17","0.2",69140,NA,"§",138,"Census"
"4896","Exemption","Medical Exemption","States","Mississippi","2016-17","0.1",40509,NA,"",31,"Census"
"4897","Exemption","Medical Exemption","States","Missouri","2016-17","0.2",73355,NA,"§",147,"Census"
"4898","Exemption","Medical Exemption","States","Montana","2016-17","0.4",11956,NA,"",53,"Census"
"4899","Exemption","Medical Exemption","States","Nebraska","2016-17","0.7",27117,NA,"§§",186,"Census"
"4900","Exemption","Medical Exemption","States","Nevada","2016-17","0.1",36885,NA,"",53,"Stratified 2-stage cluster sample"
"4901","Exemption","Medical Exemption","States","New Hampshire","2016-17","0.2",12145,NA,"",29,"Census"
"4902","Exemption","Medical Exemption","States","New Jersey","2016-17","0.2",109577,NA,"",196,"Census"
"4903","Exemption","Medical Exemption","States","New Mexico","2016-17","0.1",27119,NA,"<",6,"Stratified 2-stage cluster sample"
"4904","Exemption","Medical Exemption","States","New York","2016-17","0.2",227050,NA,"",345,"Census"
"4905","Exemption","Medical Exemption","States","North Carolina","2016-17","0.1",126454,NA,"",174,"Voluntary response"
"4906","Exemption","Medical Exemption","States","North Dakota","2016-17","0.2",9799,NA,"",24,"Census"
"4907","Exemption","Medical Exemption","States","Ohio","2016-17","0.3",137542,NA,"",414,"Census"
"4908","Exemption","Medical Exemption","States","Oklahoma","2016-17","0.2",52184,NA,"‡‡",79,"Census"
"4909","Exemption","Medical Exemption","States","Oregon","2016-17","0.1",45705,NA,"",55,"Census"
"4910","Exemption","Medical Exemption","States","Pennsylvania","2016-17","0.4",143888,NA,"",537,"Voluntary response"
"4911","Exemption","Medical Exemption","States","Rhode Island","2016-17","0.2",11100,NA,"",22,"Census"
"4912","Exemption","Medical Exemption","States","South Carolina","2016-17","0.1",59177,NA,"",55,"Stratified 1-stage cluster sample"
"4913","Exemption","Medical Exemption","States","South Dakota","2016-17","0.2",12106,NA,"",21,"Census"
"4914","Exemption","Medical Exemption","States","Tennessee","2016-17","0.1",78169,NA,"",103,"Census"
"4915","Exemption","Medical Exemption","States","Texas","2016-17","0.2",389999,NA,"",822,"Census"
"4916","Exemption","Medical Exemption","States","Utah","2016-17","0.2",49073,NA,"",88,"Census"
"4917","Exemption","Medical Exemption","States","Vermont","2016-17","0.2",6344,NA,"",15,"Census"
"4918","Exemption","Medical Exemption","States","Virginia","2016-17","0.2",102357,NA,"",225,"Census"
"4919","Exemption","Medical Exemption","States","Washington","2016-17","0.9",87142,NA,"",805,"Census"
"4920","Exemption","Medical Exemption","States","West Virginia","2016-17","0.3",28666,NA,"",75,"Census (public). voluntary response (private)"
"4921","Exemption","Medical Exemption","States","Wisconsin","2016-17","0.3",67607,NA,"",194,"Census"
"4922","Exemption","Medical Exemption","States","Wyoming","2016-17",NA,NA,NA,"",NA,"Not conducted"
"4923","Exemption","Medical Exemption","States","Alabama","2017-18","0.1",57245,NA,"",59,"Census"
"4924","Exemption","Medical Exemption","States","Alaska","2017-18","0.8",9692,NA,"",75,"Stratified 2-stage cluster sample"
"4925","Exemption","Medical Exemption","States","Arizona","2017-18","0.5",81710,NA,"",400,"Census"
"4926","Exemption","Medical Exemption","States","Arkansas","2017-18","0.1",39630,NA,"",14,"Census "
"4927","Exemption","Medical Exemption","States","California","2017-18","0.7",574702,NA,"",4190,"Census"
"4928","Exemption","Medical Exemption","States","Colorado","2017-18","0.2",65718,NA,"§",131,"Census"
"4929","Exemption","Medical Exemption","States","Connecticut","2017-18","0.3",39174,NA,"",126,"Census"
"4930","Exemption","Medical Exemption","States","Delaware","2017-18","0.1",10988,NA,"",3,"Stratified 2-stage cluster sample"
"4931","Exemption","Medical Exemption","States","District of Columbia","2017-18",NA,NA,NA,"",NA,"Census"
"4932","Exemption","Medical Exemption","States","Florida","2017-18","0.5",222397,NA,"",1051,"Census"
"4933","Exemption","Medical Exemption","States","Georgia","2017-18","0.1",131459,NA,"",102,"Census"
"4934","Exemption","Medical Exemption","States","Hawaii","2017-18","0.1",16325,NA,"<",4,"Stratified 2-stage cluster sample"
"4935","Exemption","Medical Exemption","States","Idaho","2017-18","0.4",22553,NA,"",93,"Census"
"4936","Exemption","Medical Exemption","States","Illinois","2017-18","0.2",144858,NA,"§",290,"Census"
"4937","Exemption","Medical Exemption","States","Indiana","2017-18","0.2",84296,NA,"",156,"Voluntary Response"
"4938","Exemption","Medical Exemption","States","Iowa","2017-18","0.2",39632,NA,"",93,"Census"
"4939","Exemption","Medical Exemption","States","Kansas","2017-18","0.3",38484,NA,"",125,"Stratified 2-stage cluster sample"
"4940","Exemption","Medical Exemption","States","Kentucky","2017-18","0.3",55152,NA,"",174,"Census"
"4941","Exemption","Medical Exemption","States","Louisiana","2017-18","0.1",58277,NA,"",61,"Census"
"4942","Exemption","Medical Exemption","States","Maine","2017-18","0.3",13255,NA,"",34,"Census "
"4943","Exemption","Medical Exemption","States","Maryland","2017-18","0.6",68528,NA,"",390,"Census"
"4944","Exemption","Medical Exemption","States","Massachusetts","2017-18","0.3",63377,NA,"",166,"Census"
"4945","Exemption","Medical Exemption","States","Michigan","2017-18","0.2",119028,NA,"",251,"Census"
"4946","Exemption","Medical Exemption","States","Minnesota","2017-18","0.2",69807,NA,"§",140,"Census"
"4947","Exemption","Medical Exemption","States","Mississippi","2017-18","0.1",39284,NA,"",38,"Census"
"4948","Exemption","Medical Exemption","States","Missouri","2017-18","0.2",73113,NA,"§",146,"Census"
"4949","Exemption","Medical Exemption","States","Montana","2017-18","0.4",12188,NA,"",48,"Census"
"4950","Exemption","Medical Exemption","States","Nebraska","2017-18","0.7",26313,NA,"",192,"Census"
"4951","Exemption","Medical Exemption","States","Nevada","2017-18","0.1",37178,NA,"",26,"Stratified 2-stage cluster sample"
"4952","Exemption","Medical Exemption","States","New Hampshire","2017-18","0.2",12165,NA,"",22,"Census"
"4953","Exemption","Medical Exemption","States","New Jersey","2017-18","0.2",107630,NA,"",171,"Census"
"4954","Exemption","Medical Exemption","States","New Mexico","2017-18","0.2",26896,NA,"",51,"Stratified 2-stage cluster sample"
"4955","Exemption","Medical Exemption","States","New York","2017-18","0.2",226456,NA,"",349,"Census"
"4956","Exemption","Medical Exemption","States","North Carolina","2017-18","0.2",127197,NA,"",284,"Census"
"4957","Exemption","Medical Exemption","States","North Dakota","2017-18","0.3",10365,NA,"",31,"Census"
"4958","Exemption","Medical Exemption","States","Ohio","2017-18","0.2",138753,NA,"",336,"Census"
"4959","Exemption","Medical Exemption","States","Oklahoma","2017-18","0.2",53898,NA,"",91,"Census (public). voluntary response (private)"
"4960","Exemption","Medical Exemption","States","Oregon","2017-18","0.1",45818,NA,"",62,"Census"
"4961","Exemption","Medical Exemption","States","Pennsylvania","2017-18","0.5",141571,NA,"",638,"Voluntary response"
"4962","Exemption","Medical Exemption","States","Rhode Island","2017-18","0.1",11025,NA,"",10,"Census"
"4963","Exemption","Medical Exemption","States","South Carolina","2017-18","0.2",58458,NA,"",119,"Stratified 1-stage cluster sample"
"4964","Exemption","Medical Exemption","States","South Dakota","2017-18","0.2",12125,NA,"",23,"Census"
"4965","Exemption","Medical Exemption","States","Tennessee","2017-18","0.1",78743,NA,"",114,"Census"
"4966","Exemption","Medical Exemption","States","Texas","2017-18","0.2",387981,NA,"",780,"Census"
"4967","Exemption","Medical Exemption","States","Utah","2017-18","0.2",48827,NA,"",80,"Census"
"4968","Exemption","Medical Exemption","States","Vermont","2017-18","0.2",6255,NA,"",13,"Census"
"4969","Exemption","Medical Exemption","States","Virginia","2017-18","0.4",100581,NA,"",384,"Stratified 2-stage cluster sample"
"4970","Exemption","Medical Exemption","States","Washington","2017-18","0.7",85118,NA,"",621,"Census"
"4971","Exemption","Medical Exemption","States","West Virginia","2017-18","0.2",19519,NA,"‡‡",32,"Voluntary response"
"4972","Exemption","Medical Exemption","States","Wisconsin","2017-18","0.2",66178,NA,"",164,"Stratified 2-stage cluster sample"
"4973","Exemption","Medical Exemption","States","Wyoming","2017-18",NA,NA,NA,"",NA,"Not conducted "
"4974","Exemption","Medical Exemption","States","Alabama","2018-19","0.1",77739,NA,"†",62,"Census"
"4975","Exemption","Medical Exemption","States","Alaska","2018-19","0.5",10316,NA,"†",51,"Voluntary response"
"4976","Exemption","Medical Exemption","States","Arizona","2018-19","0.1",79981,NA,"<. ‡",26,"Census"
"4977","Exemption","Medical Exemption","States","California","2018-19","0.6",568947,NA,"‡.†",3434,"Census"
"4978","Exemption","Medical Exemption","States","Colorado","2018-19","0.2",64191,NA,"§",115,"Census"
"4979","Exemption","Medical Exemption","States","Connecticut","2018-19","0.2",38230,NA,"†",86,"Census"
"4980","Exemption","Medical Exemption","States","Delaware","2018-19","0.3",10798,NA,"†",28,"Stratified 2-stage cluster sample"
"4981","Exemption","Medical Exemption","States","District of Columbia","2018-19",NA,NA,NA,"",NA,"Census"
"4982","Exemption","Medical Exemption","States","Florida","2018-19","0.4",224641,NA,"†",828,"Census"
"4983","Exemption","Medical Exemption","States","Georgia","2018-19","0.1",131275,NA,"†",124,"Census"
"4984","Exemption","Medical Exemption","States","Hawaii","2018-19","0.1",16051,NA,"†",10,"Stratified 2-stage cluster sample"
"4985","Exemption","Medical Exemption","States","Idaho","2018-19","0.4",22995,NA,"||",82,"Census"
"4986","Exemption","Medical Exemption","States","Illinois","2018-19","0.2",143876,NA,"§. †",346,"Census"
"4987","Exemption","Medical Exemption","States","Indiana","2018-19","0.3",82324,NA,"†",252,"Census"
"4988","Exemption","Medical Exemption","States","Iowa","2018-19","0.2",40624,NA,"†",87,"Census"
"4989","Exemption","Medical Exemption","States","Kansas","2018-19","0.3",37838,NA,"†",122,"Stratified 2-stage cluster sample"
"4990","Exemption","Medical Exemption","States","Kentucky","2018-19","0.3",55587,NA,"†",140,"Census"
"4991","Exemption","Medical Exemption","States","Louisiana","2018-19","0.1",56203,NA,"",53,"Census"
"4992","Exemption","Medical Exemption","States","Maine","2018-19","0.6",13419,NA,"",79,"Census"
"4993","Exemption","Medical Exemption","States","Maryland","2018-19","0.4",71431,NA,"†",299,"Census"
"4994","Exemption","Medical Exemption","States","Massachusetts","2018-19","0.3",65279,NA,"†",171,"Census"
"4995","Exemption","Medical Exemption","States","Michigan","2018-19","0.2",118632,NA,"",296,"Census"
"4996","Exemption","Medical Exemption","States","Minnesota","2018-19","0.2",70085,NA,"§. ||",163,"Census"
"4997","Exemption","Medical Exemption","States","Mississippi","2018-19","0.1",37775,NA,"‡.†",47,"Census"
"4998","Exemption","Medical Exemption","States","Missouri","2018-19","0.2",72687,NA,"§. †",129,"Census"
"4999","Exemption","Medical Exemption","States","Montana","2018-19","0.2",12480,NA,"†",27,"Census"
"5000","Exemption","Medical Exemption","States","Nebraska","2018-19","0.5",26925,NA,"†.§§",127,"Census"
"5001","Exemption","Medical Exemption","States","Nevada","2018-19","0.2",37971,NA,"†",70,"Stratified 2-stage cluster sample"
"5002","Exemption","Medical Exemption","States","New Hampshire","2018-19","0.2",12421,NA,"†",29,"Census"
"5003","Exemption","Medical Exemption","States","New Jersey","2018-19","0.2",109161,NA,"†",183,"Census"
"5004","Exemption","Medical Exemption","States","New Mexico","2018-19","0.3",25269,NA,"†",84,"Census"
"5005","Exemption","Medical Exemption","States","New York","2018-19","0.1",220495,NA,"†",315,"Census"
"5006","Exemption","Medical Exemption","States","North Carolina","2018-19","0.1",124343,NA,"†",167,"Census (public). voluntary response (private)"
"5007","Exemption","Medical Exemption","States","North Dakota","2018-19","0.3",10382,NA,"",36,"Census"
"5008","Exemption","Medical Exemption","States","Ohio","2018-19","0.2",139679,NA,"||",334,"Census (public). voluntary response (private)"
"5009","Exemption","Medical Exemption","States","Oklahoma","2018-19","0.1",54806,NA,"",79,"Census (public). voluntary response (private)"
"5010","Exemption","Medical Exemption","States","Oregon","2018-19","0.1",45870,NA,"||",56,"Census"
"5011","Exemption","Medical Exemption","States","Pennsylvania","2018-19","0.4",143560,NA,"",547,"Census (public). voluntary response (private)"
"5012","Exemption","Medical Exemption","States","Rhode Island","2018-19","0.1",10964,NA,"†",16,"Census"
"5013","Exemption","Medical Exemption","States","South Carolina","2018-19","0.2",58442,NA,"†",92,"Stratified 1-stage cluster sample"
"5014","Exemption","Medical Exemption","States","South Dakota","2018-19","0.2",12062,NA,"†",22,"Census"
"5015","Exemption","Medical Exemption","States","Tennessee","2018-19","0.2",78630,NA,"†",129,"Census"
"5016","Exemption","Medical Exemption","States","Texas","2018-19","0.2",390034,NA,"||",972,"Census"
"5017","Exemption","Medical Exemption","States","Utah","2018-19","0.2",50179,NA,"",77,"Census"
"5018","Exemption","Medical Exemption","States","Vermont","2018-19","0.3",6126,NA,"†",19,"Census"
"5019","Exemption","Medical Exemption","States","Virginia","2018-19","0.3",100394,NA,"†",317,"Stratified 2-stage cluster sample"
"5020","Exemption","Medical Exemption","States","Washington","2018-19","0.8",87510,NA,"",673,"Census"
"5021","Exemption","Medical Exemption","States","West Virginia","2018-19","0.8",19442,NA,"†.‡.‡‡",161,"Voluntary response"
"5022","Exemption","Medical Exemption","States","Wisconsin","2018-19","0.2",66344,NA,"",160,"Stratified 2-stage cluster sample"
"5023","Exemption","Medical Exemption","States","Wyoming","2018-19","0.2",7734,NA,"†",15,"Census"
"5024","Exemption","Medical Exemption","States","Alabama","2019-20","0.1",59477,NA,"†",63,"Census"
"5025","Exemption","Medical Exemption","States","Alaska","2019-20","0.5",10381,NA,"†",51,"Voluntary response"
"5026","Exemption","Medical Exemption","States","Arizona","2019-20","0.2",83976,NA,"‡",144,"Census (public). voluntary response (private)"
"5027","Exemption","Medical Exemption","States","Arkansas","2019-20","0.1",39510,NA,"<",15,"Census (public). voluntary response (private)"
"5028","Exemption","Medical Exemption","States","California","2019-20","0.8",566155,NA,"†.‡",4249,"Census"
"5029","Exemption","Medical Exemption","States","Colorado","2019-20","0.2",69088,NA,"§",121,"Census"
"5030","Exemption","Medical Exemption","States","Connecticut","2019-20","0.2",38888,NA,"†",84,"Census"
"5031","Exemption","Medical Exemption","States","Delaware","2019-20","NR",NA,NA,"†",NA,"Not Conducted"
"5032","Exemption","Medical Exemption","States","District of Columbia","2019-20",NA,NA,NA,"†",NA,"Not Conducted"
"5033","Exemption","Medical Exemption","States","Florida","2019-20","0.4",228298,NA,"†",855,"Census"
"5034","Exemption","Medical Exemption","States","Georgia","2019-20","0.1",130102,NA,"†",158,"Census"
"5035","Exemption","Medical Exemption","States","Hawaii","2019-20","0.2",15695,NA,"†",29,"Stratified 2-stage cluster sample"
"5036","Exemption","Medical Exemption","States","Idaho","2019-20","0.3",23301,NA,"||",75,"Census"
"5037","Exemption","Medical Exemption","States","Illinois","2019-20","0.3",145891,NA,"†",407,"Census"
"5038","Exemption","Medical Exemption","States","Indiana","2019-20","0.2",88253,NA,"†",199,"Voluntary response"
"5039","Exemption","Medical Exemption","States","Iowa","2019-20","0.2",40812,NA,"†",68,"Census"
"5040","Exemption","Medical Exemption","States","Kansas","2019-20","0.3",37865,NA,"†",99,"Stratified 2-stage cluster sample"
"5041","Exemption","Medical Exemption","States","Kentucky","2019-20","0.5",59233,NA,"†",274,"Census"
"5042","Exemption","Medical Exemption","States","Louisiana","2019-20","0.2",59685,NA,"",92,"Census"
"5043","Exemption","Medical Exemption","States","Maine","2019-20","0.3",13450,NA,"",40,"Census "
"5044","Exemption","Medical Exemption","States","Maryland","2019-20","0.4",72443,NA,"†",273,"Census (public). voluntary response (private)"
"5045","Exemption","Medical Exemption","States","Massachusetts","2019-20","0.2",66756,NA,"†",153,"Census"
"5046","Exemption","Medical Exemption","States","Michigan","2019-20","0.2",120565,NA,"",290,"Census"
"5047","Exemption","Medical Exemption","States","Minnesota","2019-20","0.2",71223,NA,"§.||",133,"Census"
"5048","Exemption","Medical Exemption","States","Mississippi","2019-20","0.2",37870,NA,"†. ‡",62,"Census"
"5049","Exemption","Medical Exemption","States","Missouri","2019-20","0.2",72324,NA,"†.§",150,"Census"
"5050","Exemption","Medical Exemption","States","Montana","2019-20","0.2",12501,NA,"†",30,"Census"
"5051","Exemption","Medical Exemption","States","Nebraska","2019-20","0.4",26893,NA,"†",106,"Census"
"5052","Exemption","Medical Exemption","States","Nevada","2019-20","0.5",37724,NA,"†",170,"Census"
"5053","Exemption","Medical Exemption","States","New Hampshire","2019-20","0.2",12447,NA,"†",29,"Census"
"5054","Exemption","Medical Exemption","States","New Jersey","2019-20","0.2",107900,NA,"†",188,"Census"
"5055","Exemption","Medical Exemption","States","New Mexico","2019-20","0.2",23087,NA,"†",46,"Census"
"5056","Exemption","Medical Exemption","States","New York","2019-20","0.1",234165,NA,"†.‡",320,"Census"
"5057","Exemption","Medical Exemption","States","North Carolina","2019-20","0.1",124548,NA,"†",158,"Census"
"5058","Exemption","Medical Exemption","States","North Dakota","2019-20","0.3",10587,NA,"",32,"Census"
"5059","Exemption","Medical Exemption","States","Ohio","2019-20","0.2",139103,NA,"||",346,"Census"
"5060","Exemption","Medical Exemption","States","Oklahoma","2019-20","0.1",55348,NA,"",73,"Voluntary response"
"5061","Exemption","Medical Exemption","States","Oregon","2019-20","0.2",45959,NA,"||",73,"Census"
"5062","Exemption","Medical Exemption","States","Pennsylvania","2019-20","0.4",140197,NA,"",507,"Census"
"5063","Exemption","Medical Exemption","States","Rhode Island","2019-20","0.2",11219,NA,"†",24,"Census"
"5064","Exemption","Medical Exemption","States","South Carolina","2019-20","0.2",65938,NA,"†",115,"Stratified 1-stage cluster sample"
"5065","Exemption","Medical Exemption","States","South Dakota","2019-20","0.1",12367,NA,"†",18,"Census"
"5066","Exemption","Medical Exemption","States","Tennessee","2019-20","0.1",80595,NA,"†",101,"Census"
"5067","Exemption","Medical Exemption","States","Texas","2019-20","0.2",398680,NA,"||",929,"Census"
"5068","Exemption","Medical Exemption","States","Utah","2019-20","0.1",49208,NA,"",59,"Census"
"5069","Exemption","Medical Exemption","States","Vermont","2019-20","0.1",6293,NA,"†",9,"Census"
"5070","Exemption","Medical Exemption","States","Virginia","2019-20","0.3",99399,NA,"†",333,"Census"
"5071","Exemption","Medical Exemption","States","Washington","2019-20","0.7",87757,NA,"",647,"Census"
"5072","Exemption","Medical Exemption","States","West Virginia","2019-20","0.1",17114,NA,"†.‡.‡‡",21,"Voluntary response"
"5073","Exemption","Medical Exemption","States","Wisconsin","2019-20","0.2",67391,NA,"",168,"Census"
"5074","Exemption","Medical Exemption","States","Wyoming","2019-20","0.3",7913,NA,"†",24,"Census"
"5075","Exemption","Medical Exemption","States","Alabama","2020-21","0.1",56974,100,"†",66,"Census"
"5076","Exemption","Medical Exemption","States","Alaska","2020-21","0.2",9461,92.5,"†",21,"Census"
"5077","Exemption","Medical Exemption","States","Arizona","2020-21","0.1",76382,93.4,"‡",72,"Census (public). voluntary response (private)"
"5078","Exemption","Medical Exemption","States","Arkansas","2020-21","0.1",37540,95.6,"<",14,"Census (public). voluntary response (private)"
"5079","Exemption","Medical Exemption","States","California","2020-21","0.5",498214,97.5,"†.‡",2391,"Census"
"5080","Exemption","Medical Exemption","States","Colorado","2020-21","0.2",63619,97.3,">=. §",98,"Census"
"5081","Exemption","Medical Exemption","States","Connecticut","2020-21","0.2",34396,100,"†",83,"Census"
"5082","Exemption","Medical Exemption","States","Delaware","2020-21","0.1",10587,9.2,"<. †",4,"Stratified 2-stage cluster sample"
"5083","Exemption","Medical Exemption","States","Florida","2020-21","0.4",207026,100,"†",790,"Census"
"5084","Exemption","Medical Exemption","States","Georgia","2020-21","0.1",83191,100,"†",61,"Census"
"5085","Exemption","Medical Exemption","States","Hawaii","2020-21","0.2",13074,93,"†",27,"Census"
"5086","Exemption","Medical Exemption","States","Idaho","2020-21","0.3",22677,98.3,"||",64,"Census"
"5087","Exemption","Medical Exemption","States","Illinois","2020-21","NR",NA,NA,"†",NA,"Not Conducted"
"5088","Exemption","Medical Exemption","States","Indiana","2020-21","0.2",78694,71.4,"†",131,"Voluntary response"
"5089","Exemption","Medical Exemption","States","Iowa","2020-21","0.2",39141,100,"†",64,"Census"
"5090","Exemption","Medical Exemption","States","Kansas","2020-21","0.2",34687,32.7,"†",71,"Stratified 2-stage cluster sample"
"5091","Exemption","Medical Exemption","States","Kentucky","2020-21","0.2",59233,86.4,"†",92,"Census (public). voluntary response (private)"
"5092","Exemption","Medical Exemption","States","Louisiana","2020-21","0.1",61912,100,"",48,"Census"
"5093","Exemption","Medical Exemption","States","Maine","2020-21","0.5",13477,85,"",64,"Voluntary response (public). census (private)"
"5094","Exemption","Medical Exemption","States","Maryland","2020-21","0.2",65764,75.6,"†",109,"Census (public). voluntary response (private)"
"5095","Exemption","Medical Exemption","States","Massachusetts","2020-21","0.2",60724,100,"†",127,"Census"
"5096","Exemption","Medical Exemption","States","Michigan","2020-21","0.2",106657,100,"",217,"Census"
"5097","Exemption","Medical Exemption","States","Minnesota","2020-21","0.1",66007,95.2,">=. §. ‡",82,"Census"
"5098","Exemption","Medical Exemption","States","Mississippi","2020-21","0.1",34028,100,"†. ‡",39,"Census"
"5099","Exemption","Medical Exemption","States","Missouri","2020-21","0.2",63093,100,">=. †.§",102,"Census"
"5100","Exemption","Medical Exemption","States","Montana","2020-21","0.2",11279,100,"†",24,"Census"
"5101","Exemption","Medical Exemption","States","Nebraska","2020-21","0.6",25681,94.8,"†",143,"Census (public). voluntary response (private)"
"5102","Exemption","Medical Exemption","States","Nevada","2020-21","0.8",34171,94.7,"†",278,"Census (public). voluntary response (private)"
"5103","Exemption","Medical Exemption","States","New Hampshire","2020-21","0.2",10242,57,"†",25,"Voluntary response"
"5104","Exemption","Medical Exemption","States","New Jersey","2020-21","0.1",100144,100,"†",135,"Census"
"5105","Exemption","Medical Exemption","States","New Mexico","2020-21","0.1",20589,100,"†",23,"Census"
"5106","Exemption","Medical Exemption","States","New York","2020-21","0.1",216804,91.5,"†.‡",264,"Census (public). voluntary response (private)"
"5107","Exemption","Medical Exemption","States","NY-City of New York","2020-21","0.1",91920,94.2,"†.‡",56,"Census (public). voluntary response (private)"
"5108","Exemption","Medical Exemption","States","North Carolina","2020-21","0.1",120995,89,"†",127,"Census (public). voluntary response (private)"
"5109","Exemption","Medical Exemption","States","North Dakota","2020-21","0.2",10116,99.1,"",21,"Census"
"5110","Exemption","Medical Exemption","States","Ohio","2020-21","0.2",128535,91.1,"||",253,"Census (public). voluntary response (private)"
"5111","Exemption","Medical Exemption","States","Oklahoma","2020-21","0.2",52656,90,"",87,"Census (public). voluntary response (private)"
"5112","Exemption","Medical Exemption","States","Oregon","2020-21","0.1",39568,100,"||",39,"Census"
"5113","Exemption","Medical Exemption","States","Pennsylvania","2020-21","0.3",129307,95,"",356,"Census (public). voluntary response (private)"
"5114","Exemption","Medical Exemption","States","Rhode Island","2020-21","0.1",10402,93,"†",10,"Census"
"5115","Exemption","Medical Exemption","States","South Carolina","2020-21","0.2",56330,26.5,"†",92,"Stratified 1-stage cluster sample"
"5116","Exemption","Medical Exemption","States","South Dakota","2020-21","0.1",11512,99.9,"†",16,"Census"
"5117","Exemption","Medical Exemption","States","Tennessee","2020-21","0.1",73819,100,"†",87,"Census"
"5118","Exemption","Medical Exemption","States","Texas","2020-21","0.2",377840,98.9,"||",699,"Census"
"5119","Exemption","Medical Exemption","States","TX-City of Houston","2020-21","0.1",39627,94.9,"||",59,"Census (public). voluntary response (private)"
"5120","Exemption","Medical Exemption","States","Utah","2020-21","0.1",46247,100,"",58,"Census"
"5121","Exemption","Medical Exemption","States","Vermont","2020-21","0.1",5535,100,"†",6,"Census"
"5122","Exemption","Medical Exemption","States","Virginia","2020-21","0.2",88273,2,"†",214,"Stratified 2-stage cluster sample"
"5123","Exemption","Medical Exemption","States","Washington","2020-21","0.5",74931,100,"",389,"Census"
"5124","Exemption","Medical Exemption","States","West Virginia","2020-21","NR",NA,NA,"†.‡.‡‡",NA,"Not Conducted"
"5125","Exemption","Medical Exemption","States","Wisconsin","2020-21","0.2",63486,84.5,"",154,"Voluntary response"
"5126","Exemption","Medical Exemption","States","Wyoming","2020-21","NR",6923,100,"†",NA,"Census"
"5127","Exemption","Medical Exemption","States","Alabama","2021-22","0.2",60332,100,"†",93,"Census"
"5128","Exemption","Medical Exemption","States","Alaska","2021-22","0.5",9790,76.2,"†. ‡‡",45,"Vol. response (pub.), not conducted (pvt.)"
"5129","Exemption","Medical Exemption","States","Arizona","2021-22","0.4",83463,97,"‡",302,"Census"
"5130","Exemption","Medical Exemption","States","Arkansas","2021-22","0.0",39358,96.3,"",12,"Census (pub.), vol. response (pvt.)"
"5131","Exemption","Medical Exemption","States","California","2021-22","0.3",512144,98.4,"†. ‡",1383,"Census"
"5132","Exemption","Medical Exemption","States","Colorado","2021-22","0.1",66900,97.5,">=. §. ||",87,"Census"
"5133","Exemption","Medical Exemption","States","Connecticut","2021-22","0.3",35451,100,"†",102,"Census"
"5134","Exemption","Medical Exemption","States","Delaware","2021-22","0.1",11181,9.5,"†",9,"Stratified 2-stage cluster sample"
"5135","Exemption","Medical Exemption","States","District of Columbia","2021-22","0.0",8959,100,"†",4,"Census"
"5136","Exemption","Medical Exemption","States","Florida","2021-22","0.4",229432,97.8,"†",860,"Census"
"5137","Exemption","Medical Exemption","States","Georgia","2021-22","0.2",118742,100,"†",204,"Census"
"5138","Exemption","Medical Exemption","States","Hawaii","2021-22","0.1",13368,6.7,"†",7,"Stratified 2-stage cluster sample"
"5139","Exemption","Medical Exemption","States","Idaho","2021-22","0.5",23854,99.6,"||",128,"Census"
"5140","Exemption","Medical Exemption","States","Indiana","2021-22","0.2",83198,75.1,"†",141,"Vol. response"
"5141","Exemption","Medical Exemption","States","Iowa","2021-22","0.1",40111,100,"†",49,"Census"
"5142","Exemption","Medical Exemption","States","Kansas","2021-22","0.2",36526,79.4,"†",80,"Census"
"5143","Exemption","Medical Exemption","States","Kentucky","2021-22","0.2",59233,91.5,"†",95,"Census"
"5144","Exemption","Medical Exemption","States","Louisiana","2021-22","0.0",66518,100,"",29,"Census"
"5145","Exemption","Medical Exemption","States","Maine","2021-22","1.5",12881,91.6,"",199,"Census"
"5146","Exemption","Medical Exemption","National","U.S. Median","2015-16","0.2",NA,NA,"",NA,"NaN"
"5147","Exemption","Medical Exemption","National","United States","2016-17","0.3",NA,NA,"",NA,"NaN"
"5148","Exemption","Medical Exemption","National","U.S. Median","2016-17","0.2",NA,NA,"",NA,"NaN"
"5149","Exemption","Medical Exemption","National","United States","2017-18","0.3",NA,NA,"",NA,"NaN"
"5150","Exemption","Medical Exemption","National","U.S. Median","2017-18","0.2",NA,NA,"",NA,"NaN"
"5151","Exemption","Medical Exemption","National","United States","2018-19","0.3",NA,NA,"",NA,"NaN"
"5152","Exemption","Medical Exemption","National","U.S. Median","2018-19","0.2",NA,NA,"",NA,"NaN"
"5153","Exemption","Medical Exemption","National","United States","2019-20","0.3",NA,NA,"",NA,"NaN"
"5154","Exemption","Medical Exemption","National","U.S. Median","2019-20","0.2",NA,NA,"",NA,"NaN"
"5155","Exemption","Medical Exemption","National","United States","2020-21","0.2",3520205,94.8,"",8335,""
"5156","Exemption","Medical Exemption","National","U.S. Median","2020-21","0.2",3520205,94.8,"",NA,""
"5157","Exemption","Medical Exemption","States","Maryland","2021-22","0.5",53866,98.4,"†",258,"Census"
"5158","Exemption","Medical Exemption","States","Massachusetts","2021-22","0.2",65582,100,"†",116,"Census"
"5159","Exemption","Medical Exemption","States","Michigan","2021-22","0.2",114251,100,"",266,"Census"
"5160","Exemption","Medical Exemption","States","Minnesota","2021-22","0.1",69403,98.7,">=. §. ||",93,"Census"
"5161","Exemption","Medical Exemption","States","Mississippi","2021-22","0.1",36524,100,"†. ‡",52,"Census"
"5162","Exemption","Medical Exemption","States","Missouri","2021-22","0.2",71034,100,">=. †. §",140,"Census"
"5163","Exemption","Medical Exemption","States","Nebraska","2021-22","0.3",25018,99.5,"†",85,"Census"
"5164","Exemption","Medical Exemption","States","Nevada","2021-22","0.4",36855,99.2,"†",164,"Census (pub.), vol. response (pvt.)"
"5165","Exemption","Medical Exemption","States","New Hampshire","2021-22","0.2",12157,100,"†",29,"Census"
"5166","Exemption","Medical Exemption","States","New Jersey","2021-22","0.1",104240,100,"†",146,"Census"
"5167","Exemption","Medical Exemption","States","New Mexico","2021-22","0.3",20736,100,"†",58,"Census"
"5168","Exemption","Medical Exemption","National","United States","2021-22","0.2",3835130,96.1,"",8230,""
"5169","Exemption","Medical Exemption","National","U.S. Median","2021-22","0.2",3835130,96.1,"",95,""
"5170","Exemption","Non-Medical Exemption","National","United States","2009-10","1.5",NA,NA,"",NA,"NaN"
"5171","Exemption","Non-Medical Exemption","National","U.S. Median","2009-10","0.8",NA,NA,"",NA,"NaN"
"5172","Exemption","Medical Exemption","States","New York","2021-22","0.1",195377,99.3,"†. ‡",241,"Census"
"5173","Exemption","Medical Exemption","States","NY-City of New York","2021-22","0.1",82938,99.8,"†. ‡",47,"Census"
"5174","Exemption","Medical Exemption","States","North Carolina","2021-22","0.1",118191,78.5,"†",99,"Vol. response"
"5175","Exemption","Medical Exemption","States","North Dakota","2021-22","0.3",10755,96.6,"",27,"Census"
"5176","Exemption","Medical Exemption","States","Ohio","2021-22","0.2",139077,91.9,"||",279,"Census (pub.), vol. response (pvt.)"
"5177","Exemption","Medical Exemption","States","Oklahoma","2021-22","0.2",54042,84.3,"",86,"Vol. response"
"5178","Exemption","Medical Exemption","States","Oregon","2021-22","0.1",41538,100,"||",43,"Census"
"5179","Exemption","Medical Exemption","States","Pennsylvania","2021-22","0.3",139558,94.9,"",466,"Census (pub.), vol. response (pvt.)"
"5180","Exemption","Medical Exemption","States","Rhode Island","2021-22","0.1",11002,96.9,"†",10,"Census"
"5181","Exemption","Medical Exemption","States","South Carolina","2021-22","0.2",58276,100,"†",124,"Census"
"5182","Exemption","Medical Exemption","States","South Dakota","2021-22","0.1",12251,100,"†",18,"Census"
"5183","Exemption","Medical Exemption","States","Tennessee","2021-22","0.1",79120,100,"†",93,"Census"
"5184","Exemption","Medical Exemption","States","Texas","2021-22","0.2",389037,99.3,"||",849,"Census"
"5185","Exemption","Medical Exemption","States","TX-City of Houston","2021-22","0.1",40123,99.3,"||",54,"Census"
"5186","Exemption","Medical Exemption","States","Utah","2021-22","0.3",48995,100,"",129,"Census"
"5187","Exemption","Medical Exemption","States","Vermont","2021-22","0.1",6126,100,"†",6,"Census"
"5188","Exemption","Medical Exemption","States","Virginia","2021-22","0.3",95996,96.1,"†",263,"Census"
"5189","Exemption","Medical Exemption","States","Washington","2021-22","0.5",87256,97.3,"",465,"Census (pub.), vol. response (pvt.)"
"5190","Exemption","Medical Exemption","States","West Virginia","2021-22","0.1",18070,85.5,"†. ‡",17,"Vol. response"
"5191","Exemption","Medical Exemption","States","Wisconsin","2021-22","0.3",64275,96.8,"",198,"Census (pub.), vol. response (pvt.)"
"5192","Exemption","Medical Exemption","States","Wyoming","2021-22","0.2",7382,100,"†",15,"Census"
"5193","Exemption","Non-Medical Exemption","States","Alabama","2009-10","0.4",75358,NA,"†. ¶",282,"Census"
"5194","Exemption","Non-Medical Exemption","States","Alaska","2009-10","3.8",9641,NA,"†",369,"Voluntary response"
"5195","Exemption","Non-Medical Exemption","States","Arizona","2009-10","2.8",89287,NA,"‡",2479,"Census"
"5196","Exemption","Non-Medical Exemption","States","Arkansas","2009-10","0.5",34733,NA,"",165,"Census"
"5197","Exemption","Non-Medical Exemption","States","California","2009-10","2.0",507191,NA,"‡",10280,"Census"
"5198","Exemption","Non-Medical Exemption","States","Colorado","2009-10",NA,NA,NA,"",NA,"Not conducted"
"5199","Exemption","Non-Medical Exemption","States","Connecticut","2009-10","0.8",46158,NA,"†",387,"Census"
"5200","Exemption","Non-Medical Exemption","States","Delaware","2009-10","0.6",11327,NA,"†",65,"Random sample"
"5201","Exemption","Non-Medical Exemption","States","District of Columbia","2009-10","0.3",6092,NA,"†",20,"Census"
"5202","Exemption","Non-Medical Exemption","States","Florida","2009-10","1.0",218630,NA,"†",2100,"Census"
"5203","Exemption","Non-Medical Exemption","States","Georgia","2009-10","1.0",141949,NA,"†",1478,"Random sample"
"5204","Exemption","Non-Medical Exemption","States","Hawaii","2009-10","3.5",18427,NA,"†",645,"Random sample"
"5205","Exemption","Non-Medical Exemption","States","Idaho","2009-10","3.5",22624,NA,"",794,"Census"
"5206","Exemption","Non-Medical Exemption","States","Illinois","2009-10",NA,165845,NA,"§",NA,"Census"
"5207","Exemption","Non-Medical Exemption","States","Indiana","2009-10","0.8",84390,NA,"†",674,"Census"
"5208","Exemption","Non-Medical Exemption","States","Iowa","2009-10","0.8",42698,NA,"†",359,"Census"
"5209","Exemption","Non-Medical Exemption","States","Kansas","2009-10","0.8",39073,NA,"†",304,"Census"
"5210","Exemption","Non-Medical Exemption","States","Kentucky","2009-10","0.3",56526,NA,"†",193,"Census"
"5211","Exemption","Non-Medical Exemption","States","Louisiana","2009-10","0.5",53846,NA,"",260,"Census"
"5212","Exemption","Non-Medical Exemption","States","Maine","2009-10","3.0",14162,NA,"",423,"Voluntary response"
"5213","Exemption","Non-Medical Exemption","States","Maryland","2009-10","0.5",75061,NA,"†",393,"Voluntary response"
"5214","Exemption","Non-Medical Exemption","States","Massachusetts","2009-10","0.7",74476,NA,"†",538,"Census"
"5215","Exemption","Non-Medical Exemption","States","Michigan","2009-10","3.8",129810,NA,"",4872,"Census"
"5216","Exemption","Non-Medical Exemption","States","Minnesota","2009-10",NA,70653,NA,"",NA,"Not conducted"
"5217","Exemption","Non-Medical Exemption","States","Mississippi","2009-10",NA,46922,NA,"‡. †",NA,"Census"
"5218","Exemption","Non-Medical Exemption","States","Missouri","2009-10",NA,75958,NA,"§",NA,"Random sample"
"5219","Exemption","Non-Medical Exemption","States","Montana","2009-10","2.2",12335,NA,"†",262,"Census"
"5220","Exemption","Non-Medical Exemption","States","Nebraska","2009-10","2.8",29607,NA,"†",802,"Census"
"5221","Exemption","Non-Medical Exemption","States","Nevada","2009-10","1.0",35209,NA,"†",357,"Random sample"
"5222","Exemption","Non-Medical Exemption","States","New Hampshire","2009-10",NA,NA,NA,"",NA,"Not conducted"
"5223","Exemption","Non-Medical Exemption","States","New Jersey","2009-10","0.8",118347,NA,"†",905,"Census"
"5224","Exemption","Non-Medical Exemption","States","New Mexico","2009-10","0.7",26318,NA,"†",183,"Random sample"
"5225","Exemption","Non-Medical Exemption","States","New York","2009-10","0.5",229273,NA,"†",1117,"Census"
"5226","Exemption","Non-Medical Exemption","States","North Carolina","2009-10","0.7",116087,NA,"†",756,"Census"
"5227","Exemption","Non-Medical Exemption","States","North Dakota","2009-10","0.8",8323,NA,"",67,"Random sample"
"5228","Exemption","Non-Medical Exemption","States","Ohio","2009-10","1.2",131137,NA,"||",1515,"Census"
"5229","Exemption","Non-Medical Exemption","States","Oklahoma","2009-10","0.9",51128,NA,"",456,"Voluntary response"
"5230","Exemption","Non-Medical Exemption","States","Oregon","2009-10","5.2",44676,NA,"†",2330,"Census"
"5231","Exemption","Non-Medical Exemption","States","Pennsylvania","2009-10","2.0",149656,NA,"||",2924,"Census"
"5232","Exemption","Non-Medical Exemption","States","Rhode Island","2009-10","0.2",11818,NA,"†",26,"Random sample"
"5233","Exemption","Non-Medical Exemption","States","South Carolina","2009-10","0.6",53725,NA,"†",303,"Random sample"
"5234","Exemption","Non-Medical Exemption","States","South Dakota","2009-10","0.7",11499,NA,"†",83,"Census"
"5235","Exemption","Non-Medical Exemption","States","Tennessee","2009-10","0.5",90811,NA,"†",421,"Voluntary response"
"5236","Exemption","Non-Medical Exemption","States","Texas","2009-10","0.8",381425,NA,"||. §",2904,"Census"
"5237","Exemption","Non-Medical Exemption","States","Utah","2009-10","3.6",49957,NA,"",1815,"Census"
"5238","Exemption","Non-Medical Exemption","States","Vermont","2009-10","5.3",6713,NA,"",354,"Census"
"5239","Exemption","Non-Medical Exemption","States","Virginia","2009-10","0.7",100891,NA,"†",751,"Random sample"
"5240","Exemption","Non-Medical Exemption","States","Washington","2009-10","5.7",81511,NA,"",4684,"Census"
"5241","Exemption","Non-Medical Exemption","States","West Virginia","2009-10",NA,22730,NA,"‡. †",NA,"Voluntary response"
"5242","Exemption","Non-Medical Exemption","States","Wisconsin","2009-10","3.1",61095,NA,"",1868,"Random sample"
"5243","Exemption","Non-Medical Exemption","States","Wyoming","2009-10",NA,NA,NA,"",NA,"Not conducted"
"5244","Exemption","Non-Medical Exemption","States","Alabama","2010-11",NA,NA,NA,"",NA,NA
"5245","Exemption","Non-Medical Exemption","States","Alaska","2010-11",NA,NA,NA,"",NA,NA
"5246","Exemption","Non-Medical Exemption","States","Arizona","2010-11",NA,NA,NA,"",NA,NA
"5247","Exemption","Non-Medical Exemption","States","Arkansas","2010-11",NA,NA,NA,"",NA,NA
"5248","Exemption","Non-Medical Exemption","States","California","2010-11",NA,NA,NA,"",NA,NA
"5249","Exemption","Non-Medical Exemption","States","Colorado","2010-11",NA,NA,NA,"",NA,NA
"5250","Exemption","Non-Medical Exemption","States","Connecticut","2010-11",NA,NA,NA,"",NA,NA
"5251","Exemption","Non-Medical Exemption","States","Delaware","2010-11",NA,NA,NA,"",NA,NA
"5252","Exemption","Non-Medical Exemption","States","District of Columbia","2010-11",NA,NA,NA,"",NA,NA
"5253","Exemption","Non-Medical Exemption","States","Florida","2010-11",NA,NA,NA,"",NA,NA
"5254","Exemption","Non-Medical Exemption","States","Georgia","2010-11",NA,NA,NA,"",NA,NA
"5255","Exemption","Non-Medical Exemption","States","Hawaii","2010-11",NA,NA,NA,"",NA,NA
"5256","Exemption","Non-Medical Exemption","States","Idaho","2010-11",NA,NA,NA,"",NA,NA
"5257","Exemption","Non-Medical Exemption","States","Illinois","2010-11",NA,NA,NA,"",NA,NA
"5258","Exemption","Non-Medical Exemption","States","Indiana","2010-11",NA,NA,NA,"",NA,NA
"5259","Exemption","Non-Medical Exemption","States","Iowa","2010-11",NA,NA,NA,"",NA,NA
"5260","Exemption","Non-Medical Exemption","States","Kansas","2010-11",NA,NA,NA,"",NA,NA
"5261","Exemption","Non-Medical Exemption","States","Kentucky","2010-11",NA,NA,NA,"",NA,NA
"5262","Exemption","Non-Medical Exemption","States","Louisiana","2010-11",NA,NA,NA,"",NA,NA
"5263","Exemption","Non-Medical Exemption","States","Maine","2010-11",NA,NA,NA,"",NA,NA
"5264","Exemption","Non-Medical Exemption","States","Maryland","2010-11",NA,NA,NA,"",NA,NA
"5265","Exemption","Non-Medical Exemption","States","Massachusetts","2010-11",NA,NA,NA,"",NA,NA
"5266","Exemption","Non-Medical Exemption","States","Michigan","2010-11",NA,NA,NA,"",NA,NA
"5267","Exemption","Non-Medical Exemption","States","Minnesota","2010-11",NA,NA,NA,"",NA,NA
"5268","Exemption","Non-Medical Exemption","States","Mississippi","2010-11",NA,NA,NA,"",NA,NA
"5269","Exemption","Non-Medical Exemption","States","Missouri","2010-11",NA,NA,NA,"",NA,NA
"5270","Exemption","Non-Medical Exemption","States","Montana","2010-11",NA,NA,NA,"",NA,NA
"5271","Exemption","Non-Medical Exemption","States","Nebraska","2010-11",NA,NA,NA,"",NA,NA
"5272","Exemption","Non-Medical Exemption","States","Nevada","2010-11",NA,NA,NA,"",NA,NA
"5273","Exemption","Non-Medical Exemption","States","New Hampshire","2010-11",NA,NA,NA,"",NA,NA
"5274","Exemption","Non-Medical Exemption","States","New Jersey","2010-11",NA,NA,NA,"",NA,NA
"5275","Exemption","Non-Medical Exemption","States","New Mexico","2010-11",NA,NA,NA,"",NA,NA
"5276","Exemption","Non-Medical Exemption","States","New York","2010-11",NA,NA,NA,"",NA,NA
"5277","Exemption","Non-Medical Exemption","States","North Carolina","2010-11",NA,NA,NA,"",NA,NA
"5278","Exemption","Non-Medical Exemption","States","North Dakota","2010-11",NA,NA,NA,"",NA,NA
"5279","Exemption","Non-Medical Exemption","States","Ohio","2010-11",NA,NA,NA,"",NA,NA
"5280","Exemption","Non-Medical Exemption","States","Oklahoma","2010-11",NA,NA,NA,"",NA,NA
"5281","Exemption","Non-Medical Exemption","States","Oregon","2010-11",NA,NA,NA,"",NA,NA
"5282","Exemption","Non-Medical Exemption","States","Pennsylvania","2010-11",NA,NA,NA,"",NA,NA
"5283","Exemption","Non-Medical Exemption","States","Rhode Island","2010-11",NA,NA,NA,"",NA,NA
"5284","Exemption","Non-Medical Exemption","States","South Carolina","2010-11",NA,NA,NA,"",NA,NA
"5285","Exemption","Non-Medical Exemption","States","South Dakota","2010-11",NA,NA,NA,"",NA,NA
"5286","Exemption","Non-Medical Exemption","States","Tennessee","2010-11",NA,NA,NA,"",NA,NA
"5287","Exemption","Non-Medical Exemption","States","Texas","2010-11",NA,NA,NA,"",NA,NA
"5288","Exemption","Non-Medical Exemption","States","Utah","2010-11",NA,NA,NA,"",NA,NA
"5289","Exemption","Non-Medical Exemption","States","Vermont","2010-11",NA,NA,NA,"",NA,NA
"5290","Exemption","Non-Medical Exemption","States","Virginia","2010-11",NA,NA,NA,"",NA,NA
"5291","Exemption","Non-Medical Exemption","States","Washington","2010-11",NA,NA,NA,"",NA,NA
"5292","Exemption","Non-Medical Exemption","States","West Virginia","2010-11",NA,NA,NA,"",NA,NA
"5293","Exemption","Non-Medical Exemption","States","Wisconsin","2010-11",NA,NA,NA,"",NA,NA
"5294","Exemption","Non-Medical Exemption","States","Wyoming","2010-11",NA,NA,NA,"",NA,NA
"5295","Exemption","Non-Medical Exemption","States","Alabama","2011-12","0.5",73190,NA,"†. ¶",356,"Census"
"5296","Exemption","Non-Medical Exemption","States","Alaska","2011-12","5.7",10286,NA,"†",43,"Non-random Cluster Sample"
"5297","Exemption","Non-Medical Exemption","States","Arizona","2011-12","3.5",88293,NA,"‡",2948,"Census"
"5298","Exemption","Non-Medical Exemption","States","Arkansas","2011-12","0.8",38754,NA,"",371,"Census"
"5299","Exemption","Non-Medical Exemption","States","California","2011-12","2.4",542544,NA,"‡",12665,"Census"
"5300","Exemption","Non-Medical Exemption","States","Colorado","2011-12",NA,70142,NA,"||",NA,"Simple Random Sample"
"5301","Exemption","Non-Medical Exemption","States","Connecticut","2011-12","1.0",45695,NA,"†",472,"Census"
"5302","Exemption","Non-Medical Exemption","States","Delaware","2011-12","0.4",11327,NA,"†",6,"2-stage Cluster Sample"
"5303","Exemption","Non-Medical Exemption","States","District of Columbia","2011-12","0.8",6854,NA,"",53,"Census"
"5304","Exemption","Non-Medical Exemption","States","Florida","2011-12","1.2",225532,NA,"†",2771,"Census"
"5305","Exemption","Non-Medical Exemption","States","Georgia","2011-12","1.2",143065,NA,"†",57,"2-stage Cluster Sample"
"5306","Exemption","Non-Medical Exemption","States","Hawaii","2011-12","3.8",19443,NA,"†",58,"2-stage Cluster Sample"
"5307","Exemption","Non-Medical Exemption","States","Idaho","2011-12","5.1",22762,NA,"",1165,"Census"
"5308","Exemption","Non-Medical Exemption","States","Illinois","2011-12","4.5",163311,NA,"§",7270,"Census"
"5309","Exemption","Non-Medical Exemption","States","Indiana","2011-12","0.9",83416,NA,"†",514,"Voluntary Response"
"5310","Exemption","Non-Medical Exemption","States","Iowa","2011-12","1.0",40978,NA,"†",412,"Census"
"5311","Exemption","Non-Medical Exemption","States","Kansas","2011-12","0.9",38402,NA,"†",364,"Census"
"5312","Exemption","Non-Medical Exemption","States","Kentucky","2011-12","0.4",58185,NA,"†",214,"Census"
"5313","Exemption","Non-Medical Exemption","States","Louisiana","2011-12","0.6",69013,NA,"",384,"Census"
"5314","Exemption","Non-Medical Exemption","States","Maine","2011-12","3.5",13829,NA,"",470,"Census"
"5315","Exemption","Non-Medical Exemption","States","Maryland","2011-12","0.6",72957,NA,"†",293,"Voluntary Response"
"5316","Exemption","Non-Medical Exemption","States","Massachusetts","2011-12","1.0",79551,NA,"†",742,"Census"
"5317","Exemption","Non-Medical Exemption","States","Michigan","2011-12","4.9",124962,NA,"",6165,"Census"
"5318","Exemption","Non-Medical Exemption","States","Minnesota","2011-12","1.5",71213,NA,"§",1086,"Census"
"5319","Exemption","Non-Medical Exemption","States","Mississippi","2011-12",NA,44912,NA,"‡. †",NA,"Census"
"5320","Exemption","Non-Medical Exemption","States","Missouri","2011-12","1.8",75240,NA,"§",71,"2-stage Cluster Sample"
"5321","Exemption","Non-Medical Exemption","States","Montana","2011-12","2.6",12128,NA,"†",312,"Census"
"5322","Exemption","Non-Medical Exemption","States","Nebraska","2011-12","1.0",26715,NA,"†",251,"Census"
"5323","Exemption","Non-Medical Exemption","States","Nevada","2011-12","1.5",36557,NA,"†",38,"2-stage Cluster Sample"
"5324","Exemption","Non-Medical Exemption","States","New Hampshire","2011-12","1.9",13022,NA,"†",251,"Census"
"5325","Exemption","Non-Medical Exemption","States","New Jersey","2011-12","1.1",118669,NA,"†",1278,"Census"
"5326","Exemption","Non-Medical Exemption","States","New Mexico","2011-12","2.0",29159,NA,"†",12,"2-stage Cluster Sample"
"5327","Exemption","Non-Medical Exemption","States","New York","2011-12","0.5",236016,NA,"†",1283,"Census"
"5328","Exemption","Non-Medical Exemption","States","North Carolina","2011-12","0.7",128854,NA,"†",817,"Census"
"5329","Exemption","Non-Medical Exemption","States","North Dakota","2011-12","1.0",8412,NA,"",5,"Convenient "
"5330","Exemption","Non-Medical Exemption","States","Ohio","2011-12","1.3",146144,NA,"||",1582,"Convenient "
"5331","Exemption","Non-Medical Exemption","States","Oklahoma","2011-12","1.0",52987,NA,"",474,"Census"
"5332","Exemption","Non-Medical Exemption","States","Oregon","2011-12","5.8",45855,NA,"†",2648,"Census"
"5333","Exemption","Non-Medical Exemption","States","Pennsylvania","2011-12","1.4",148042,NA,"||",2083,"Census"
"5334","Exemption","Non-Medical Exemption","States","Rhode Island","2011-12","0.7",12552,NA,"†",12,"2-stage Cluster Sample"
"5335","Exemption","Non-Medical Exemption","States","South Carolina","2011-12","1.0",59307,NA,"†",59,"1-stage Cluster Sample"
"5336","Exemption","Non-Medical Exemption","States","South Dakota","2011-12","1.0",12127,NA,"†",120,"Census"
"5337","Exemption","Non-Medical Exemption","States","Tennessee","2011-12","0.5",83950,NA,"†",417,"Census"
"5338","Exemption","Non-Medical Exemption","States","Texas","2011-12","1.0",388178,NA,"||. §",3889,"Census"
"5339","Exemption","Non-Medical Exemption","States","Utah","2011-12","3.6",53800,NA,"",1953,"Census"
"5340","Exemption","Non-Medical Exemption","States","Vermont","2011-12","5.4",6548,NA,"",351,"Census"
"5341","Exemption","Non-Medical Exemption","States","Virginia","2011-12","0.8",101121,NA,"†",61,"2-stage Cluster Sample"
"5342","Exemption","Non-Medical Exemption","States","Washington","2011-12","4.2",85134,NA,"",3096,"Voluntary Response"
"5343","Exemption","Non-Medical Exemption","States","West Virginia","2011-12",NA,22449,NA,"‡. †",NA,"Convenient "
"5344","Exemption","Non-Medical Exemption","States","Wisconsin","2011-12","4.1",70672,NA,"",69,"2-stage Cluster Sample"
"5345","Exemption","Non-Medical Exemption","States","Wyoming","2011-12",NA,NA,NA,"",NA,"Not conducted"
"5346","Exemption","Non-Medical Exemption","States","Alabama","2012-13","0.6",72929,NA,"†. ¶",414,"Census"
"5347","Exemption","Non-Medical Exemption","States","Alaska","2012-13","4.0",10319,NA,"†",415,"Census"
"5348","Exemption","Non-Medical Exemption","States","Arizona","2012-13","3.9",90054,NA,"‡",3475,"Census"
"5349","Exemption","Non-Medical Exemption","States","Arkansas","2012-13","1.0",43212,NA,"",441,"Census"
"5350","Exemption","Non-Medical Exemption","States","California","2012-13","2.8",535523,NA,"‡",14921,"Census"
"5351","Exemption","Non-Medical Exemption","States","Colorado","2012-13","4.0",70657,NA,"",2678,"Simple Random Sample"
"5352","Exemption","Non-Medical Exemption","States","Connecticut","2012-13","1.4",41604,NA,"†",601,"Census"
"5353","Exemption","Non-Medical Exemption","States","Delaware","2012-13","0.5",11997,NA,"†",5,"2-stage Cluster Sample"
"5354","Exemption","Non-Medical Exemption","States","District of Columbia","2012-13","0.3",7842,NA,"",27,"Census"
"5355","Exemption","Non-Medical Exemption","States","Florida","2012-13","1.4",234628,NA,"†",3281,"Census"
"5356","Exemption","Non-Medical Exemption","States","Georgia","2012-13","2.2",142732,NA,"†",73,"2-stage Cluster Sample"
"5357","Exemption","Non-Medical Exemption","States","Hawaii","2012-13","2.2",20104,NA,"†. *",138,"2-stage Cluster Sample"
"5358","Exemption","Non-Medical Exemption","States","Idaho","2012-13","5.5",23888,NA,"",1309,"Census"
"5359","Exemption","Non-Medical Exemption","States","Illinois","2012-13","4.8",166884,NA,"§",8082,"Census"
"5360","Exemption","Non-Medical Exemption","States","Indiana","2012-13","0.9",86983,NA,"†",804,"Voluntary Response"
"5361","Exemption","Non-Medical Exemption","States","Iowa","2012-13","1.2",41701,NA,"†",500,"Census"
"5362","Exemption","Non-Medical Exemption","States","Kansas","2012-13","0.9",40738,NA,"†",363,"Census"
"5363","Exemption","Non-Medical Exemption","States","Kentucky","2012-13","0.5",58466,NA,"†",286,"Census"
"5364","Exemption","Non-Medical Exemption","States","Louisiana","2012-13","0.5",68874,NA,"",349,"Census"
"5365","Exemption","Non-Medical Exemption","States","Maine","2012-13","3.9",14313,NA,"",559,"Census"
"5366","Exemption","Non-Medical Exemption","States","Maryland","2012-13","0.7",75007,NA,"†",494,"Voluntary Response"
"5367","Exemption","Non-Medical Exemption","States","Massachusetts","2012-13","1.1",79661,NA,"†",843,"Census"
"5368","Exemption","Non-Medical Exemption","States","Michigan","2012-13","5.3",124662,NA,"",6626,"Census"
"5369","Exemption","Non-Medical Exemption","States","Minnesota","2012-13","1.6",73310,NA,"§",1149,"Census"
"5370","Exemption","Non-Medical Exemption","States","Mississippi","2012-13",NA,46595,NA,"‡. †",NA,"Census"
"5371","Exemption","Non-Medical Exemption","States","Missouri","2012-13","1.5",78416,NA,"§",1665,"2-stage Cluster Sample"
"5372","Exemption","Non-Medical Exemption","States","Montana","2012-13","3.0",12516,NA,"†",380,"Census"
"5373","Exemption","Non-Medical Exemption","States","Nebraska","2012-13","1.1",24999,NA,"†",269,"Census"
"5374","Exemption","Non-Medical Exemption","States","Nevada","2012-13","1.8",36070,NA,"†",224,"2-stage Cluster Sample"
"5375","Exemption","Non-Medical Exemption","States","New Hampshire","2012-13","2.3",12943,NA,"†",298,"Census"
"5376","Exemption","Non-Medical Exemption","States","New Jersey","2012-13","1.2",122516,NA,"†",1458,"Census"
"5377","Exemption","Non-Medical Exemption","States","New Mexico","2012-13","0.2",29279,NA,"†",27,"2-stage Cluster Sample"
"5378","Exemption","Non-Medical Exemption","States","New York","2012-13","0.6",239484,NA,"†. *",1335,"Census"
"5379","Exemption","Non-Medical Exemption","States","North Carolina","2012-13","0.7",130612,NA,"†. *",871,"Census"
"5380","Exemption","Non-Medical Exemption","States","North Dakota","2012-13","1.8",9503,NA,"",130,"2-stage Cluster Sample"
"5381","Exemption","Non-Medical Exemption","States","Ohio","2012-13","1.6",163687,NA,"||",2665,"Census"
"5382","Exemption","Non-Medical Exemption","States","Oklahoma","2012-13","1.2",56943,NA,"",672,"Census"
"5383","Exemption","Non-Medical Exemption","States","Oregon","2012-13","6.4",47102,NA,"†",3010,"Census"
"5384","Exemption","Non-Medical Exemption","States","Pennsylvania","2012-13","1.5",151364,NA,"||",2339,"Census"
"5385","Exemption","Non-Medical Exemption","States","Rhode Island","2012-13","0.8",12552,NA,"†",94,"Voluntary Response"
"5386","Exemption","Non-Medical Exemption","States","South Carolina","2012-13",NA,61799,NA,"",NA,"Not conducted"
"5387","Exemption","Non-Medical Exemption","States","South Dakota","2012-13","1.5",12468,NA,"†",182,"Census"
"5388","Exemption","Non-Medical Exemption","States","Tennessee","2012-13","1.1",85801,NA,"†",905,"Census"
"5389","Exemption","Non-Medical Exemption","States","Texas","2012-13","1.2",414688,NA,"||. §",4936,"Census"
"5390","Exemption","Non-Medical Exemption","States","Utah","2012-13","3.7",54605,NA,"",2016,"Census"
"5391","Exemption","Non-Medical Exemption","States","Vermont","2012-13","5.7",6792,NA,"",385,"Census"
"5392","Exemption","Non-Medical Exemption","States","Virginia","2012-13","0.4",104826,NA,"†",427,"2-stage Cluster Sample"
"5393","Exemption","Non-Medical Exemption","States","Washington","2012-13","3.5",87773,NA,"*",3048,"Census"
"5394","Exemption","Non-Medical Exemption","States","West Virginia","2012-13",NA,22588,NA,"‡. †",NA,"Voluntary Response"
"5395","Exemption","Non-Medical Exemption","States","Wisconsin","2012-13","4.0",72416,NA,"",3907,"2-stage Cluster Sample"
"5396","Exemption","Non-Medical Exemption","States","Wyoming","2012-13","1.9",8133,NA,"†.‡‡",155,"Census"
"5397","Exemption","Non-Medical Exemption","States","Alabama","2013-14","0.6",76927,NA,"†. ¶",447,"Census"
"5398","Exemption","Non-Medical Exemption","States","Alaska","2013-14","4.1",10222,NA,"†",421,"Census"
"5399","Exemption","Non-Medical Exemption","States","Arizona","2013-14","4.7",89606,NA,"‡",4195,"Census"
"5400","Exemption","Non-Medical Exemption","States","Arkansas","2013-14","1.1",42649,NA,"",468,"Census"
"5401","Exemption","Non-Medical Exemption","States","California","2013-14","3.1",548606,NA,"‡",17253,"Census"
"5402","Exemption","Non-Medical Exemption","States","Colorado","2013-14","4.6",69904,NA,"",3292,"Random Sample"
"5403","Exemption","Non-Medical Exemption","States","Connecticut","2013-14","1.6",40978,NA,"†",670,"Census"
"5404","Exemption","Non-Medical Exemption","States","Delaware","2013-14","0.7",11997,NA,"†",83,"Stratified  2-stage cluster sample"
"5405","Exemption","Non-Medical Exemption","States","District of Columbia","2013-14","0.4",7856,NA,"",33,"Census"
"5406","Exemption","Non-Medical Exemption","States","Florida","2013-14","1.7",233797,NA,"†",3991,"Census"
"5407","Exemption","Non-Medical Exemption","States","Georgia","2013-14","1.7",143988,NA,"†",2420,"Census"
"5408","Exemption","Non-Medical Exemption","States","Hawaii","2013-14","3.2",20056,NA,"†",634,"Stratified  2-stage cluster sample"
"5409","Exemption","Non-Medical Exemption","States","Idaho","2013-14","6.1",23934,NA,"",1451,"Census"
"5410","Exemption","Non-Medical Exemption","States","Illinois","2013-14","1.0",163316,NA,"§",1633,"Census"
"5411","Exemption","Non-Medical Exemption","States","Indiana","2013-14","0.8",87193,NA,"†",727,"Voluntary response"
"5412","Exemption","Non-Medical Exemption","States","Iowa","2013-14","1.2",43728,NA,"†",521,"Census"
"5413","Exemption","Non-Medical Exemption","States","Kansas","2013-14","1.9",41107,NA,"†",527,"Census"
"5414","Exemption","Non-Medical Exemption","States","Kentucky","2013-14","0.6",57857,NA,"†",357,"Census"
"5415","Exemption","Non-Medical Exemption","States","Louisiana","2013-14","0.7",63976,NA,"",422,"Census"
"5416","Exemption","Non-Medical Exemption","States","Maine","2013-14","5.2",15441,NA,"",796,"Voluntary response"
"5417","Exemption","Non-Medical Exemption","States","Maryland","2013-14","0.7",75659,NA,"†",513,"Census"
"5418","Exemption","Non-Medical Exemption","States","Massachusetts","2013-14","1.1",79894,NA,"†",860,"Census"
"5419","Exemption","Non-Medical Exemption","States","Michigan","2013-14","5.4",120297,NA,"",6476,"Census"
"5420","Exemption","Non-Medical Exemption","States","Minnesota","2013-14","1.7",72087,NA,"§",1225,"Census"
"5421","Exemption","Non-Medical Exemption","States","Mississippi","2013-14",NA,45719,NA,"‡. †",NA,"Census"
"5422","Exemption","Non-Medical Exemption","States","Missouri","2013-14","1.6",78140,NA,"§",1250,"Census"
"5423","Exemption","Non-Medical Exemption","States","Montana","2013-14","3.3",12855,NA,"†",426,"Census"
"5424","Exemption","Non-Medical Exemption","States","Nebraska","2013-14","1.1",27000,NA,"†",307,"Census"
"5425","Exemption","Non-Medical Exemption","States","Nevada","2013-14","2.0",35782,NA,"†",724,"Stratified  2-stage cluster sample"
"5426","Exemption","Non-Medical Exemption","States","New Hampshire","2013-14","2.5",13240,NA,"†",328,"Census"
"5427","Exemption","Non-Medical Exemption","States","New Jersey","2013-14","1.4",123085,NA,"†",1741,"Census"
"5428","Exemption","Non-Medical Exemption","States","New Mexico","2013-14","0.9",30725,NA,"†",277,"Stratified  2-stage cluster sample"
"5429","Exemption","Non-Medical Exemption","States","New York","2013-14","0.6",240318,NA,"†",1547,"Census"
"5430","Exemption","Non-Medical Exemption","States","North Carolina","2013-14","0.9",126084,NA,"†",1105,"Census"
"5431","Exemption","Non-Medical Exemption","States","North Dakota","2013-14","2.3",9780,NA,"",230,"Census (Public); Stratified  2-stage cluster sample(Private)"
"5432","Exemption","Non-Medical Exemption","States","Ohio","2013-14","1.8",150000,NA,"|| ",2681,"Census"
"5433","Exemption","Non-Medical Exemption","States","Oklahoma","2013-14","1.4",57377,NA,"",808,"Voluntary response"
"5434","Exemption","Non-Medical Exemption","States","Oregon","2013-14","7.0",47649,NA,"†",3331,"Census"
"5435","Exemption","Non-Medical Exemption","States","Pennsylvania","2013-14","1.7",151253,NA,"",2552,"Census"
"5436","Exemption","Non-Medical Exemption","States","Rhode Island","2013-14","0.7",11521,NA,"†",81,"Census"
"5437","Exemption","Non-Medical Exemption","States","South Carolina","2013-14","1.2",61661,NA,"†. *",772,"1-stage stratified sample"
"5438","Exemption","Non-Medical Exemption","States","South Dakota","2013-14","1.6",12566,NA,"†. *",199,"Census"
"5439","Exemption","Non-Medical Exemption","States","Tennessee","2013-14","1.0",80212,NA,"†",773,"Census"
"5440","Exemption","Non-Medical Exemption","States","Texas","2013-14","1.4",409255,NA,"||. §",5536,"Census"
"5441","Exemption","Non-Medical Exemption","States","Utah","2013-14","4.2",54779,NA,"",2312,"Census"
"5442","Exemption","Non-Medical Exemption","States","Vermont","2013-14","6.1",6771,NA,"",412,"Census"
"5443","Exemption","Non-Medical Exemption","States","Virginia","2013-14","0.4",105692,NA,"†",446,"2-stage cluster  sample"
"5444","Exemption","Non-Medical Exemption","States","Washington","2013-14","3.6",89165,NA,"*",3177,"Voluntary response"
"5445","Exemption","Non-Medical Exemption","States","West Virginia","2013-14",NA,22814,NA,"‡. †",NA,"Voluntary response"
"5446","Exemption","Non-Medical Exemption","States","Wisconsin","2013-14","4.8",71363,NA,"",3415,"Stratified  2-stage cluster sample"
"5447","Exemption","Non-Medical Exemption","States","Wyoming","2013-14",NA,NA,NA,"",NA,"Not conducted"
"5448","Exemption","Non-Medical Exemption","States","Alabama","2014-15","0.7",59660,NA,"†. *",396,"Census"
"5449","Exemption","Non-Medical Exemption","States","Alaska","2014-15","4.5",10129,NA,"†",453,"Census"
"5450","Exemption","Non-Medical Exemption","States","Arizona","2014-15","4.6",86153,NA,"‡",3978,"Census"
"5451","Exemption","Non-Medical Exemption","States","Arkansas","2014-15","1.2",41252,NA,"",512,"Census (public); Voluntary response (private)"
"5452","Exemption","Non-Medical Exemption","States","California","2014-15","2.5",552583,NA,"",13993,"Census"
"5453","Exemption","Non-Medical Exemption","States","Colorado","2014-15","5.4",70597,NA,"",3832,"Simple random sample"
"5454","Exemption","Non-Medical Exemption","States","Connecticut","2014-15","1.6",39948,NA,"†",628,"Census"
"5455","Exemption","Non-Medical Exemption","States","Delaware","2014-15","0.9",11476,NA,"†",106,"Stratified 2-stage cluster sample"
"5456","Exemption","Non-Medical Exemption","States","District of Columbia","2014-15","0.5",7840,NA,"",43,"Census"
"5457","Exemption","Non-Medical Exemption","States","Florida","2014-15","1.8",228982,NA,"†",4113,"Census"
"5458","Exemption","Non-Medical Exemption","States","Georgia","2014-15","2.0",139471,NA,"†",2729,"Census"
"5459","Exemption","Non-Medical Exemption","States","Hawaii","2014-15","3.3",20085,NA,"†",754,"Stratified 2-stage cluster sample"
"5460","Exemption","Non-Medical Exemption","States","Idaho","2014-15","6.2",22968,NA,"",1432,"Census"
"5461","Exemption","Non-Medical Exemption","States","Illinois","2014-15","1.1",156942,NA,"§",1726,"Census"
"5462","Exemption","Non-Medical Exemption","States","Indiana","2014-15","0.8",85477,NA,"†",651,"Voluntary response"
"5463","Exemption","Non-Medical Exemption","States","Iowa","2014-15","1.4",43239,NA,"†",618,"Census"
"5464","Exemption","Non-Medical Exemption","States","Kansas","2014-15","1.1",39685,NA,"†",454,"Census"
"5465","Exemption","Non-Medical Exemption","States","Kentucky","2014-15","0.7",57884,NA,"†",378,"Census"
"5466","Exemption","Non-Medical Exemption","States","Louisiana","2014-15","0.6",60377,NA,"",339,"Census"
"5467","Exemption","Non-Medical Exemption","States","Maine","2014-15","3.9",13704,NA,"",536,"Voluntary response (public); Census (private)"
"5468","Exemption","Non-Medical Exemption","States","Maryland","2014-15","0.8",75391,NA,"†",571,"Census (public); Voluntary response (private)"
"5469","Exemption","Non-Medical Exemption","States","Massachusetts","2014-15","1.1",74869,NA,"†",803,"Census"
"5470","Exemption","Non-Medical Exemption","States","Michigan","2014-15","5.0",117963,NA,"",5885,"Census"
"5471","Exemption","Non-Medical Exemption","States","Minnesota","2014-15","2.8",70896,NA,"§",1985,"Census"
"5472","Exemption","Non-Medical Exemption","States","Mississippi","2014-15",NA,44129,NA,"‡. †. *",NA,"Census"
"5473","Exemption","Non-Medical Exemption","States","Missouri","2014-15","1.8",75900,NA,"§",1366,"Census"
"5474","Exemption","Non-Medical Exemption","States","Montana","2014-15","3.6",12501,NA,"†",454,"Census (public); Voluntary response (private)"
"5475","Exemption","Non-Medical Exemption","States","Nebraska","2014-15","1.1",26665,NA,"†",287,"Census"
"5476","Exemption","Non-Medical Exemption","States","Nevada","2014-15","1.1",36755,NA,"†",401,"Stratified 2-stage cluster sample"
"5477","Exemption","Non-Medical Exemption","States","New Hampshire","2014-15","2.7",12422,NA,"†",331,"Census (public); Voluntary response (private)"
"5478","Exemption","Non-Medical Exemption","States","New Jersey","2014-15","1.6",120471,NA,"†. *",1918,"Census (public); Voluntary response (private)"
"5479","Exemption","Non-Medical Exemption","States","New Mexico","2014-15","1.2",29918,NA,"†",347,"Census"
"5480","Exemption","Non-Medical Exemption","States","New York","2014-15","0.7",237045,NA,"†",1640,"Census"
"5481","Exemption","Non-Medical Exemption","States","North Carolina","2014-15","0.9",129792,NA,"†. *",1127,"Census (public); Voluntary response (private)"
"5482","Exemption","Non-Medical Exemption","States","North Dakota","2014-15","2.4",10017,NA,"*",241,"Census"
"5483","Exemption","Non-Medical Exemption","States","Ohio","2014-15","1.8",149080,NA,"||",2707,"Census (public); Voluntary response (private)"
"5484","Exemption","Non-Medical Exemption","States","Oklahoma","2014-15","1.4",56967,NA,"",800,"Census"
"5485","Exemption","Non-Medical Exemption","States","Oregon","2014-15","5.8",46229,NA,"||",2693,"Census"
"5486","Exemption","Non-Medical Exemption","States","Pennsylvania","2014-15","1.8",146378,NA,"",2593,"Census"
"5487","Exemption","Non-Medical Exemption","States","Rhode Island","2014-15","0.9",11163,NA,"†",102,"Census"
"5488","Exemption","Non-Medical Exemption","States","South Carolina","2014-15","1.0",62864,NA,"†. *",648,"Stratified 1-stage cluster sample"
"5489","Exemption","Non-Medical Exemption","States","South Dakota","2014-15","1.5",12008,NA,"†. *",181,"Census"
"5490","Exemption","Non-Medical Exemption","States","Tennessee","2014-15","0.9",78276,NA,"†",718,"Census"
"5491","Exemption","Non-Medical Exemption","States","Texas","2014-15","1.3",406099,NA,"||. §",5273,"Census (public); Voluntary response (private)"
"5492","Exemption","Non-Medical Exemption","States","Utah","2014-15","4.1",50916,NA,"*",2110,"Census"
"5493","Exemption","Non-Medical Exemption","States","Vermont","2014-15","5.9",6277,NA,"",373,"Census"
"5494","Exemption","Non-Medical Exemption","States","Virginia","2014-15","0.8",103821,NA,"†. *",891,"Stratified 2-stage cluster sample"
"5495","Exemption","Non-Medical Exemption","States","Washington","2014-15","3.5",88809,NA,"*",3069,"Census (public); Voluntary response (private)"
"5496","Exemption","Non-Medical Exemption","States","West Virginia","2014-15",NA,22016,NA,"‡.†",NA,"Voluntary response"
"5497","Exemption","Non-Medical Exemption","States","Wisconsin","2014-15","4.9",69335,NA,"",3368,"Stratified 2-stage cluster sample"
"5498","Exemption","Non-Medical Exemption","States","Wyoming","2014-15","2.2",7983,NA,"§.‡‡",176,"Census"
"5499","Exemption","Non-Medical Exemption","States","Alabama","2015-16","0.7",60392,NA,"†",438,"Census"
"5500","Exemption","Non-Medical Exemption","States","Alaska","2015-16","4.7",9937,NA,"†",421,"Census"
"5501","Exemption","Non-Medical Exemption","States","Arizona","2015-16","4.5",83088,NA,"‡",3732,"Census"
"5502","Exemption","Non-Medical Exemption","States","Arkansas","2015-16","1.2",40258,NA,"",491,"Census (public); Voluntary response (private)"
"5503","Exemption","Non-Medical Exemption","States","California","2015-16","2.4",593788,NA,"",14008,"Census"
"5504","Exemption","Non-Medical Exemption","States","Colorado","2015-16","4.3",69137,NA,"",2963,"Simple random sample"
"5505","Exemption","Non-Medical Exemption","States","Connecticut","2015-16","1.7",39533,NA,"†",689,"Census"
"5506","Exemption","Non-Medical Exemption","States","Delaware","2015-16","1.1",11589,NA,"†",131,"Stratified 2-stage cluster sample"
"5507","Exemption","Non-Medical Exemption","States","District of Columbia","2015-16","0.4",8080,NA,"",33,"Census"
"5508","Exemption","Non-Medical Exemption","States","Florida","2015-16","1.9",224430,NA,"†",4226,"Census"
"5509","Exemption","Non-Medical Exemption","States","Georgia","2015-16","1.8",131403,NA,"†",2315,"Census"
"5510","Exemption","Non-Medical Exemption","States","Hawaii","2015-16","2.5",16325,NA,"†",426,"Stratified 2-stage cluster sample"
"5511","Exemption","Non-Medical Exemption","States","Idaho","2015-16","5.8",22686,NA,"",1320,"Census"
"5512","Exemption","Non-Medical Exemption","States","Illinois","2015-16","1.1",151309,NA,"§",NA,"Census"
"5513","Exemption","Non-Medical Exemption","States","Indiana","2015-16","1.1",83525,NA,"†",912,"Voluntary response"
"5514","Exemption","Non-Medical Exemption","States","Iowa","2015-16","1.5",41215,NA,"†",635,"Census"
"5515","Exemption","Non-Medical Exemption","States","Kansas","2015-16","1.4",39555,NA,"†",554,"Census"
"5516","Exemption","Non-Medical Exemption","States","Kentucky","2015-16","0.7",54353,NA,"†",382,"Census"
"5517","Exemption","Non-Medical Exemption","States","Louisiana","2015-16","0.6",59159,NA,"",370,"Census"
"5518","Exemption","Non-Medical Exemption","States","Maine","2015-16","4.0",13526,NA,"",542,"Census"
"5519","Exemption","Non-Medical Exemption","States","Maryland","2015-16","0.8",72012,NA,"†",601,"Census (public); Voluntary response (private)"
"5520","Exemption","Non-Medical Exemption","States","Massachusetts","2015-16","1.0",72897,NA,"†",760,"Census"
"5521","Exemption","Non-Medical Exemption","States","Michigan","2015-16","3.4",116299,NA,"",3957,"Census"
"5522","Exemption","Non-Medical Exemption","States","Minnesota","2015-16","3.1",69710,NA,"§",2161,"Census"
"5523","Exemption","Non-Medical Exemption","States","Mississippi","2015-16",NA,41042,NA,"‡.†",NA,"Census"
"5524","Exemption","Non-Medical Exemption","States","Missouri","2015-16","1.7",74413,NA,"§",1265,"Census"
"5525","Exemption","Non-Medical Exemption","States","Montana","2015-16","3.4",11484,NA,"†",390,"Census"
"5526","Exemption","Non-Medical Exemption","States","Nebraska","2015-16","1.4",30409,NA,"†",422,"Census"
"5527","Exemption","Non-Medical Exemption","States","Nevada","2015-16","1.9",37118,NA,"†",695,"Stratified 2-stage cluster sample"
"5528","Exemption","Non-Medical Exemption","States","New Hampshire","2015-16","2.4",11852,NA,"†",288,"Census"
"5529","Exemption","Non-Medical Exemption","States","New Jersey","2015-16","1.6",110116,NA,"†",1727,"Census"
"5530","Exemption","Non-Medical Exemption","States","New Mexico","2015-16","1.2",29049,NA,"†",346,"Census"
"5531","Exemption","Non-Medical Exemption","States","New York","2015-16","0.7",232521,NA,"†",1729,"Census"
"5532","Exemption","Non-Medical Exemption","States","North Carolina","2015-16","1.0",128290,NA,"†",1240,"Census (public); Voluntary response (private)"
"5533","Exemption","Non-Medical Exemption","States","North Dakota","2015-16","3.0",9875,NA,"",299,"Census"
"5534","Exemption","Non-Medical Exemption","States","Ohio","2015-16","2.0",144604,NA,"||",2896,"Census (public); Voluntary response (private)"
"5535","Exemption","Non-Medical Exemption","States","Oklahoma","2015-16","1.5",54335,NA,"",816,"Census"
"5536","Exemption","Non-Medical Exemption","States","Oregon","2015-16","6.2",45531,NA,"||",2810,"Census"
"5537","Exemption","Non-Medical Exemption","States","Pennsylvania","2015-16","1.8",143298,NA,"",2620,"Census (public); Voluntary response (private)"
"5538","Exemption","Non-Medical Exemption","States","Rhode Island","2015-16","0.9",11165,NA,"†",105,"Census"
"5539","Exemption","Non-Medical Exemption","States","South Carolina","2015-16","1.6",59240,NA,"†",937,"Stratified 1-stage cluster sample"
"5540","Exemption","Non-Medical Exemption","States","South Dakota","2015-16","1.4",12181,NA,"†",175,"Census"
"5541","Exemption","Non-Medical Exemption","States","Tennessee","2015-16","0.9",79233,NA,"†",739,"Census"
"5542","Exemption","Non-Medical Exemption","States","Texas","2015-16","1.4",394801,NA,"||",5350,"Census (public); Voluntary response (private)"
"5543","Exemption","Non-Medical Exemption","States","Utah","2015-16","4.4",50114,NA,"",2214,"Census"
"5544","Exemption","Non-Medical Exemption","States","Vermont","2015-16","5.5",6366,NA,"",352,"Census"
"5545","Exemption","Non-Medical Exemption","States","Virginia","2015-16","0.9",100074,NA,"†",901,"Stratified 2-stage cluster sample"
"5546","Exemption","Non-Medical Exemption","States","Washington","2015-16","3.6",86492,NA,"",3153,"Census"
"5547","Exemption","Non-Medical Exemption","National","U.S. Median","2010-11",NA,NA,NA,"",NA,"NaN"
"5548","Exemption","Non-Medical Exemption","National","United States","2011-12","1.4",NA,NA,"",NA,"NaN"
"5549","Exemption","Non-Medical Exemption","National","U.S. Median","2011-12","1.0",NA,NA,"",NA,"NaN"
"5550","Exemption","Non-Medical Exemption","National","United States","2012-13","1.7",NA,NA,"",NA,"NaN"
"5551","Exemption","Non-Medical Exemption","National","U.S. Median","2012-13","1.5",NA,NA,"",NA,"NaN"
"5552","Exemption","Non-Medical Exemption","National","United States","2013-14","2.0",NA,NA,"",NA,"NaN"
"5553","Exemption","Non-Medical Exemption","National","U.S. Median","2013-14","1.6",NA,NA,"",NA,"NaN"
"5554","Exemption","Non-Medical Exemption","National","United States","2014-15","2.0",NA,NA,"",NA,"NaN"
"5555","Exemption","Non-Medical Exemption","National","U.S. Median","2014-15","1.6",NA,NA,"",NA,"NaN"
"5556","Exemption","Non-Medical Exemption","National","United States","2015-16","1.9",NA,NA,"",NA,"NaN"
"5557","Exemption","Non-Medical Exemption","National","U.S. Median","2015-16","1.7",NA,NA,"",NA,"NaN"
"5558","Exemption","Non-Medical Exemption","States","West Virginia","2015-16",NA,21333,NA,"‡.†",NA,"Voluntary response"
"5559","Exemption","Non-Medical Exemption","States","Wisconsin","2015-16","2.9",70220,NA,"",2051,"Stratified 2-stage cluster sample"
"5560","Exemption","Non-Medical Exemption","States","Wyoming","2015-16","2.2",7825,NA,"§.‡‡",172,"Voluntary response"
"5561","Exemption","Non-Medical Exemption","States","Alabama","2016-17","0.6",58394,NA,"†",367,"Census"
"5562","Exemption","Non-Medical Exemption","States","Alaska","2016-17","5.2",9815,NA,"†",514,"Census"
"5563","Exemption","Non-Medical Exemption","States","Arizona","2016-17","4.9",83627,NA,"‡",4106,"Census"
"5564","Exemption","Non-Medical Exemption","States","Arkansas","2016-17","1.3",39666,NA,"",513,"Voluntary response"
"5565","Exemption","Non-Medical Exemption","States","California","2016-17","0.6",575305,NA,"||",3217,"Census"
"5566","Exemption","Non-Medical Exemption","States","Colorado","2016-17",NA,64440,NA,"§",2191,"Census"
"5567","Exemption","Non-Medical Exemption","States","Connecticut","2016-17","1.8",39002,NA,"†",701,"Census"
"5568","Exemption","Non-Medical Exemption","States","Delaware","2016-17","1.2",11490,NA,"†",133,"Stratified 2-stage cluster sample"
"5569","Exemption","Non-Medical Exemption","States","District of Columbia","2016-17","0.5",8522,NA,"",42,"Census"
"5570","Exemption","Non-Medical Exemption","States","Florida","2016-17","2.1",224463,NA,"†",4725,"Census"
"5571","Exemption","Non-Medical Exemption","States","Georgia","2016-17","2.7",136165,NA,"†",3613,"Census"
"5572","Exemption","Non-Medical Exemption","States","Hawaii","2016-17","2.7",16325,NA,"†",455,"Stratified 2-stage cluster sample"
"5573","Exemption","Non-Medical Exemption","States","Idaho","2016-17","6.2",22589,NA,"",1392,"Census"
"5574","Exemption","Non-Medical Exemption","States","Illinois","2016-17",NA,151309,NA,"§",1816,"Census"
"5575","Exemption","Non-Medical Exemption","States","Indiana","2016-17","0.8",83263,NA,"†",697,"Voluntary response"
"5576","Exemption","Non-Medical Exemption","States","Iowa","2016-17","1.6",39587,NA,"†",622,"Census"
"5577","Exemption","Non-Medical Exemption","States","Kansas","2016-17","1.5",38298,NA,"†",569,"Census"
"5578","Exemption","Non-Medical Exemption","States","Kentucky","2016-17","0.7",51487,NA,"†",366,"Census"
"5579","Exemption","Non-Medical Exemption","States","Louisiana","2016-17","0.7",55257,NA,"",396,"Census"
"5580","Exemption","Non-Medical Exemption","States","Maine","2016-17","4.8",13834,NA,"",658,"Voluntary response (public). census (private)"
"5581","Exemption","Non-Medical Exemption","States","Maryland","2016-17","0.9",71467,NA,"†",628,"Census"
"5582","Exemption","Non-Medical Exemption","States","Massachusetts","2016-17","1.0",70109,NA,"†",702,"Census"
"5583","Exemption","Non-Medical Exemption","States","Michigan","2016-17","3.5",118777,NA,"",4134,"Census"
"5584","Exemption","Non-Medical Exemption","States","Minnesota","2016-17",NA,69140,NA,"§",2143,"Census"
"5585","Exemption","Non-Medical Exemption","States","Mississippi","2016-17",NA,40509,NA,"‡.†",NA,"Census"
"5586","Exemption","Non-Medical Exemption","States","Missouri","2016-17",NA,73355,NA,"§",1467,"Census"
"5587","Exemption","Non-Medical Exemption","States","Montana","2016-17","3.3",11956,NA,"†",391,"Census"
"5588","Exemption","Non-Medical Exemption","States","Nebraska","2016-17","1.4",27117,NA,"†.§§",367,"Census"
"5589","Exemption","Non-Medical Exemption","States","Nevada","2016-17","4.3",36885,NA,"†",1585,"Stratified 2-stage cluster sample"
"5590","Exemption","Non-Medical Exemption","States","New Hampshire","2016-17","3.0",12145,NA,"†",365,"Census"
"5591","Exemption","Non-Medical Exemption","States","New Jersey","2016-17","1.7",109577,NA,"†",1881,"Census"
"5592","Exemption","Non-Medical Exemption","States","New Mexico","2016-17","2.2",27119,NA,"†",604,"Stratified 2-stage cluster sample"
"5593","Exemption","Non-Medical Exemption","States","New York","2016-17","0.9",227050,NA,"†",1975,"Census"
"5594","Exemption","Non-Medical Exemption","States","North Carolina","2016-17","1.6",126454,NA,"†",2073,"Voluntary response"
"5595","Exemption","Non-Medical Exemption","States","North Dakota","2016-17","3.1",9799,NA,"",307,"Census"
"5596","Exemption","Non-Medical Exemption","States","Ohio","2016-17","2.1",137542,NA,"||",2836,"Census"
"5597","Exemption","Non-Medical Exemption","States","Oklahoma","2016-17","1.7",52184,NA,"‡‡",910,"Census"
"5598","Exemption","Non-Medical Exemption","States","Oregon","2016-17","6.5",45705,NA,"||",2992,"Census"
"5599","Exemption","Non-Medical Exemption","States","Pennsylvania","2016-17","1.9",143888,NA,"",2778,"Voluntary response"
"5600","Exemption","Non-Medical Exemption","States","Rhode Island","2016-17","1.0",11100,NA,"†",109,"Census"
"5601","Exemption","Non-Medical Exemption","States","South Carolina","2016-17","1.9",59177,NA,"†",1124,"Stratified 1-stage cluster sample"
"5602","Exemption","Non-Medical Exemption","States","South Dakota","2016-17","1.8",12106,NA,"†",219,"Census"
"5603","Exemption","Non-Medical Exemption","States","Tennessee","2016-17","1.1",78169,NA,"†",882,"Census"
"5604","Exemption","Non-Medical Exemption","States","Texas","2016-17","1.6",389999,NA,"||",6078,"Census"
"5605","Exemption","Non-Medical Exemption","States","Utah","2016-17","4.9",49073,NA,"",2395,"Census"
"5606","Exemption","Non-Medical Exemption","States","Vermont","2016-17","3.7",6344,NA,"†",234,"Census"
"5607","Exemption","Non-Medical Exemption","States","Virginia","2016-17","1.0",102357,NA,"†",1048,"Census"
"5608","Exemption","Non-Medical Exemption","States","Washington","2016-17","4.0",87142,NA,"",3444,"Census"
"5609","Exemption","Non-Medical Exemption","States","West Virginia","2016-17",NA,28666,NA,"‡.†",NA,"Census (public). voluntary response (private)"
"5610","Exemption","Non-Medical Exemption","States","Wisconsin","2016-17","5.2",67607,NA,"",3509,"Census"
"5611","Exemption","Non-Medical Exemption","States","Wyoming","2016-17",NA,NA,NA,"",NA,"Not conducted"
"5612","Exemption","Non-Medical Exemption","States","Alabama","2017-18","0.8",57245,NA,"†",460,"Census"
"5613","Exemption","Non-Medical Exemption","States","Alaska","2017-18","5.7",9692,NA,"†",549,"Stratified 2-stage cluster sample"
"5614","Exemption","Non-Medical Exemption","States","Arizona","2017-18","5.3",81710,NA,"‡",4336,"Census"
"5615","Exemption","Non-Medical Exemption","States","Arkansas","2017-18","1.6",39630,NA,"",641,"Census "
"5616","Exemption","Non-Medical Exemption","States","Colorado","2017-18","4.5",65718,NA,"§",2957,"Census"
"5617","Exemption","Non-Medical Exemption","States","Connecticut","2017-18","2.0",39174,NA,"†",764,"Census"
"5618","Exemption","Non-Medical Exemption","States","Delaware","2017-18","1.3",10988,NA,"†",148,"Stratified 2-stage cluster sample"
"5619","Exemption","Non-Medical Exemption","States","District of Columbia","2017-18",NA,NA,NA,"",NA,"Census"
"5620","Exemption","Non-Medical Exemption","States","Florida","2017-18","2.4",222397,NA,"†",5394,"Census"
"5621","Exemption","Non-Medical Exemption","States","Georgia","2017-18","2.6",131459,NA,"†",3480,"Census"
"5622","Exemption","Non-Medical Exemption","States","Hawaii","2017-18","3.1",16325,NA,"†",514,"Stratified 2-stage cluster sample"
"5623","Exemption","Non-Medical Exemption","States","Idaho","2017-18","6.7",22553,NA,"||",1504,"Census"
"5624","Exemption","Non-Medical Exemption","States","Illinois","2017-18","1.4",144858,NA,"§",2028,"Census"
"5625","Exemption","Non-Medical Exemption","States","Indiana","2017-18","0.7",84296,NA,"†",579,"Voluntary Response"
"5626","Exemption","Non-Medical Exemption","States","Iowa","2017-18","1.8",39632,NA,"†",694,"Census"
"5627","Exemption","Non-Medical Exemption","States","Kansas","2017-18","1.4",38484,NA,"†",544,"Stratified 2-stage cluster sample"
"5628","Exemption","Non-Medical Exemption","States","Kentucky","2017-18","1.1",55152,NA,"†",623,"Census"
"5629","Exemption","Non-Medical Exemption","States","Louisiana","2017-18","1.0",58277,NA,"",601,"Census"
"5630","Exemption","Non-Medical Exemption","States","Maine","2017-18","5.0",13255,NA,"",666,"Census "
"5631","Exemption","Non-Medical Exemption","States","Maryland","2017-18","0.9",68528,NA,"†",614,"Census"
"5632","Exemption","Non-Medical Exemption","States","Massachusetts","2017-18","1.1",63377,NA,"†",687,"Census"
"5633","Exemption","Non-Medical Exemption","States","Michigan","2017-18","4.0",119028,NA,"",4753,"Census"
"5634","Exemption","Non-Medical Exemption","States","Minnesota","2017-18","3.4",69807,NA,"§",2373,"Census"
"5635","Exemption","Non-Medical Exemption","States","Mississippi","2017-18",NA,39284,NA,"‡.†",NA,"Census"
"5636","Exemption","Non-Medical Exemption","States","Missouri","2017-18","2.1",73113,NA,"§",1535,"Census"
"5637","Exemption","Non-Medical Exemption","States","Montana","2017-18","3.9",12188,NA,"†",478,"Census"
"5638","Exemption","Non-Medical Exemption","States","Nebraska","2017-18","1.5",26313,NA,"†.§§",394,"Census"
"5639","Exemption","Non-Medical Exemption","States","Nevada","2017-18","3.1",37178,NA,"†",1170,"Stratified 2-stage cluster sample"
"5640","Exemption","Non-Medical Exemption","States","New Hampshire","2017-18","2.7",12165,NA,"†",334,"Census"
"5641","Exemption","Non-Medical Exemption","States","New Jersey","2017-18","2.0",107630,NA,"†",2148,"Census"
"5642","Exemption","Non-Medical Exemption","States","New Mexico","2017-18","1.5",26896,NA,"†",394,"Stratified 2-stage cluster sample"
"5643","Exemption","Non-Medical Exemption","States","New York","2017-18","1.0",226456,NA,"†",2199,"Census"
"5644","Exemption","Non-Medical Exemption","States","North Carolina","2017-18","1.8",127197,NA,"†",2323,"Census"
"5645","Exemption","Non-Medical Exemption","States","North Dakota","2017-18","3.1",10365,NA,"",318,"Census"
"5646","Exemption","Non-Medical Exemption","States","Ohio","2017-18","2.3",138753,NA,"||",3207,"Census"
"5647","Exemption","Non-Medical Exemption","States","Oklahoma","2017-18","1.8",53898,NA,"",991,"Census (public). voluntary response (private)"
"5648","Exemption","Non-Medical Exemption","States","Oregon","2017-18","7.5",45818,NA,"||",3427,"Census"
"5649","Exemption","Non-Medical Exemption","States","Pennsylvania","2017-18","2.4",141571,NA,"",3379,"Voluntary response"
"5650","Exemption","Non-Medical Exemption","States","Rhode Island","2017-18","1.0",11025,NA,"†",110,"Census"
"5651","Exemption","Non-Medical Exemption","States","South Carolina","2017-18","1.8",58458,NA,"†",1028,"Stratified 1-stage cluster sample"
"5652","Exemption","Non-Medical Exemption","States","South Dakota","2017-18","2.0",12125,NA,"†",238,"Census"
"5653","Exemption","Non-Medical Exemption","States","Tennessee","2017-18","1.4",78743,NA,"†",1085,"Census"
"5654","Exemption","Non-Medical Exemption","States","Texas","2017-18","1.8",387981,NA,"||",7044,"Census"
"5655","Exemption","Non-Medical Exemption","States","Utah","2017-18","5.2",48827,NA,"",2526,"Census"
"5656","Exemption","Non-Medical Exemption","States","Vermont","2017-18","3.6",6255,NA,"†",227,"Census"
"5657","Exemption","Non-Medical Exemption","States","Virginia","2017-18","1.1",100581,NA,"†",1125,"Stratified 2-stage cluster sample"
"5658","Exemption","Non-Medical Exemption","States","Washington","2017-18","3.9",85118,NA,"",3344,"Census"
"5659","Exemption","Non-Medical Exemption","States","West Virginia","2017-18",NA,19519,NA,"†.‡.‡‡",NA,"Voluntary response"
"5660","Exemption","Non-Medical Exemption","States","Wisconsin","2017-18","5.2",66178,NA,"",3413,"Stratified 2-stage cluster sample"
"5661","Exemption","Non-Medical Exemption","States","Wyoming","2017-18",NA,NA,NA,"",NA,"Not conducted "
"5662","Exemption","Non-Medical Exemption","States","Alabama","2018-19","0.9",77739,NA,"†",667,"Census"
"5663","Exemption","Non-Medical Exemption","States","Alaska","2018-19","6.6",10316,NA,"†",680,"Voluntary response"
"5664","Exemption","Non-Medical Exemption","States","Arizona","2018-19","5.9",79981,NA,"‡",4755,"Census"
"5665","Exemption","Non-Medical Exemption","States","Arkansas","2018-19","1.8",39257,NA,"",711,"Census (public). voluntary response (private)"
"5666","Exemption","Non-Medical Exemption","States","California","2018-19",NA,568947,NA,"‡.†",NA,"Census"
"5667","Exemption","Non-Medical Exemption","States","Colorado","2018-19","4.7",64191,NA,"§",3017,"Census"
"5668","Exemption","Non-Medical Exemption","States","Connecticut","2018-19","2.5",38230,NA,"†",941,"Census"
"5669","Exemption","Non-Medical Exemption","States","Delaware","2018-19","1.0",10798,NA,"†",106,"Stratified 2-stage cluster sample"
"5670","Exemption","Non-Medical Exemption","States","District of Columbia","2018-19",NA,NA,NA,"",NA,"Census"
"5671","Exemption","Non-Medical Exemption","States","Florida","2018-19","2.9",224641,NA,"†",6472,"Census"
"5672","Exemption","Non-Medical Exemption","States","Georgia","2018-19","2.4",131275,NA,"†",3116,"Census"
"5673","Exemption","Non-Medical Exemption","States","Hawaii","2018-19","4.4",16051,NA,"†",702,"Stratified 2-stage cluster sample"
"5674","Exemption","Non-Medical Exemption","States","Idaho","2018-19","7.4",22995,NA,"||",1696,"Census"
"5675","Exemption","Non-Medical Exemption","States","Illinois","2018-19","1.5",143876,NA,"§. †",2220,"Census"
"5676","Exemption","Non-Medical Exemption","States","Indiana","2018-19","1.0",82324,NA,"†",783,"Census"
"5677","Exemption","Non-Medical Exemption","States","Iowa","2018-19","2.1",40624,NA,"†",873,"Census"
"5678","Exemption","Non-Medical Exemption","States","Kansas","2018-19","1.8",37838,NA,"†",688,"Stratified 2-stage cluster sample"
"5679","Exemption","Non-Medical Exemption","States","Kentucky","2018-19","1.2",55587,NA,"†",661,"Census"
"5680","Exemption","Non-Medical Exemption","States","Louisiana","2018-19","1.1",56203,NA,"",618,"Census"
"5681","Exemption","Non-Medical Exemption","States","Maine","2018-19","5.6",13419,NA,"",752,"Census"
"5682","Exemption","Non-Medical Exemption","States","Maryland","2018-19","1.1",71431,NA,"†",772,"Census"
"5683","Exemption","Non-Medical Exemption","States","Massachusetts","2018-19","1.1",65279,NA,"†",749,"Census"
"5684","Exemption","Non-Medical Exemption","States","Michigan","2018-19","4.3",118632,NA,"",5099,"Census"
"5685","Exemption","Non-Medical Exemption","States","Minnesota","2018-19","3.5",70085,NA,"§. ||",2450,"Census"
"5686","Exemption","Non-Medical Exemption","States","Mississippi","2018-19",NA,37775,NA,"‡.†",NA,"Census"
"5687","Exemption","Non-Medical Exemption","States","Missouri","2018-19","2.5",72687,NA,"§. †",1819,"Census"
"5688","Exemption","Non-Medical Exemption","States","Montana","2018-19","4.2",12480,NA,"†",529,"Census"
"5689","Exemption","Non-Medical Exemption","States","Nebraska","2018-19","1.6",26925,NA,"†.§§",441,"Census"
"5690","Exemption","Non-Medical Exemption","States","Nevada","2018-19","3.2",37971,NA,"†",1197,"Stratified 2-stage cluster sample"
"5691","Exemption","Non-Medical Exemption","States","New Hampshire","2018-19","3.1",12421,NA,"†",379,"Census"
"5692","Exemption","Non-Medical Exemption","States","New Jersey","2018-19","2.3",109161,NA,"†",2510,"Census"
"5693","Exemption","Non-Medical Exemption","States","New Mexico","2018-19","1.2",25269,NA,"†",303,"Census"
"5694","Exemption","Non-Medical Exemption","States","New York","2018-19","1.1",220495,NA,"†",2447,"Census"
"5695","Exemption","Non-Medical Exemption","States","North Carolina","2018-19","1.5",124343,NA,"†",1871,"Census (public). voluntary response (private)"
"5696","Exemption","Non-Medical Exemption","States","North Dakota","2018-19","3.9",10382,NA,"",409,"Census"
"5697","Exemption","Non-Medical Exemption","States","Ohio","2018-19","2.6",139679,NA,"||",3673,"Census (public). voluntary response (private)"
"5698","Exemption","Non-Medical Exemption","States","Oklahoma","2018-19","2.5",54806,NA,"",1355,"Census (public). voluntary response (private)"
"5699","Exemption","Non-Medical Exemption","States","Oregon","2018-19","7.5",45870,NA,"||",3457,"Census"
"5700","Exemption","Non-Medical Exemption","States","Pennsylvania","2018-19","2.6",143560,NA,"",3671,"Census (public). voluntary response (private)"
"5701","Exemption","Non-Medical Exemption","States","Rhode Island","2018-19","1.1",10964,NA,"†",123,"Census"
"5702","Exemption","Non-Medical Exemption","States","South Carolina","2018-19","2.4",58442,NA,"†",1420,"Stratified 1-stage cluster sample"
"5703","Exemption","Non-Medical Exemption","States","South Dakota","2018-19","2.4",12062,NA,"†",293,"Census"
"5704","Exemption","Non-Medical Exemption","States","Tennessee","2018-19","1.8",78630,NA,"†",1390,"Census"
"5705","Exemption","Non-Medical Exemption","States","Texas","2018-19","2.2",390034,NA,"||",8502,"Census"
"5706","Exemption","Non-Medical Exemption","States","Utah","2018-19","5.5",50179,NA,"",2759,"Census"
"5707","Exemption","Non-Medical Exemption","States","Vermont","2018-19","4.4",6126,NA,"†",269,"Census"
"5708","Exemption","Non-Medical Exemption","States","Virginia","2018-19","1.4",100394,NA,"†",1406,"Stratified 2-stage cluster sample"
"5709","Exemption","Non-Medical Exemption","States","Washington","2018-19","4.5",87510,NA,"",3964,"Census"
"5710","Exemption","Non-Medical Exemption","States","West Virginia","2018-19",NA,19442,NA,"†.‡.‡‡",NA,"Voluntary response"
"5711","Exemption","Non-Medical Exemption","States","Wisconsin","2018-19","5.6",66344,NA,"",3724,"Stratified 2-stage cluster sample"
"5712","Exemption","Non-Medical Exemption","States","Wyoming","2018-19","2.7",7734,NA,"†",210,"Census"
"5713","Exemption","Non-Medical Exemption","States","Alabama","2019-20","1.1",59477,NA,"†",650,"Census"
"5714","Exemption","Non-Medical Exemption","States","Alaska","2019-20","5.4",10381,NA,"†",557,"Voluntary response"
"5715","Exemption","Non-Medical Exemption","States","Arizona","2019-20","5.4",83976,NA,"‡",4494,"Census (public). voluntary response (private)"
"5716","Exemption","Non-Medical Exemption","States","Arkansas","2019-20","1.9",39510,NA,"<",753,"Census (public). voluntary response (private)"
"5717","Exemption","Non-Medical Exemption","States","California","2019-20",NA,566155,NA,"†.‡",NA,"Census"
"5718","Exemption","Non-Medical Exemption","States","Colorado","2019-20","4.7",69088,NA,"§",3254,"Census"
"5719","Exemption","Non-Medical Exemption","States","Connecticut","2019-20","2.3",38888,NA,"†",891,"Census"
"5720","Exemption","Non-Medical Exemption","States","Delaware","2019-20",NA,NA,NA,"†",NA,"Not Conducted"
"5721","Exemption","Non-Medical Exemption","States","District of Columbia","2019-20",NA,NA,NA,"†",NA,"Not Conducted"
"5722","Exemption","Non-Medical Exemption","States","Florida","2019-20","3.0",228298,NA,"†",6903,"Census"
"5723","Exemption","Non-Medical Exemption","States","Georgia","2019-20","2.9",130102,NA,"†",3741,"Census"
"5724","Exemption","Non-Medical Exemption","States","Hawaii","2019-20","5.9",15695,NA,"†",913,"Stratified 2-stage cluster sample"
"5725","Exemption","Non-Medical Exemption","States","Idaho","2019-20","7.2",23301,NA,"||",1689,"Census"
"5726","Exemption","Non-Medical Exemption","States","Illinois","2019-20","1.7",145891,NA,"†",2487,"Census"
"5727","Exemption","Non-Medical Exemption","States","Indiana","2019-20","1.9",88253,NA,"†",1701,"Voluntary response"
"5728","Exemption","Non-Medical Exemption","States","Iowa","2019-20","2.3",40812,NA,"†",936,"Census"
"5729","Exemption","Non-Medical Exemption","States","Kansas","2019-20","1.9",37865,NA,"†",705,"Stratified 2-stage cluster sample"
"5730","Exemption","Non-Medical Exemption","States","Kentucky","2019-20","1.4",59233,NA,"†",809,"Census"
"5731","Exemption","Non-Medical Exemption","States","Louisiana","2019-20","1.3",59685,NA,"",792,"Census"
"5732","Exemption","Non-Medical Exemption","States","Maine","2019-20","5.6",13450,NA,"",755,"Census "
"5733","Exemption","Non-Medical Exemption","States","Maryland","2019-20","1.0",72443,NA,"†",718,"Census (public). voluntary response (private)"
"5734","Exemption","Non-Medical Exemption","States","Massachusetts","2019-20","1.1",66756,NA,"†",737,"Census"
"5735","Exemption","Non-Medical Exemption","States","Michigan","2019-20","4.2",120565,NA,"",5030,"Census"
"5736","Exemption","Non-Medical Exemption","States","Minnesota","2019-20","3.4",71223,NA,"§.||",2565,"Census"
"5737","Exemption","Non-Medical Exemption","States","Mississippi","2019-20",NA,37870,NA,"†. ‡",NA,"Census"
"5738","Exemption","Non-Medical Exemption","States","Missouri","2019-20","2.5",72324,NA,"†.§",1820,"Census"
"5739","Exemption","Non-Medical Exemption","States","Montana","2019-20","4.0",12501,NA,"†",505,"Census"
"5740","Exemption","Non-Medical Exemption","States","Nebraska","2019-20","1.8",26893,NA,"†",485,"Census"
"5741","Exemption","Non-Medical Exemption","States","Nevada","2019-20","3.5",37724,NA,"†",1322,"Census"
"5742","Exemption","Non-Medical Exemption","States","New Hampshire","2019-20","2.9",12447,NA,"†",360,"Census"
"5743","Exemption","Non-Medical Exemption","States","New Jersey","2019-20","2.4",107900,NA,"†",2588,"Census"
"5744","Exemption","Non-Medical Exemption","States","New Mexico","2019-20","1.3",23087,NA,"†",298,"Census"
"5745","Exemption","Non-Medical Exemption","States","North Carolina","2019-20","1.6",124548,NA,"†",2003,"Census"
"5746","Exemption","Non-Medical Exemption","States","North Dakota","2019-20","3.6",10587,NA,"",381,"Census"
"5747","Exemption","Non-Medical Exemption","States","Ohio","2019-20","2.6",139103,NA,"||",3575,"Census"
"5748","Exemption","Non-Medical Exemption","States","Oklahoma","2019-20","2.5",55348,NA,"",1395,"Voluntary response"
"5749","Exemption","Non-Medical Exemption","States","Oregon","2019-20","6.9",45959,NA,"||",3192,"Census"
"5750","Exemption","Non-Medical Exemption","States","Pennsylvania","2019-20","2.6",140197,NA,"",3630,"Census"
"5751","Exemption","Non-Medical Exemption","States","Rhode Island","2019-20","1.0",11219,NA,"†",117,"Census"
"5752","Exemption","Non-Medical Exemption","States","South Carolina","2019-20","2.5",65938,NA,"†",1616,"Stratified 1-stage cluster sample"
"5753","Exemption","Non-Medical Exemption","States","South Dakota","2019-20","2.6",12367,NA,"†",319,"Census"
"5754","Exemption","Non-Medical Exemption","States","Tennessee","2019-20","1.9",80595,NA,"†",1509,"Census"
"5755","Exemption","Non-Medical Exemption","States","Texas","2019-20","2.2",398680,NA,"||",8965,"Census"
"5756","Exemption","Non-Medical Exemption","States","Utah","2019-20","5.2",49208,NA,"",2580,"Census"
"5757","Exemption","Non-Medical Exemption","States","Vermont","2019-20","3.5",6293,NA,"†",223,"Census"
"5758","Exemption","Non-Medical Exemption","States","Virginia","2019-20","1.4",99399,NA,"†",1378,"Census"
"5759","Exemption","Non-Medical Exemption","States","Washington","2019-20","5.0",87757,NA,"",4359,"Census"
"5760","Exemption","Non-Medical Exemption","States","West Virginia","2019-20",NA,17114,NA,"†.‡.‡‡",NA,"Voluntary response"
"5761","Exemption","Non-Medical Exemption","States","Wisconsin","2019-20","5.5",67391,NA,"",3693,"Census"
"5762","Exemption","Non-Medical Exemption","States","Wyoming","2019-20","3.2",7913,NA,"†",256,"Census"
"5763","Exemption","Non-Medical Exemption","States","Alabama","2020-21","1.1",56974,100,"†",653,"Census"
"5764","Exemption","Non-Medical Exemption","States","Alaska","2020-21","3.8",9461,92.5,"†",354,"Census"
"5765","Exemption","Non-Medical Exemption","States","Arizona","2020-21","5.4",76382,93.4,"‡",4139,"Census (public). voluntary response (private)"
"5766","Exemption","Non-Medical Exemption","States","Arkansas","2020-21","1.9",37540,95.6,"",721,"Census (public). voluntary response (private)"
"5767","Exemption","Non-Medical Exemption","States","Colorado","2020-21","4.0",63619,97.3,">=. §",2545,"Census"
"5768","Exemption","Non-Medical Exemption","States","Connecticut","2020-21","2.3",34396,100,"†",803,"Census"
"5769","Exemption","Non-Medical Exemption","States","Delaware","2020-21","2.4",10587,9.2,"†",253,"Stratified 2-stage cluster sample"
"5770","Exemption","Non-Medical Exemption","States","District of Columbia","2020-21","0.3",8262,100,"†",25,"Census"
"5771","Exemption","Non-Medical Exemption","States","Florida","2020-21","2.7",207026,100,"†",5635,"Census"
"5772","Exemption","Non-Medical Exemption","States","Georgia","2020-21","2.8",83191,100,"†",2358,"Census"
"5773","Exemption","Non-Medical Exemption","States","Hawaii","2020-21","3.5",13074,93,"†",457,"Census"
"5774","Exemption","Non-Medical Exemption","States","Idaho","2020-21","7.9",22677,98.3,"||",1797,"Census"
"5775","Exemption","Non-Medical Exemption","States","Illinois","2020-21","NR",NA,NA,"†",NA,"Not Conducted"
"5776","Exemption","Non-Medical Exemption","States","Indiana","2020-21","1.7",78694,71.4,"†",1333,"Voluntary response"
"5777","Exemption","Non-Medical Exemption","States","Iowa","2020-21","2.1",39141,100,"†",803,"Census"
"5778","Exemption","Non-Medical Exemption","States","Kansas","2020-21","1.8",34687,32.7,"†",613,"Stratified 2-stage cluster sample"
"5779","Exemption","Non-Medical Exemption","States","Kentucky","2020-21","0.8",59233,86.4,"†",478,"Census (public). voluntary response (private)"
"5780","Exemption","Non-Medical Exemption","States","Louisiana","2020-21","1.0",61912,100,"",616,"Census"
"5781","Exemption","Non-Medical Exemption","States","Maine","2020-21","4.1",13477,85,"",548,"Voluntary response (public). census (private)"
"5782","Exemption","Non-Medical Exemption","States","Maryland","2020-21","0.8",65764,75.6,"†",501,"Census (public). voluntary response (private)"
"5783","Exemption","Non-Medical Exemption","States","Massachusetts","2020-21","0.9",60724,100,"†",566,"Census"
"5784","Exemption","Non-Medical Exemption","States","Michigan","2020-21","3.5",106657,100,"",3729,"Census"
"5785","Exemption","Non-Medical Exemption","States","Minnesota","2020-21","2.7",66007,95.2,">=. §. ‡",1797,"Census"
"5786","Exemption","Non-Medical Exemption","States","Missouri","2020-21","2.4",63093,100,">=. †.§",1492,"Census"
"5787","Exemption","Non-Medical Exemption","States","Montana","2020-21","3.3",11279,100,"†",376,"Census"
"5788","Exemption","Non-Medical Exemption","States","Nebraska","2020-21","1.6",25681,94.8,"†",413,"Census (public). voluntary response (private)"
"5789","Exemption","Non-Medical Exemption","States","Nevada","2020-21","3.6",34171,94.7,"†",1232,"Census (public). voluntary response (private)"
"5790","Exemption","Non-Medical Exemption","States","New Hampshire","2020-21","2.6",10242,57,"†",263,"Voluntary response"
"5791","Exemption","Non-Medical Exemption","States","New Jersey","2020-21","2.1",100144,100,"†",2113,"Census"
"5792","Exemption","Non-Medical Exemption","States","New Mexico","2020-21","0.8",20589,100,"†",166,"Census"
"5793","Exemption","Non-Medical Exemption","States","North Carolina","2020-21","1.4",120995,89,"†",1700,"Census (public). voluntary response (private)"
"5794","Exemption","Non-Medical Exemption","States","North Dakota","2020-21","4.0",10116,99.1,"",401,"Census"
"5795","Exemption","Non-Medical Exemption","States","Ohio","2020-21","2.4",128535,91.1,"||",3022,"Census (public). voluntary response (private)"
"5796","Exemption","Non-Medical Exemption","States","Oklahoma","2020-21","2.3",52656,90,"",1188,"Census (public). voluntary response (private)"
"5797","Exemption","Non-Medical Exemption","States","Oregon","2020-21","5.3",39568,100,"||",2079,"Census"
"5798","Exemption","Non-Medical Exemption","States","Pennsylvania","2020-21","2.5",129307,95,"",3174,"Census (public). voluntary response (private)"
"5799","Exemption","Non-Medical Exemption","States","Rhode Island","2020-21","0.9",10402,93,"†",99,"Census"
"5800","Exemption","Non-Medical Exemption","States","South Carolina","2020-21","2.3",56330,26.5,"†",1288,"Stratified 1-stage cluster sample"
"5801","Exemption","Non-Medical Exemption","States","South Dakota","2020-21","3.2",11512,99.9,"†",373,"Census"
"5802","Exemption","Non-Medical Exemption","States","Tennessee","2020-21","1.8",73819,100,"†",1332,"Census"
"5803","Exemption","Non-Medical Exemption","States","Texas","2020-21","2.1",377840,98.9,"||",8118,"Census"
"5804","Exemption","Non-Medical Exemption","States","TX-City of Houston","2020-21","1.1",39627,94.9,"||",440,"Census (public). voluntary response (private)"
"5805","Exemption","Non-Medical Exemption","States","Utah","2020-21","5.0",46247,100,"",2308,"Census"
"5806","Exemption","Non-Medical Exemption","States","Vermont","2020-21","3.1",5535,100,"†",170,"Census"
"5807","Exemption","Non-Medical Exemption","States","Virginia","2020-21","1.2",88273,2,"†",1074,"Stratified 2-stage cluster sample"
"5808","Exemption","Non-Medical Exemption","States","Washington","2020-21","2.1",74931,100,">=.",1563,"Census"
"5809","Exemption","Non-Medical Exemption","States","Wisconsin","2020-21","4.9",63486,84.5,"",3141,"Voluntary response"
"5810","Exemption","Non-Medical Exemption","States","Wyoming","2020-21","NR",6923,100,"†",NA,"Census"
"5811","Exemption","Non-Medical Exemption","States","Alabama","2021-22","1.5",60332,100,"†",912,"Census"
"5812","Exemption","Non-Medical Exemption","States","Alaska","2021-22","4.1",9790,76.2,"†. ‡‡",401,"Vol. response (pub.), not conducted (pvt.)"
"5813","Exemption","Non-Medical Exemption","States","Arizona","2021-22","6.5",83463,97,"‡",5405,"Census"
"5814","Exemption","Non-Medical Exemption","States","Arkansas","2021-22","2.5",39358,96.3,"",988,"Census (pub.), vol. response (pvt.)"
"5815","Exemption","Non-Medical Exemption","States","Colorado","2021-22","3.0",66900,97.5,">=. §. ||",2036,"Census"
"5816","Exemption","Non-Medical Exemption","States","Connecticut","2021-22","2.1",35451,100,"†",727,"Census"
"5817","Exemption","Non-Medical Exemption","States","Delaware","2021-22","1.2",11181,9.5,"†",134,"Stratified 2-stage cluster sample"
"5818","Exemption","Non-Medical Exemption","States","District of Columbia","2021-22","0.5",8959,100,"†",42,"Census"
"5819","Exemption","Non-Medical Exemption","States","Florida","2021-22","3.5",229432,97.8,"†",8084,"Census"
"5820","Exemption","Non-Medical Exemption","States","Georgia","2021-22","4.5",118742,100,"†",5378,"Census"
"5821","Exemption","Non-Medical Exemption","States","Hawaii","2021-22","3.3",13368,6.7,"†",442,"Stratified 2-stage cluster sample"
"5822","Exemption","Non-Medical Exemption","States","Idaho","2021-22","9.2",23854,99.6,"||",2206,"Census"
"5823","Exemption","Non-Medical Exemption","States","Indiana","2021-22","2.2",83198,75.1,"†",1839,"Vol. response"
"5824","Exemption","Non-Medical Exemption","States","Iowa","2021-22","2.3",40111,100,"†",913,"Census"
"5825","Exemption","Non-Medical Exemption","States","Kansas","2021-22","2.1",36526,79.4,"†",750,"Census"
"5826","Exemption","Non-Medical Exemption","States","Kentucky","2021-22","1.1",59233,91.5,"†",679,"Census"
"5827","Exemption","Non-Medical Exemption","States","Louisiana","2021-22","1.1",66518,100,"",724,"Census"
"5828","Exemption","Non-Medical Exemption","States","Maine","2021-22","0.3",12881,91.6,"",33,"Census"
"5829","Exemption","Non-Medical Exemption","States","Maryland","2021-22","1.0",53866,98.4,"†",543,"Census"
"5830","Exemption","Non-Medical Exemption","States","Massachusetts","2021-22","0.9",65582,100,"†",572,"Census"
"5831","Exemption","Non-Medical Exemption","States","Michigan","2021-22","4.3",114251,100,"",4925,"Census"
"5832","Exemption","Non-Medical Exemption","States","Minnesota","2021-22","3.6",69403,98.7,">=. §. ||",2504,"Census"
"5833","Exemption","Non-Medical Exemption","States","Missouri","2021-22","2.8",71034,100,">=. †. §",1997,"Census"
"5834","Exemption","Non-Medical Exemption","States","Nebraska","2021-22","2.2",25018,99.5,"†",543,"Census"
"5835","Exemption","Non-Medical Exemption","States","Nevada","2021-22","4.4",36855,99.2,"†",1615,"Census (pub.), vol. response (pvt.)"
"5836","Exemption","Non-Medical Exemption","States","New Hampshire","2021-22","3.2",12157,100,"†",390,"Census"
"5837","Exemption","Non-Medical Exemption","States","New Jersey","2021-22","2.5",104240,100,"†",2584,"Census"
"5838","Exemption","Non-Medical Exemption","States","New Mexico","2021-22","1.1",20736,100,"†",222,"Census"
"5839","Exemption","Non-Medical Exemption","States","North Carolina","2021-22","1.8",118191,78.5,"†",2111,"Vol. response"
"5840","Exemption","Non-Medical Exemption","States","North Dakota","2021-22","5.1",10755,96.6,"",546,"Census"
"5841","Exemption","Non-Medical Exemption","States","Ohio","2021-22","2.8",139077,91.9,"||",3933,"Census (pub.), vol. response (pvt.)"
"5842","Exemption","Non-Medical Exemption","States","Oklahoma","2021-22","3.3",54042,84.3,"",1779,"Vol. response"
"5843","Exemption","Non-Medical Exemption","States","Oregon","2021-22","6.9",41538,100,"||",2852,"Census"
"5844","Exemption","Non-Medical Exemption","States","Pennsylvania","2021-22","3.0",139558,94.9,"",4178,"Census (pub.), vol. response (pvt.)"
"5845","Exemption","Non-Medical Exemption","States","Rhode Island","2021-22","1.1",11002,96.9,"†",119,"Census"
"5846","Exemption","Non-Medical Exemption","States","South Carolina","2021-22","3.2",58276,100,"†",1870,"Census"
"5847","Exemption","Non-Medical Exemption","States","South Dakota","2021-22","3.4",12251,100,"†",416,"Census"
"5848","Exemption","Non-Medical Exemption","States","Tennessee","2021-22","2.3",79120,100,"†",1834,"Census"
"5849","Exemption","Non-Medical Exemption","National","United States","2016-17","1.8",NA,NA,"",NA,"NaN"
"5850","Exemption","Non-Medical Exemption","National","U.S. Median","2016-17","1.9",NA,NA,"",NA,"NaN"
"5851","Exemption","Non-Medical Exemption","National","United States","2017-18","1.9",NA,NA,"",NA,"NaN"
"5852","Exemption","Non-Medical Exemption","National","U.S. Median","2017-18","2.0",NA,NA,"",NA,"NaN"
"5853","Exemption","Non-Medical Exemption","National","United States","2018-19","2.2",NA,NA,"",NA,"NaN"
"5854","Exemption","Non-Medical Exemption","National","U.S. Median","2018-19","2.5",NA,NA,"",NA,"NaN"
"5855","Exemption","Non-Medical Exemption","National","United States","2019-20","2.2",NA,NA,"",NA,"NaN"
"5856","Exemption","Non-Medical Exemption","National","U.S. Median","2019-20","2.6",NA,NA,"",NA,"NaN"
"5857","Exemption","Non-Medical Exemption","National","United States","2020-21","1.9",3520205,94.8,"",67809,""
"5858","Exemption","Non-Medical Exemption","National","U.S. Median","2020-21","2.4",3520205,94.8,"",NA,""
"5859","Exemption","Non-Medical Exemption","National","United States","2021-22","2.3",3835130,96.1,"",88955,""
"5860","Exemption","Non-Medical Exemption","National","U.S. Median","2021-22","2.8",3835130,96.1,"",1375,""
"5861","Exemption","Any Exemption","National","United States","2009-10","1.7",NA,NA,"",NA,"NaN"
"5862","Exemption","Any Exemption","National","U.S. Median","2009-10","1.1",NA,NA,"",NA,"NaN"
"5863","Exemption","Non-Medical Exemption","States","Texas","2021-22","2.7",389037,99.3,"||",10316,"Census"
"5864","Exemption","Non-Medical Exemption","States","TX-City of Houston","2021-22","1.4",40123,99.3,"||",564,"Census"
"5865","Exemption","Non-Medical Exemption","States","Utah","2021-22","7.1",48995,100,"",3477,"Census"
"5866","Exemption","Non-Medical Exemption","States","Vermont","2021-22","3.2",6126,100,"†",196,"Census"
"5867","Exemption","Non-Medical Exemption","States","Virginia","2021-22","1.5",95996,96.1,"†",1375,"Census"
"5868","Exemption","Non-Medical Exemption","States","Washington","2021-22","2.5",87256,97.3,"",2215,"Census (pub.), vol. response (pvt.)"
"5869","Exemption","Non-Medical Exemption","States","Wisconsin","2021-22","6.0",64275,96.8,"",3873,"Census (pub.), vol. response (pvt.)"
"5870","Exemption","Non-Medical Exemption","States","Wyoming","2021-22","3.7",7382,100,"†",274,"Census"
"5871","Exemption","Any Exemption","States","Alabama","2009-10","0.5",75358,NA,"‡. ¶",373,"Census"
"5872","Exemption","Any Exemption","States","Alaska","2009-10","5.5",9641,NA,"†",530,"Voluntary response"
"5873","Exemption","Any Exemption","States","Arizona","2009-10","3.0",89287,NA,"‡",2665,"Census"
"5874","Exemption","Any Exemption","States","Arkansas","2009-10","0.6",34733,NA,"",193,"Census"
"5875","Exemption","Any Exemption","States","California","2009-10","2.2",507191,NA,"‡",11278,"Census"
"5876","Exemption","Any Exemption","States","Colorado","2009-10",NA,NA,NA,"",NA,"Not conducted"
"5877","Exemption","Any Exemption","States","Connecticut","2009-10","1.1",46158,NA,"†",495,"Census"
"5878","Exemption","Any Exemption","States","Delaware","2009-10","0.8",11327,NA,"†",87,"Random sample"
"5879","Exemption","Any Exemption","States","District of Columbia","2009-10","1.1",6092,NA,"",66,"Census"
"5880","Exemption","Any Exemption","States","Florida","2009-10","1.3",218630,NA,"†",2797,"Census"
"5881","Exemption","Any Exemption","States","Georgia","2009-10","1.1",141949,NA,"†",1565,"Random sample"
"5882","Exemption","Any Exemption","States","Hawaii","2009-10","3.6",18427,NA,"†",660,"Random sample"
"5883","Exemption","Any Exemption","States","Idaho","2009-10","3.8",22624,NA,"",860,"Census"
"5884","Exemption","Any Exemption","States","Illinois","2009-10",NA,165845,NA,"§",NA,"Census"
"5885","Exemption","Any Exemption","States","Indiana","2009-10","1.1",84390,NA,"†",909,"Census"
"5886","Exemption","Any Exemption","States","Iowa","2009-10","1.4",42698,NA,"†",577,"Census"
"5887","Exemption","Any Exemption","States","Kansas","2009-10","1.0",39073,NA,"†",393,"Census"
"5888","Exemption","Any Exemption","States","Kentucky","2009-10","0.6",56526,NA,"†",363,"Census"
"5889","Exemption","Any Exemption","States","Louisiana","2009-10","0.8",53846,NA,"",411,"Census"
"5890","Exemption","Any Exemption","States","Maine","2009-10","3.3",14162,NA,"",470,"Voluntary response"
"5891","Exemption","Any Exemption","States","Maryland","2009-10","0.8",75061,NA,"†",629,"Voluntary response"
"5892","Exemption","Any Exemption","States","Massachusetts","2009-10","1.1",74476,NA,"†",836,"Census"
"5893","Exemption","Any Exemption","States","Michigan","2009-10","4.4",129810,NA,"",5730,"Census"
"5894","Exemption","Any Exemption","States","Minnesota","2009-10",NA,70653,NA,"",NA,"Not conducted"
"5895","Exemption","Any Exemption","States","Mississippi","2009-10","0.1",46922,NA,"<. ‡. †",12,"Census"
"5896","Exemption","Any Exemption","States","Missouri","2009-10",NA,75958,NA,"§",NA,"Random sample"
"5897","Exemption","Any Exemption","States","Montana","2009-10","3.1",12335,NA,"†",380,"Census"
"5898","Exemption","Any Exemption","States","Nebraska","2009-10","3.8",29607,NA,"†",1076,"Census"
"5899","Exemption","Any Exemption","States","Nevada","2009-10","2.0",35209,NA,"†",714,"Random sample"
"5900","Exemption","Any Exemption","States","New Hampshire","2009-10",NA,NA,NA,"",NA,"Not conducted"
"5901","Exemption","Any Exemption","States","New Jersey","2009-10","1.0",118347,NA,"†",1072,"Census"
"5902","Exemption","Any Exemption","States","New Mexico","2009-10","0.7",26318,NA,"††. †",183,"Random sample"
"5903","Exemption","Any Exemption","States","New York","2009-10","0.6",229273,NA,"†",1426,"Census"
"5904","Exemption","Any Exemption","States","North Carolina","2009-10","0.8",116087,NA,"†",914,"Census"
"5905","Exemption","Any Exemption","States","North Dakota","2009-10","0.8",8323,NA,"††",67,"Random sample"
"5906","Exemption","Any Exemption","States","Ohio","2009-10","1.4",131137,NA,"||",1799,"Census"
"5907","Exemption","Any Exemption","States","Oklahoma","2009-10","1.1",51128,NA,"",575,"Voluntary response"
"5908","Exemption","Any Exemption","States","Oregon","2009-10","5.4",44676,NA,"†",2416,"Census"
"5909","Exemption","Any Exemption","States","Pennsylvania","2009-10","3.1",149656,NA,"||",4701,"Census"
"5910","Exemption","Any Exemption","States","Rhode Island","2009-10","0.5",11818,NA,"†",60,"Random sample"
"5911","Exemption","Any Exemption","States","South Carolina","2009-10","0.8",53725,NA,"†",450,"Random sample"
"5912","Exemption","Any Exemption","States","South Dakota","2009-10","1.1",11499,NA,"†",121,"Census"
"5913","Exemption","Any Exemption","States","Tennessee","2009-10","0.5",90811,NA,"††. †",421,"Voluntary response"
"5914","Exemption","Any Exemption","States","Texas","2009-10",NA,381425,NA,"§",NA,"Census"
"5915","Exemption","Any Exemption","States","Utah","2009-10","3.8",49957,NA,"",1904,"Census"
"5916","Exemption","Any Exemption","States","Vermont","2009-10","5.8",6713,NA,"",389,"Census"
"5917","Exemption","Any Exemption","States","Virginia","2009-10","0.9",100891,NA,"†",911,"Random sample"
"5918","Exemption","Any Exemption","States","Washington","2009-10","6.2",81511,NA,"",5015,"Census"
"5919","Exemption","Any Exemption","States","West Virginia","2009-10","1.3",22730,NA,"‡. †",303,"Voluntary response"
"5920","Exemption","Any Exemption","States","Wisconsin","2009-10","3.7",61095,NA,"",2260,"Random sample"
"5921","Exemption","Any Exemption","States","Wyoming","2009-10",NA,NA,NA,"",NA,"Not conducted"
"5922","Exemption","Any Exemption","States","Alabama","2010-11",NA,NA,NA,"",NA,NA
"5923","Exemption","Any Exemption","States","Alaska","2010-11",NA,NA,NA,"",NA,NA
"5924","Exemption","Any Exemption","States","Arizona","2010-11",NA,NA,NA,"",NA,NA
"5925","Exemption","Any Exemption","States","Arkansas","2010-11",NA,NA,NA,"",NA,NA
"5926","Exemption","Any Exemption","States","California","2010-11",NA,NA,NA,"",NA,NA
"5927","Exemption","Any Exemption","States","Colorado","2010-11",NA,NA,NA,"",NA,NA
"5928","Exemption","Any Exemption","States","Connecticut","2010-11",NA,NA,NA,"",NA,NA
"5929","Exemption","Any Exemption","States","Delaware","2010-11",NA,NA,NA,"",NA,NA
"5930","Exemption","Any Exemption","States","District of Columbia","2010-11",NA,NA,NA,"",NA,NA
"5931","Exemption","Any Exemption","States","Florida","2010-11",NA,NA,NA,"",NA,NA
"5932","Exemption","Any Exemption","States","Georgia","2010-11",NA,NA,NA,"",NA,NA
"5933","Exemption","Any Exemption","States","Hawaii","2010-11",NA,NA,NA,"",NA,NA
"5934","Exemption","Any Exemption","States","Idaho","2010-11",NA,NA,NA,"",NA,NA
"5935","Exemption","Any Exemption","States","Illinois","2010-11",NA,NA,NA,"",NA,NA
"5936","Exemption","Any Exemption","States","Indiana","2010-11",NA,NA,NA,"",NA,NA
"5937","Exemption","Any Exemption","States","Iowa","2010-11",NA,NA,NA,"",NA,NA
"5938","Exemption","Any Exemption","States","Kansas","2010-11",NA,NA,NA,"",NA,NA
"5939","Exemption","Any Exemption","States","Kentucky","2010-11",NA,NA,NA,"",NA,NA
"5940","Exemption","Any Exemption","States","Louisiana","2010-11",NA,NA,NA,"",NA,NA
"5941","Exemption","Any Exemption","States","Maine","2010-11",NA,NA,NA,"",NA,NA
"5942","Exemption","Any Exemption","States","Maryland","2010-11",NA,NA,NA,"",NA,NA
"5943","Exemption","Any Exemption","States","Massachusetts","2010-11",NA,NA,NA,"",NA,NA
"5944","Exemption","Any Exemption","States","Michigan","2010-11",NA,NA,NA,"",NA,NA
"5945","Exemption","Any Exemption","States","Minnesota","2010-11",NA,NA,NA,"",NA,NA
"5946","Exemption","Any Exemption","States","Mississippi","2010-11",NA,NA,NA,"",NA,NA
"5947","Exemption","Any Exemption","States","Missouri","2010-11",NA,NA,NA,"",NA,NA
"5948","Exemption","Any Exemption","States","Montana","2010-11",NA,NA,NA,"",NA,NA
"5949","Exemption","Any Exemption","National","U.S. Median","2010-11",NA,NA,NA,"",NA,"NaN"
"5950","Exemption","Any Exemption","National","United States","2011-12","1.6",NA,NA,"",NA,"NaN"
"5951","Exemption","Any Exemption","National","U.S. Median","2011-12","1.4",NA,NA,"",NA,"NaN"
"5952","Exemption","Any Exemption","National","United States","2012-13","1.9",NA,NA,"",NA,"NaN"
"5953","Exemption","Any Exemption","National","U.S. Median","2012-13","1.8",NA,NA,"",NA,"NaN"
"5954","Exemption","Any Exemption","National","United States","2013-14","2.1",NA,NA,"",NA,"NaN"
"5955","Exemption","Any Exemption","National","U.S. Median","2013-14","1.8",NA,NA,"",NA,"NaN"
"5956","Exemption","Any Exemption","National","United States","2014-15","2.2",NA,NA,"",NA,"NaN"
"5957","Exemption","Any Exemption","National","U.S. Median","2014-15","1.8",NA,NA,"",NA,"NaN"
"5958","Exemption","Any Exemption","States","Nebraska","2010-11",NA,NA,NA,"",NA,NA
"5959","Exemption","Any Exemption","States","Nevada","2010-11",NA,NA,NA,"",NA,NA
"5960","Exemption","Any Exemption","States","New Hampshire","2010-11",NA,NA,NA,"",NA,NA
"5961","Exemption","Any Exemption","States","New Jersey","2010-11",NA,NA,NA,"",NA,NA
"5962","Exemption","Any Exemption","States","New Mexico","2010-11",NA,NA,NA,"",NA,NA
"5963","Exemption","Any Exemption","States","New York","2010-11",NA,NA,NA,"",NA,NA
"5964","Exemption","Any Exemption","States","North Carolina","2010-11",NA,NA,NA,"",NA,NA
"5965","Exemption","Any Exemption","States","North Dakota","2010-11",NA,NA,NA,"",NA,NA
"5966","Exemption","Any Exemption","States","Ohio","2010-11",NA,NA,NA,"",NA,NA
"5967","Exemption","Any Exemption","States","Oklahoma","2010-11",NA,NA,NA,"",NA,NA
"5968","Exemption","Any Exemption","States","Oregon","2010-11",NA,NA,NA,"",NA,NA
"5969","Exemption","Any Exemption","States","Pennsylvania","2010-11",NA,NA,NA,"",NA,NA
"5970","Exemption","Any Exemption","States","Rhode Island","2010-11",NA,NA,NA,"",NA,NA
"5971","Exemption","Any Exemption","States","South Carolina","2010-11",NA,NA,NA,"",NA,NA
"5972","Exemption","Any Exemption","States","South Dakota","2010-11",NA,NA,NA,"",NA,NA
"5973","Exemption","Any Exemption","States","Tennessee","2010-11",NA,NA,NA,"",NA,NA
"5974","Exemption","Any Exemption","States","Texas","2010-11",NA,NA,NA,"",NA,NA
"5975","Exemption","Any Exemption","States","Utah","2010-11",NA,NA,NA,"",NA,NA
"5976","Exemption","Any Exemption","States","Vermont","2010-11",NA,NA,NA,"",NA,NA
"5977","Exemption","Any Exemption","States","Virginia","2010-11",NA,NA,NA,"",NA,NA
"5978","Exemption","Any Exemption","States","Washington","2010-11",NA,NA,NA,"",NA,NA
"5979","Exemption","Any Exemption","States","West Virginia","2010-11",NA,NA,NA,"",NA,NA
"5980","Exemption","Any Exemption","States","Wisconsin","2010-11",NA,NA,NA,"",NA,NA
"5981","Exemption","Any Exemption","States","Wyoming","2010-11",NA,NA,NA,"",NA,NA
"5982","Exemption","Any Exemption","States","Alabama","2011-12","0.6",73190,NA,"†. ¶",465,"Census"
"5983","Exemption","Any Exemption","States","Alaska","2011-12","7.0",10286,NA,"†",53,"Non-random Cluster Sample"
"5984","Exemption","Any Exemption","States","Arizona","2011-12","3.7",88293,NA,"‡",3187,"Census"
"5985","Exemption","Any Exemption","States","Arkansas","2011-12","0.9",38754,NA,"",391,"Census"
"5986","Exemption","Any Exemption","States","California","2011-12","2.6",542544,NA,"‡",13536,"Census"
"5987","Exemption","Any Exemption","States","Colorado","2011-12","5.6",70142,NA,"**. ||",18,"Simple Random Sample"
"5988","Exemption","Any Exemption","States","Connecticut","2011-12","1.3",45695,NA,"†",609,"Census"
"5989","Exemption","Any Exemption","States","Delaware","2011-12","0.6",11327,NA,"†",7,"2-stage Cluster Sample"
"5990","Exemption","Any Exemption","States","District of Columbia","2011-12","2.1",6854,NA,"",144,"Census"
"5991","Exemption","Any Exemption","States","Florida","2011-12","1.5",225532,NA,"†",3495,"Census"
"5992","Exemption","Any Exemption","States","Georgia","2011-12","1.3",143065,NA,"†",59,"2-stage Cluster Sample"
"5993","Exemption","Any Exemption","States","Hawaii","2011-12","3.9",19443,NA,"†",60,"2-stage Cluster Sample"
"5994","Exemption","Any Exemption","States","Idaho","2011-12","5.4",22762,NA,"",1226,"Census"
"5995","Exemption","Any Exemption","States","Illinois","2011-12","5.5",163311,NA,"§",9015,"Census"
"5996","Exemption","Any Exemption","States","Indiana","2011-12","1.2",83416,NA,"†",651,"Voluntary Response"
"5997","Exemption","Any Exemption","States","Iowa","2011-12","1.5",40978,NA,"†",607,"Census"
"5998","Exemption","Any Exemption","States","Kansas","2011-12","1.3",38402,NA,"†",494,"Census"
"5999","Exemption","Any Exemption","States","Kentucky","2011-12","0.6",58185,NA,"†",318,"Census"
"6000","Exemption","Any Exemption","States","Louisiana","2011-12","0.8",69013,NA,"",550,"Census"
"6001","Exemption","Any Exemption","States","Maine","2011-12","3.9",13829,NA,"",517,"Census"
"6002","Exemption","Any Exemption","States","Maryland","2011-12","0.9",72957,NA,"†",454,"Voluntary Response"
"6003","Exemption","Any Exemption","States","Massachusetts","2011-12","1.4",79551,NA,"†",1067,"Census"
"6004","Exemption","Any Exemption","States","Michigan","2011-12","5.5",124962,NA,"",6932,"Census"
"6005","Exemption","Any Exemption","States","Minnesota","2011-12","1.6",71213,NA,"§",1145,"Census"
"6006","Exemption","Any Exemption","States","Mississippi","2011-12","0.1",44912,NA,"<. ‡. †",16,"Census"
"6007","Exemption","Any Exemption","States","Missouri","2011-12","2.4",75240,NA,"§",90,"2-stage Cluster Sample"
"6008","Exemption","Any Exemption","States","Montana","2011-12","3.0",12128,NA,"†",364,"Census"
"6009","Exemption","Any Exemption","States","Nebraska","2011-12","1.5",26715,NA,"†",377,"Census"
"6010","Exemption","Any Exemption","States","Nevada","2011-12","1.8",36557,NA,"†",42,"2-stage Cluster Sample"
"6011","Exemption","Any Exemption","States","New Hampshire","2011-12","2.2",13022,NA,"†",285,"Census"
"6012","Exemption","Any Exemption","States","New Jersey","2011-12","1.3",118669,NA,"†",1504,"Census"
"6013","Exemption","Any Exemption","States","New Mexico","2011-12","2.0",29159,NA,"†",12,"2-stage Cluster Sample"
"6014","Exemption","Any Exemption","States","New York","2011-12","0.7",236016,NA,"†",1614,"Census"
"6015","Exemption","Any Exemption","States","North Carolina","2011-12","0.8",128854,NA,"†",1003,"Census"
"6016","Exemption","Any Exemption","States","North Dakota","2011-12","1.0",8412,NA,"",5,"Convenient "
"6017","Exemption","Any Exemption","States","Ohio","2011-12","1.5",146144,NA,"||",1857,"Convenient "
"6018","Exemption","Any Exemption","States","Oklahoma","2011-12","1.1",52987,NA,"",548,"Census"
"6019","Exemption","Any Exemption","States","Oregon","2011-12","5.9",45855,NA,"†",2728,"Census"
"6020","Exemption","Any Exemption","States","Pennsylvania","2011-12","1.8",148042,NA,"||",2681,"Census"
"6021","Exemption","Any Exemption","States","Rhode Island","2011-12","1.0",12552,NA,"†",17,"2-stage Cluster Sample"
"6022","Exemption","Any Exemption","States","South Carolina","2011-12","1.1",59307,NA,"†",64,"1-stage Cluster Sample"
"6023","Exemption","Any Exemption","States","South Dakota","2011-12","1.2",12127,NA,"†",150,"Census"
"6024","Exemption","Any Exemption","States","Tennessee","2011-12","0.7",83950,NA,"†",570,"Census"
"6025","Exemption","Any Exemption","States","Texas","2011-12","1.5",388178,NA,"§",5947,"Census"
"6026","Exemption","Any Exemption","States","Utah","2011-12","3.8",53800,NA,"",2032,"Census"
"6027","Exemption","Any Exemption","States","Vermont","2011-12","5.7",6548,NA,"",372,"Census"
"6028","Exemption","Any Exemption","States","Virginia","2011-12","1.0",101121,NA,"†",76,"2-stage Cluster Sample"
"6029","Exemption","Any Exemption","States","Washington","2011-12","4.7",85134,NA,"",3472,"Voluntary Response"
"6030","Exemption","Any Exemption","States","West Virginia","2011-12","0.2",22449,NA,"‡. †",44,"Convenient "
"6031","Exemption","Any Exemption","States","Wisconsin","2011-12","4.5",70672,NA,"",76,"2-stage Cluster Sample"
"6032","Exemption","Any Exemption","States","Wyoming","2011-12",NA,NA,NA,"",NA,"Not conducted"
"6033","Exemption","Any Exemption","States","Alabama","2012-13","0.7",72929,NA,"†. ¶",501,"Census"
"6034","Exemption","Any Exemption","States","Alaska","2012-13","5.6",10319,NA,"†",564,"Census"
"6035","Exemption","Any Exemption","States","Arizona","2012-13","4.2",90054,NA,"‡",3790,"Census"
"6036","Exemption","Any Exemption","States","Arkansas","2012-13","1.1",43212,NA,"",458,"Census"
"6037","Exemption","Any Exemption","States","California","2012-13","3.0",535523,NA,"‡",15845,"Census"
"6038","Exemption","Any Exemption","States","Colorado","2012-13","4.3",70657,NA,"",2869,"Simple Random Sample"
"6039","Exemption","Any Exemption","States","Connecticut","2012-13","1.7",41604,NA,"†",725,"Census"
"6040","Exemption","Any Exemption","States","Delaware","2012-13","0.7",11997,NA,"†",7,"2-stage Cluster Sample"
"6041","Exemption","Any Exemption","States","District of Columbia","2012-13","1.6",7842,NA,"",128,"Census"
"6042","Exemption","Any Exemption","States","Florida","2012-13","1.8",234628,NA,"†",4186,"Census"
"6043","Exemption","Any Exemption","States","Georgia","2012-13","2.3",142732,NA,"†",77,"2-stage Cluster Sample"
"6044","Exemption","Any Exemption","States","Hawaii","2012-13","2.5",20104,NA,"†. *",156,"2-stage Cluster Sample"
"6045","Exemption","Any Exemption","States","Idaho","2012-13","5.9",23888,NA,"",1399,"Census"
"6046","Exemption","Any Exemption","States","Illinois","2012-13","6.1",166884,NA,"§",10099,"Census"
"6047","Exemption","Any Exemption","States","Indiana","2012-13","1.3",86983,NA,"†",1129,"Voluntary Response"
"6048","Exemption","Any Exemption","States","Iowa","2012-13","1.7",41701,NA,"†",688,"Census"
"6049","Exemption","Any Exemption","States","Kansas","2012-13","1.1",40738,NA,"†",436,"Census"
"6050","Exemption","Any Exemption","States","Kentucky","2012-13","0.7",58466,NA,"†",414,"Census"
"6051","Exemption","Any Exemption","States","Louisiana","2012-13","0.7",68874,NA,"",458,"Census"
"6052","Exemption","Any Exemption","States","Maine","2012-13","4.3",14313,NA,"",620,"Census"
"6053","Exemption","Any Exemption","States","Maryland","2012-13","1.0",75007,NA,"†",731,"Voluntary Response"
"6054","Exemption","Any Exemption","States","Massachusetts","2012-13","1.5",79661,NA,"†",1216,"Census"
"6055","Exemption","Any Exemption","States","Michigan","2012-13","5.9",124662,NA,"",7325,"Census"
"6056","Exemption","Any Exemption","States","Minnesota","2012-13","1.6",73310,NA,"§",1181,"Census"
"6057","Exemption","Any Exemption","States","Mississippi","2012-13","0.1",46595,NA,"<. ‡. †",23,"Census"
"6058","Exemption","Any Exemption","States","Missouri","2012-13","1.8",78416,NA,"§",2042,"2-stage Cluster Sample"
"6059","Exemption","Any Exemption","States","Montana","2012-13","3.5",12516,NA,"†",439,"Census"
"6060","Exemption","Any Exemption","States","Nebraska","2012-13","1.7",24999,NA,"†",418,"Census"
"6061","Exemption","Any Exemption","States","Nevada","2012-13","2.5",36070,NA,"†",309,"2-stage Cluster Sample"
"6062","Exemption","Any Exemption","States","New Hampshire","2012-13","2.5",12943,NA,"†",328,"Census"
"6063","Exemption","Any Exemption","States","New Jersey","2012-13","1.4",122516,NA,"†",1719,"Census"
"6064","Exemption","Any Exemption","States","New Mexico","2012-13","0.4",29279,NA,"†",47,"2-stage Cluster Sample"
"6065","Exemption","Any Exemption","States","New York","2012-13","0.7",239484,NA,"†. *",1666,"Census"
"6066","Exemption","Any Exemption","States","North Carolina","2012-13","0.8",130612,NA,"†. *",1032,"Census"
"6067","Exemption","Any Exemption","States","North Dakota","2012-13","1.8",9503,NA,"",130,"2-stage Cluster Sample"
"6068","Exemption","Any Exemption","States","Ohio","2012-13","2.0",163687,NA,"||",3315,"Census"
"6069","Exemption","Any Exemption","States","Oklahoma","2012-13","1.3",56943,NA,"",738,"Census"
"6070","Exemption","Any Exemption","States","Oregon","2012-13","6.5",47102,NA,"†",3082,"Census"
"6071","Exemption","Any Exemption","States","Pennsylvania","2012-13","2.0",151364,NA,"||",2982,"Census"
"6072","Exemption","Any Exemption","States","Rhode Island","2012-13","1.1",12552,NA,"†",139,"Voluntary Response"
"6073","Exemption","Any Exemption","States","South Carolina","2012-13",NA,61799,NA,"",NA,"Not conducted"
"6074","Exemption","Any Exemption","States","South Dakota","2012-13","1.8",12468,NA,"†",223,"Census"
"6075","Exemption","Any Exemption","States","Tennessee","2012-13","1.2",85801,NA,"†",1066,"Census"
"6076","Exemption","Any Exemption","States","Texas","2012-13",NA,414688,NA,"§",NA,"Census"
"6077","Exemption","Any Exemption","States","Utah","2012-13","3.8",54605,NA,"",2099,"Census"
"6078","Exemption","Any Exemption","States","Vermont","2012-13","6.1",6792,NA,"",415,"Census"
"6079","Exemption","Any Exemption","States","Virginia","2012-13","0.5",104826,NA,"†",474,"2-stage Cluster Sample"
"6080","Exemption","Any Exemption","States","Washington","2012-13","4.6",87773,NA,"*",4077,"Census"
"6081","Exemption","Any Exemption","States","West Virginia","2012-13","1.2",22588,NA,"‡. †",262,"Voluntary Response"
"6082","Exemption","Any Exemption","States","Wisconsin","2012-13","4.5",72416,NA,"",4380,"2-stage Cluster Sample"
"6083","Exemption","Any Exemption","States","Wyoming","2012-13","2.3",8133,NA,"†.‡‡",183,"Census"
"6084","Exemption","Any Exemption","States","Alabama","2013-14","0.7",76927,NA,"†. ¶",517,"Census"
"6085","Exemption","Any Exemption","States","Alaska","2013-14","5.3",10222,NA,"†",539,"Census"
"6086","Exemption","Any Exemption","States","Arizona","2013-14","4.9",89606,NA,"‡",4370,"Census"
"6087","Exemption","Any Exemption","States","Arkansas","2013-14","1.2",42649,NA,"",493,"Census"
"6088","Exemption","Any Exemption","States","California","2013-14","3.3",548606,NA,"‡",18270,"Census"
"6089","Exemption","Any Exemption","States","Colorado","2013-14","4.6",69904,NA,"",3291,"Random Sample"
"6090","Exemption","Any Exemption","States","Connecticut","2013-14","1.9",40978,NA,"†",725,"Census"
"6091","Exemption","Any Exemption","States","Delaware","2013-14","0.8",11997,NA,"†",92,"Stratified  2-stage cluster sample"
"6092","Exemption","Any Exemption","States","District of Columbia","2013-14","1.5",7856,NA,"",118,"Census"
"6093","Exemption","Any Exemption","States","Florida","2013-14","2.0",233797,NA,"†",4763,"Census"
"6094","Exemption","Any Exemption","States","Georgia","2013-14","1.8",143988,NA,"†",2563,"Census"
"6095","Exemption","Any Exemption","States","Hawaii","2013-14","3.2",20056,NA,"†",634,"Stratified  2-stage cluster sample"
"6096","Exemption","Any Exemption","States","Idaho","2013-14","6.4",23934,NA,"",1540,"Census"
"6097","Exemption","Any Exemption","States","Illinois","2013-14","1.3",163316,NA,"§",2123,"Census"
"6098","Exemption","Any Exemption","States","Indiana","2013-14","1.2",87193,NA,"†",1075,"Voluntary response"
"6099","Exemption","Any Exemption","States","Iowa","2013-14","1.7",43728,NA,"†",726,"Census"
"6100","Exemption","Any Exemption","States","Kansas","2013-14","2.6",41107,NA,"†",739,"Census"
"6101","Exemption","Any Exemption","States","Kentucky","2013-14","0.9",57857,NA,"†",505,"Census"
"6102","Exemption","Any Exemption","States","Louisiana","2013-14","0.8",63976,NA,"",505,"Census"
"6103","Exemption","Any Exemption","States","Maine","2013-14","5.5",15441,NA,"",852,"Voluntary response"
"6104","Exemption","Any Exemption","States","Maryland","2013-14","1.0",75659,NA,"†",758,"Census"
"6105","Exemption","Any Exemption","States","Massachusetts","2013-14","1.5",79894,NA,"†",1192,"Census"
"6106","Exemption","Any Exemption","States","Michigan","2013-14","5.9",120297,NA,"",7049,"Census"
"6107","Exemption","Any Exemption","States","Minnesota","2013-14","1.7",72087,NA,"§",1225,"Census"
"6108","Exemption","Any Exemption","States","Mississippi","2013-14","0.1",45719,NA,"<. ‡. †",17,"Census"
"6109","Exemption","Any Exemption","States","Missouri","2013-14","1.8",78140,NA,"§",1407,"Census"
"6110","Exemption","Any Exemption","States","Montana","2013-14","3.6",12855,NA,"†",463,"Census"
"6111","Exemption","Any Exemption","States","Nebraska","2013-14","1.7",27000,NA,"†",465,"Census"
"6112","Exemption","Any Exemption","States","Nevada","2013-14","2.0",35782,NA,"†",731,"Stratified  2-stage cluster sample"
"6113","Exemption","Any Exemption","States","New Hampshire","2013-14","2.8",13240,NA,"†",377,"Census"
"6114","Exemption","Any Exemption","States","New Jersey","2013-14","1.6",123085,NA,"†",2003,"Census"
"6115","Exemption","Any Exemption","States","New Mexico","2013-14","1.1",30725,NA,"†",349,"Stratified  2-stage cluster sample"
"6116","Exemption","Any Exemption","States","New York","2013-14","0.8",240318,NA,"†",1849,"Census"
"6117","Exemption","Any Exemption","States","North Carolina","2013-14","1.0",126084,NA,"†",1266,"Census"
"6118","Exemption","Any Exemption","States","North Dakota","2013-14","2.7",9780,NA,"",262,"Census (Public). Stratified  2-stage cluster sample(Private)"
"6119","Exemption","Any Exemption","States","Ohio","2013-14","2.0",150000,NA,"||",3050,"Census"
"6120","Exemption","Any Exemption","States","Oklahoma","2013-14","1.5",57377,NA,"",880,"Voluntary response"
"6121","Exemption","Any Exemption","States","Oregon","2013-14","7.1",47649,NA,"†",3393,"Census"
"6122","Exemption","Any Exemption","States","Pennsylvania","2013-14","2.0",151253,NA,"",3062,"Census"
"6123","Exemption","Any Exemption","States","Rhode Island","2013-14","1.0",11521,NA,"†",114,"Census"
"6124","Exemption","Any Exemption","States","South Carolina","2013-14","1.4",61661,NA,"†. *",855,"1-stage stratified sample"
"6125","Exemption","Any Exemption","States","South Dakota","2013-14","1.8",12566,NA,"†. *",220,"Census"
"6126","Exemption","Any Exemption","States","Tennessee","2013-14","1.1",80212,NA,"†",906,"Census"
"6127","Exemption","Any Exemption","States","Texas","2013-14",NA,409255,NA,"§",NA,"Census"
"6128","Exemption","Any Exemption","States","Utah","2013-14","4.4",54779,NA,"",2406,"Census"
"6129","Exemption","Any Exemption","States","Vermont","2013-14","6.2",6771,NA,"",423,"Census"
"6130","Exemption","Any Exemption","States","Virginia","2013-14","0.6",105692,NA,"†",619,"2-stage cluster  sample"
"6131","Exemption","Any Exemption","States","Washington","2013-14","4.7",89165,NA,"*",4212,"Voluntary response"
"6132","Exemption","Any Exemption","States","West Virginia","2013-14","0.2",22814,NA,"‡. †",35,"Voluntary response"
"6133","Exemption","Any Exemption","States","Wisconsin","2013-14","4.9",71363,NA,"",3519,"Stratified  2-stage cluster sample"
"6134","Exemption","Any Exemption","States","Wyoming","2013-14",NA,NA,NA,"",NA,"Not conducted"
"6135","Exemption","Any Exemption","States","Alabama","2014-15","0.8",59660,NA,"†. *",450,"Census"
"6136","Exemption","Any Exemption","States","Alaska","2014-15","5.8",10129,NA,"†",588,"Census"
"6137","Exemption","Any Exemption","States","Arizona","2014-15","4.8",86153,NA,"‡",4104,"Census"
"6138","Exemption","Any Exemption","States","Arkansas","2014-15","1.3",41252,NA,"",530,"Census (public); Voluntary response (private)"
"6139","Exemption","Any Exemption","States","California","2014-15","2.7",552583,NA,"",15059,"Census"
"6140","Exemption","Any Exemption","States","Colorado","2014-15","5.4",70597,NA,"",3832,"Simple random sample"
"6141","Exemption","Any Exemption","States","Connecticut","2014-15","1.9",39948,NA,"†",742,"Census"
"6142","Exemption","Any Exemption","States","Delaware","2014-15","1.3",11476,NA,"†",152,"Stratified 2-stage cluster sample"
"6143","Exemption","Any Exemption","States","District of Columbia","2014-15","1.1",7840,NA,"",89,"Census"
"6144","Exemption","Any Exemption","States","Florida","2014-15","2.1",228982,NA,"†",4858,"Census"
"6145","Exemption","Any Exemption","States","Georgia","2014-15","2.1",139471,NA,"†",2867,"Census"
"6146","Exemption","Any Exemption","States","Hawaii","2014-15","3.3",20085,NA,"†",754,"Stratified 2-stage cluster sample"
"6147","Exemption","Any Exemption","States","Idaho","2014-15","6.5",22968,NA,"",1500,"Census"
"6148","Exemption","Any Exemption","States","Illinois","2014-15","1.4",156942,NA,"§",2197,"Census"
"6149","Exemption","Any Exemption","States","Indiana","2014-15","1.1",85477,NA,"†",977,"Voluntary response"
"6150","Exemption","Any Exemption","States","Iowa","2014-15","1.8",43239,NA,"†",761,"Census"
"6151","Exemption","Any Exemption","States","Kansas","2014-15","1.4",39685,NA,"†",569,"Census"
"6152","Exemption","Any Exemption","States","Kentucky","2014-15","0.9",57884,NA,"†",494,"Census"
"6153","Exemption","Any Exemption","States","Louisiana","2014-15","0.6",60377,NA,"",392,"Census"
"6154","Exemption","Any Exemption","States","Maine","2014-15","4.4",13704,NA,"",599,"Voluntary response (public); Census (private)"
"6155","Exemption","Any Exemption","States","Maryland","2014-15","1.2",75391,NA,"†",907,"Census (public); Voluntary response (private)"
"6156","Exemption","Any Exemption","States","Massachusetts","2014-15","1.4",74869,NA,"†",1064,"Census"
"6157","Exemption","Any Exemption","States","Michigan","2014-15","5.3",117963,NA,"",6274,"Census"
"6158","Exemption","Any Exemption","States","Minnesota","2014-15","3.0",70896,NA,"§",2127,"Census"
"6159","Exemption","Any Exemption","States","Mississippi","2014-15","0.1",44129,NA,"<. ‡. †. *",17,"Census"
"6160","Exemption","Any Exemption","States","Missouri","2014-15","2.0",75900,NA,"§",1518,"Census"
"6161","Exemption","Any Exemption","States","Montana","2014-15","3.9",12501,NA,"†",487,"Census (public); Voluntary response (private)"
"6162","Exemption","Any Exemption","States","Nebraska","2014-15","1.6",26665,NA,"†",437,"Census"
"6163","Exemption","Any Exemption","States","Nevada","2014-15","1.3",36755,NA,"†",493,"Stratified 2-stage cluster sample"
"6164","Exemption","Any Exemption","States","New Hampshire","2014-15","2.9",12422,NA,"†",357,"Census (public); Voluntary response (private)"
"6165","Exemption","Any Exemption","States","New Jersey","2014-15","1.8",120471,NA,"†. *",2159,"Census (public); Voluntary response (private)"
"6166","Exemption","Any Exemption","States","New Mexico","2014-15","1.2",29918,NA,"†",365,"Census"
"6167","Exemption","Any Exemption","States","New York","2014-15","0.8",237045,NA,"†",1949,"Census"
"6168","Exemption","Any Exemption","States","North Carolina","2014-15","1.0",129792,NA,"†. *",1306,"Census (public); Voluntary response (private)"
"6169","Exemption","Any Exemption","States","North Dakota","2014-15","2.7",10017,NA,"*",269,"Census"
"6170","Exemption","Any Exemption","States","Ohio","2014-15","2.1",149080,NA,"||",3091,"Census (public); Voluntary response (private)"
"6171","Exemption","Any Exemption","States","Oklahoma","2014-15","1.5",56967,NA,"",877,"Census"
"6172","Exemption","Any Exemption","States","Oregon","2014-15","6.0",46229,NA,"||",2771,"Census"
"6173","Exemption","Any Exemption","States","Pennsylvania","2014-15","2.1",146378,NA,"",3063,"Census"
"6174","Exemption","Any Exemption","States","Rhode Island","2014-15","1.1",11163,NA,"†",128,"Census"
"6175","Exemption","Any Exemption","States","South Carolina","2014-15","1.2",62864,NA,"†. *",722,"Stratified 1-stage cluster sample"
"6176","Exemption","Any Exemption","States","South Dakota","2014-15","1.7",12008,NA,"†. *",202,"Census"
"6177","Exemption","Any Exemption","States","Tennessee","2014-15","1.1",78276,NA,"†",858,"Census"
"6178","Exemption","Any Exemption","States","Texas","2014-15","1.4",406099,NA,"§",5679,"Census (public); Voluntary response (private)"
"6179","Exemption","Any Exemption","States","Utah","2014-15","4.3",50916,NA,"*",2200,"Census"
"6180","Exemption","Any Exemption","States","Vermont","2014-15","6.1",6277,NA,"",386,"Census"
"6181","Exemption","Any Exemption","States","Virginia","2014-15","1.1",103821,NA,"†. *",1195,"Stratified 2-stage cluster sample"
"6182","Exemption","Any Exemption","States","Washington","2014-15","4.6",88809,NA,"*",4054,"Census (public); Voluntary response (private)"
"6183","Exemption","Any Exemption","States","West Virginia","2014-15","0.2",22016,NA,"‡. †",38,"Voluntary response"
"6184","Exemption","Any Exemption","States","Wisconsin","2014-15","5.3",69335,NA,"",3669,"Stratified 2-stage cluster sample"
"6185","Exemption","Any Exemption","States","Wyoming","2014-15","2.5",7983,NA,"§.‡‡",200,"Census"
"6186","Exemption","Any Exemption","States","Alabama","2015-16","0.8",60392,NA,"†",478,"Census"
"6187","Exemption","Any Exemption","States","Alaska","2015-16","5.9",9937,NA,"†",524,"Census"
"6188","Exemption","Any Exemption","States","Arizona","2015-16","4.7",83088,NA,"‡",3921,"Census"
"6189","Exemption","Any Exemption","States","Arkansas","2015-16","1.3",40258,NA,"",512,"Census (public); Voluntary response (private)"
"6190","Exemption","Any Exemption","States","California","2015-16","2.5",593788,NA,"",15000,"Census"
"6191","Exemption","Any Exemption","States","Colorado","2015-16","4.3",69137,NA,"",2963,"Simple random sample"
"6192","Exemption","Any Exemption","States","Connecticut","2015-16","2.0",39533,NA,"†",799,"Census"
"6193","Exemption","Any Exemption","States","Delaware","2015-16","1.2",11589,NA,"†",136,"Stratified 2-stage cluster sample"
"6194","Exemption","Any Exemption","States","District of Columbia","2015-16","1.0",8080,NA,"",77,"Census"
"6195","Exemption","Any Exemption","States","Florida","2015-16","2.2",224430,NA,"†",4925,"Census"
"6196","Exemption","Any Exemption","States","Georgia","2015-16","1.9",131403,NA,"†",2460,"Census"
"6197","Exemption","Any Exemption","States","Hawaii","2015-16","2.9",16325,NA,"†",496,"Stratified 2-stage cluster sample"
"6198","Exemption","Any Exemption","States","Idaho","2015-16","6.1",22686,NA,"",1389,"Census"
"6199","Exemption","Any Exemption","States","Illinois","2015-16","1.4",151309,NA,"§",2118,"Census"
"6200","Exemption","Any Exemption","States","Indiana","2015-16","1.2",83525,NA,"†",1035,"Voluntary response"
"6201","Exemption","Any Exemption","States","Iowa","2015-16","1.8",41215,NA,"†",754,"Census"
"6202","Exemption","Any Exemption","States","Kansas","2015-16","1.6",39555,NA,"†",651,"Census"
"6203","Exemption","Any Exemption","States","Kentucky","2015-16","0.9",54353,NA,"†",510,"Census"
"6204","Exemption","Any Exemption","States","Louisiana","2015-16","0.8",59159,NA,"",445,"Census"
"6205","Exemption","Any Exemption","States","Maine","2015-16","4.5",13526,NA,"",612,"Census"
"6206","Exemption","Any Exemption","States","Maryland","2015-16","1.3",72012,NA,"†",949,"Census (public); Voluntary response (private)"
"6207","Exemption","Any Exemption","States","Massachusetts","2015-16","1.3",72897,NA,"†",976,"Census"
"6208","Exemption","Any Exemption","States","Michigan","2015-16","3.6",116299,NA,"",4203,"Census"
"6209","Exemption","Any Exemption","States","Minnesota","2015-16","3.4",69710,NA,"§",2370,"Census"
"6210","Exemption","Any Exemption","States","Mississippi","2015-16","0.1",41042,NA,"<.‡.†",18,"Census"
"6211","Exemption","Any Exemption","States","Missouri","2015-16","1.8",74413,NA,"§",1339,"Census"
"6212","Exemption","Any Exemption","States","Montana","2015-16","3.8",11484,NA,"†",439,"Census"
"6213","Exemption","Any Exemption","States","Nebraska","2015-16","2.0",30409,NA,"†",608,"Census"
"6214","Exemption","Any Exemption","States","Nevada","2015-16","2.0",37118,NA,"†",732,"Stratified 2-stage cluster sample"
"6215","Exemption","Any Exemption","States","New Hampshire","2015-16","2.6",11852,NA,"†",309,"Census"
"6216","Exemption","Any Exemption","States","New Jersey","2015-16","1.8",110116,NA,"†",1938,"Census"
"6217","Exemption","Any Exemption","States","New Mexico","2015-16","1.3",29049,NA,"†",365,"Census"
"6218","Exemption","Any Exemption","States","New York","2015-16","0.9",232521,NA,"†",2052,"Census"
"6219","Exemption","Any Exemption","States","North Carolina","2015-16","1.1",128290,NA,"†",1382,"Census (public); Voluntary response (private)"
"6220","Exemption","Any Exemption","States","North Dakota","2015-16","3.3",9875,NA,"",329,"Census"
"6221","Exemption","Any Exemption","States","Ohio","2015-16","2.3",144604,NA,"||",3255,"Census (public); Voluntary response (private)"
"6222","Exemption","Any Exemption","States","Oklahoma","2015-16","1.6",54335,NA,"",895,"Census"
"6223","Exemption","Any Exemption","States","Oregon","2015-16","6.3",45531,NA,"||",2871,"Census"
"6224","Exemption","Any Exemption","States","Pennsylvania","2015-16","2.2",143298,NA,"",3132,"Census (public); Voluntary response (private)"
"6225","Exemption","Any Exemption","States","Rhode Island","2015-16","1.1",11165,NA,"†",126,"Census"
"6226","Exemption","Any Exemption","States","South Carolina","2015-16","1.6",59240,NA,"†",960,"Stratified 1-stage cluster sample"
"6227","Exemption","Any Exemption","States","South Dakota","2015-16","1.6",12181,NA,"†",197,"Census"
"6228","Exemption","Any Exemption","States","Tennessee","2015-16","1.1",79233,NA,"†",850,"Census"
"6229","Exemption","Any Exemption","States","Texas","2015-16","1.6",394801,NA,"||",6170,"Census (public); Voluntary response (private)"
"6230","Exemption","Any Exemption","States","Utah","2015-16","4.6",50114,NA,"",2302,"Census"
"6231","Exemption","Any Exemption","States","Vermont","2015-16","5.7",6366,NA,"",361,"Census"
"6232","Exemption","Any Exemption","States","Virginia","2015-16","1.2",100074,NA,"†",1155,"Stratified 2-stage cluster sample"
"6233","Exemption","Any Exemption","States","Washington","2015-16","4.5",86492,NA,"",3878,"Census"
"6234","Exemption","Any Exemption","States","West Virginia","2015-16","0.2",21333,NA,"‡. †",35,"Voluntary response"
"6235","Exemption","Any Exemption","States","Wisconsin","2015-16","3.3",70220,NA,"",2295,"Stratified 2-stage cluster sample"
"6236","Exemption","Any Exemption","States","Wyoming","2015-16","2.7",7825,NA,"§.‡‡",209,"Voluntary response"
"6237","Exemption","Any Exemption","States","Alabama","2016-17","0.7",58394,NA,"†",429,"Census"
"6238","Exemption","Any Exemption","States","Alaska","2016-17","6.8",9815,NA,"†",663,"Census"
"6239","Exemption","Any Exemption","States","Arizona","2016-17","5.1",83627,NA,"‡",4240,"Census"
"6240","Exemption","Any Exemption","States","Arkansas","2016-17","1.4",39666,NA,"",537,"Voluntary response"
"6241","Exemption","Any Exemption","States","California","2016-17","1.1",575305,NA,"||",6144,"Census"
"6242","Exemption","Any Exemption","States","Colorado","2016-17","3.6",64440,NA,"§",2320,"Census"
"6243","Exemption","Any Exemption","States","Connecticut","2016-17","2.1",39002,NA,"†",808,"Census"
"6244","Exemption","Any Exemption","States","Delaware","2016-17","1.2",11490,NA,"†",140,"Stratified 2-stage cluster sample"
"6245","Exemption","Any Exemption","States","District of Columbia","2016-17","1.1",8522,NA,"",89,"Census"
"6246","Exemption","Any Exemption","States","Florida","2016-17","2.5",224463,NA,"†",5566,"Census"
"6247","Exemption","Any Exemption","States","Georgia","2016-17","2.8",136165,NA,"†",3811,"Census"
"6248","Exemption","Any Exemption","States","Hawaii","2016-17","2.8",16325,NA,"†",474,"Stratified 2-stage cluster sample"
"6249","Exemption","Any Exemption","States","Idaho","2016-17","6.5",22589,NA,"",1478,"Census"
"6250","Exemption","Any Exemption","States","Illinois","2016-17","1.4",151309,NA,"§",2118,"Census"
"6251","Exemption","Any Exemption","States","Indiana","2016-17","1.0",83263,NA,"†",809,"Voluntary response"
"6252","Exemption","Any Exemption","States","Iowa","2016-17","1.8",39587,NA,"†",701,"Census"
"6253","Exemption","Any Exemption","States","Kansas","2016-17","1.8",38298,NA,"†",683,"Census"
"6254","Exemption","Any Exemption","States","Kentucky","2016-17","1.1",51487,NA,"†",583,"Census"
"6255","Exemption","Any Exemption","States","Louisiana","2016-17","0.8",55257,NA,"",450,"Census"
"6256","Exemption","Any Exemption","States","Maine","2016-17","5.0",13834,NA,"",691,"Voluntary response (public). census (private)"
"6257","Exemption","Any Exemption","States","Maryland","2016-17","1.4",71467,NA,"†",1019,"Census"
"6258","Exemption","Any Exemption","States","Massachusetts","2016-17","1.3",70109,NA,"†",893,"Census"
"6259","Exemption","Any Exemption","States","Michigan","2016-17","3.7",118777,NA,"",4347,"Census"
"6260","Exemption","Any Exemption","States","Minnesota","2016-17","3.3",69140,NA,"§",2282,"Census"
"6261","Exemption","Any Exemption","States","Mississippi","2016-17","0.1",40509,NA,"‡.†",31,"Census"
"6262","Exemption","Any Exemption","States","Missouri","2016-17","2.2",73355,NA,"§",1614,"Census"
"6263","Exemption","Any Exemption","States","Montana","2016-17","3.7",11956,NA,"†",444,"Census"
"6264","Exemption","Any Exemption","States","Nebraska","2016-17","2.0",27117,NA,"†.§§",553,"Census"
"6265","Exemption","Any Exemption","States","Nevada","2016-17","4.4",36885,NA,"†",1638,"Stratified 2-stage cluster sample"
"6266","Exemption","Any Exemption","States","New Hampshire","2016-17","3.2",12145,NA,"†",394,"Census"
"6267","Exemption","Any Exemption","States","New Jersey","2016-17","1.9",109577,NA,"†",2077,"Census"
"6268","Exemption","Any Exemption","States","New Mexico","2016-17","2.3",27119,NA,"†",610,"Stratified 2-stage cluster sample"
"6269","Exemption","Any Exemption","States","New York","2016-17","1.0",227050,NA,"†",2320,"Census"
"6270","Exemption","Any Exemption","States","North Carolina","2016-17","1.8",126454,NA,"†",2247,"Voluntary response"
"6271","Exemption","Any Exemption","States","North Dakota","2016-17","3.4",9799,NA,"",332,"Census"
"6272","Exemption","Any Exemption","States","Ohio","2016-17","2.4",137542,NA,"||",3251,"Census"
"6273","Exemption","Any Exemption","States","Oklahoma","2016-17","1.9",52184,NA,"‡‡",989,"Census"
"6274","Exemption","Any Exemption","States","Oregon","2016-17","6.7",45705,NA,"||",3047,"Census"
"6275","Exemption","Any Exemption","States","Pennsylvania","2016-17","2.3",143888,NA,"",3315,"Voluntary response"
"6276","Exemption","Any Exemption","States","Rhode Island","2016-17","1.2",11100,NA,"†",131,"Census"
"6277","Exemption","Any Exemption","States","South Carolina","2016-17","2.0",59177,NA,"†",1180,"Stratified 1-stage cluster sample"
"6278","Exemption","Any Exemption","States","South Dakota","2016-17","2.0",12106,NA,"†",241,"Census"
"6279","Exemption","Any Exemption","States","Tennessee","2016-17","1.3",78169,NA,"†",985,"Census"
"6280","Exemption","Any Exemption","States","Texas","2016-17","1.8",389999,NA,"||",6900,"Census"
"6281","Exemption","Any Exemption","States","Utah","2016-17","5.1",49073,NA,"",2483,"Census"
"6282","Exemption","Any Exemption","States","Vermont","2016-17","3.9",6344,NA,"†",249,"Census"
"6283","Exemption","Any Exemption","States","Virginia","2016-17","1.2",102357,NA,"†",1273,"Census"
"6284","Exemption","Any Exemption","States","Washington","2016-17","4.8",87142,NA,"",4161,"Census"
"6285","Exemption","Any Exemption","States","West Virginia","2016-17","0.3",28666,NA,"‡.†",75,"Census (public). voluntary response (private)"
"6286","Exemption","Any Exemption","States","Wisconsin","2016-17","5.5",67607,NA,"",3702,"Census"
"6287","Exemption","Any Exemption","States","Wyoming","2016-17",NA,NA,NA,"",NA,"Not conducted"
"6288","Exemption","Any Exemption","States","Alabama","2017-18","0.9",57245,NA,"†",519,"Census"
"6289","Exemption","Any Exemption","States","Alaska","2017-18","7.0",9692,NA,"†",624,"Stratified 2-stage cluster sample"
"6290","Exemption","Any Exemption","States","Arizona","2017-18","5.8",81710,NA,"‡",4736,"Census"
"6291","Exemption","Any Exemption","States","Arkansas","2017-18","1.7",39630,NA,"",655,"Census "
"6292","Exemption","Any Exemption","States","California","2017-18","0.7",574702,NA,"||",4195,"Census"
"6293","Exemption","Any Exemption","States","Colorado","2017-18","4.7",65718,NA,"§",3089,"Census"
"6294","Exemption","Any Exemption","States","Connecticut","2017-18","2.3",39174,NA,"†",890,"Census"
"6295","Exemption","Any Exemption","States","Delaware","2017-18","1.4",10988,NA,"†",151,"Stratified 2-stage cluster sample"
"6296","Exemption","Any Exemption","States","District of Columbia","2017-18",NA,NA,NA,"",NA,"Census"
"6297","Exemption","Any Exemption","States","Florida","2017-18","2.9",222397,NA,"†",6445,"Census"
"6298","Exemption","Any Exemption","States","Georgia","2017-18","2.7",131459,NA,"†",3582,"Census"
"6299","Exemption","Any Exemption","States","Hawaii","2017-18","3.1",16325,NA,"†",518,"Stratified 2-stage cluster sample"
"6300","Exemption","Any Exemption","States","Idaho","2017-18","7.1",22553,NA,"||",1597,"Census"
"6301","Exemption","Any Exemption","States","Illinois","2017-18","1.6",144858,NA,"§",2318,"Census"
"6302","Exemption","Any Exemption","States","Indiana","2017-18","0.9",84296,NA,"†",735,"Voluntary Response"
"6303","Exemption","Any Exemption","States","Iowa","2017-18","2.0",39632,NA,"†",787,"Census"
"6304","Exemption","Any Exemption","States","Kansas","2017-18","1.7",38484,NA,"†",669,"Stratified 2-stage cluster sample"
"6305","Exemption","Any Exemption","States","Kentucky","2017-18","1.4",55152,NA,"†",797,"Census"
"6306","Exemption","Any Exemption","States","Louisiana","2017-18","1.1",58277,NA,"",662,"Census"
"6307","Exemption","Any Exemption","States","Maine","2017-18","5.3",13255,NA,"",700,"Census "
"6308","Exemption","Any Exemption","States","Maryland","2017-18","1.5",68528,NA,"†",1005,"Census"
"6309","Exemption","Any Exemption","States","Massachusetts","2017-18","1.3",63377,NA,"†",853,"Census"
"6310","Exemption","Any Exemption","States","Michigan","2017-18","4.2",119028,NA,"",5004,"Census"
"6311","Exemption","Any Exemption","States","Minnesota","2017-18","3.5",69807,NA,"§",2443,"Census"
"6312","Exemption","Any Exemption","States","Mississippi","2017-18","0.1",39284,NA,"‡.†",38,"Census"
"6313","Exemption","Any Exemption","States","Missouri","2017-18","2.3",73113,NA,"§",1682,"Census"
"6314","Exemption","Any Exemption","States","Montana","2017-18","4.3",12188,NA,"†",526,"Census"
"6315","Exemption","Any Exemption","States","Nebraska","2017-18","2.2",26313,NA,"†.§§",586,"Census"
"6316","Exemption","Any Exemption","States","Nevada","2017-18","3.2",37178,NA,"†",1196,"Stratified 2-stage cluster sample"
"6317","Exemption","Any Exemption","States","New Hampshire","2017-18","2.9",12165,NA,"†",357,"Census"
"6318","Exemption","Any Exemption","States","New Jersey","2017-18","2.2",107630,NA,"†",2319,"Census"
"6319","Exemption","Any Exemption","States","New Mexico","2017-18","1.7",26896,NA,"†",445,"Stratified 2-stage cluster sample"
"6320","Exemption","Any Exemption","National","United States","2015-16","2.1",NA,NA,"",NA,"NaN"
"6321","Exemption","Any Exemption","National","U.S. Median","2015-16","1.9",NA,NA,"",NA,"NaN"
"6322","Exemption","Any Exemption","National","United States","2016-17","2.1",NA,NA,"",NA,"NaN"
"6323","Exemption","Any Exemption","National","U.S. Median","2016-17","2.0",NA,NA,"",NA,"NaN"
"6324","Exemption","Any Exemption","National","United States","2017-18","2.3",NA,NA,"",NA,"NaN"
"6325","Exemption","Any Exemption","National","U.S. Median","2017-18","2.2",NA,NA,"",NA,"NaN"
"6326","Exemption","Any Exemption","National","United States","2018-19","2.5",NA,NA,"",NA,"NaN"
"6327","Exemption","Any Exemption","National","U.S. Median","2018-19","2.6",NA,NA,"",NA,"NaN"
"6328","Exemption","Any Exemption","National","United States","2019-20","2.5",NA,NA,"",NA,"NaN"
"6329","Exemption","Any Exemption","National","U.S. Median","2019-20","2.7",NA,NA,"",NA,"NaN"
"6330","Exemption","Any Exemption","States","New York","2017-18","1.1",226456,NA,"†",2548,"Census"
"6331","Exemption","Any Exemption","States","North Carolina","2017-18","2.0",127197,NA,"†",2607,"Census"
"6332","Exemption","Any Exemption","States","North Dakota","2017-18","3.4",10365,NA,"",350,"Census"
"6333","Exemption","Any Exemption","States","Ohio","2017-18","2.6",138753,NA,"||",3543,"Census"
"6334","Exemption","Any Exemption","States","Oklahoma","2017-18","2.2",53898,NA,"",1182,"Census (public). voluntary response (private)"
"6335","Exemption","Any Exemption","States","Oregon","2017-18","7.6",45818,NA,"||",3489,"Census"
"6336","Exemption","Any Exemption","States","Pennsylvania","2017-18","2.8",141571,NA,"",4017,"Voluntary response"
"6337","Exemption","Any Exemption","States","Rhode Island","2017-18","1.1",11025,NA,"†",120,"Census"
"6338","Exemption","Any Exemption","States","South Carolina","2017-18","2.0",58458,NA,"†",1147,"Stratified 1-stage cluster sample"
"6339","Exemption","Any Exemption","States","South Dakota","2017-18","2.2",12125,NA,"†",261,"Census"
"6340","Exemption","Any Exemption","States","Tennessee","2017-18","1.5",78743,NA,"†",1199,"Census"
"6341","Exemption","Any Exemption","States","Texas","2017-18","2.0",387981,NA,"||",7825,"Census"
"6342","Exemption","Any Exemption","States","Utah","2017-18","5.3",48827,NA,"",2606,"Census"
"6343","Exemption","Any Exemption","States","Vermont","2017-18","3.8",6255,NA,"†",240,"Census"
"6344","Exemption","Any Exemption","States","Virginia","2017-18","1.5",100581,NA,"†",1508,"Stratified 2-stage cluster sample"
"6345","Exemption","Any Exemption","States","Washington","2017-18","4.7",85118,NA,"",3966,"Census"
"6346","Exemption","Any Exemption","States","West Virginia","2017-18","0.2",19519,NA,"†.‡.‡‡",32,"Voluntary response"
"6347","Exemption","Any Exemption","States","Wisconsin","2017-18","5.4",66178,NA,"",3577,"Stratified 2-stage cluster sample"
"6348","Exemption","Any Exemption","States","Wyoming","2017-18",NA,NA,NA,"",NA,"Not conducted "
"6349","Exemption","Any Exemption","States","Alabama","2018-19","0.8",77739,NA,"†",624,"Census"
"6350","Exemption","Any Exemption","States","Alaska","2018-19","7.1",10316,NA,"†",731,"Voluntary response"
"6351","Exemption","Any Exemption","States","Arizona","2018-19","6.0",79981,NA,"‡",4781,"Census"
"6352","Exemption","Any Exemption","States","Arkansas","2018-19","1.8",39257,NA,"",726,"Census (public). voluntary response (private)"
"6353","Exemption","Any Exemption","States","California","2018-19","0.6",568947,NA,"‡.†",3434,"Census"
"6354","Exemption","Any Exemption","States","Colorado","2018-19","4.9",64191,NA,"§",3132,"Census"
"6355","Exemption","Any Exemption","States","Connecticut","2018-19","2.7",38230,NA,"†",1027,"Census"
"6356","Exemption","Any Exemption","States","Delaware","2018-19","1.2",10798,NA,"†",133,"Stratified 2-stage cluster sample"
"6357","Exemption","Any Exemption","States","District of Columbia","2018-19",NA,NA,NA,"",NA,"Census"
"6358","Exemption","Any Exemption","States","Florida","2018-19","3.2",224641,NA,"†",7300,"Census"
"6359","Exemption","Any Exemption","States","Georgia","2018-19","2.5",131275,NA,"†",3240,"Census"
"6360","Exemption","Any Exemption","States","Hawaii","2018-19","4.4",16051,NA,"†",712,"Stratified 2-stage cluster sample"
"6361","Exemption","Any Exemption","States","Idaho","2018-19","7.7",22995,NA,"||",1778,"Census"
"6362","Exemption","Any Exemption","States","Illinois","2018-19","1.8",143876,NA,"§. †",2566,"Census"
"6363","Exemption","Any Exemption","States","Indiana","2018-19","1.3",82324,NA,"†",1035,"Census"
"6364","Exemption","Any Exemption","States","Iowa","2018-19","2.4",40624,NA,"†",960,"Census"
"6365","Exemption","Any Exemption","States","Kansas","2018-19","2.1",37838,NA,"†",810,"Stratified 2-stage cluster sample"
"6366","Exemption","Any Exemption","States","Kentucky","2018-19","1.4",55587,NA,"†",801,"Census"
"6367","Exemption","Any Exemption","States","Louisiana","2018-19","1.2",56203,NA,"",671,"Census"
"6368","Exemption","Any Exemption","States","Maine","2018-19","6.2",13419,NA,"",831,"Census"
"6369","Exemption","Any Exemption","States","Maryland","2018-19","1.5",71431,NA,"†",1071,"Census"
"6370","Exemption","Any Exemption","States","Massachusetts","2018-19","1.4",65279,NA,"†",920,"Census"
"6371","Exemption","Any Exemption","States","Michigan","2018-19","4.5",118632,NA,"",5395,"Census"
"6372","Exemption","Any Exemption","States","Minnesota","2018-19","3.7",70085,NA,"§. ||",2613,"Census"
"6373","Exemption","Any Exemption","States","Mississippi","2018-19","0.1",37775,NA,"‡.†",47,"Census"
"6374","Exemption","Any Exemption","States","Missouri","2018-19","2.7",72687,NA,"§. †",1948,"Census"
"6375","Exemption","Any Exemption","States","Montana","2018-19","4.5",12480,NA,"†",556,"Census"
"6376","Exemption","Any Exemption","States","Nebraska","2018-19","2.1",26925,NA,"†.§§",568,"Census"
"6377","Exemption","Any Exemption","States","Nevada","2018-19","3.3",37971,NA,"†",1267,"Stratified 2-stage cluster sample"
"6378","Exemption","Any Exemption","States","New Hampshire","2018-19","3.3",12421,NA,"†",408,"Census"
"6379","Exemption","Any Exemption","States","New Jersey","2018-19","2.5",109161,NA,"†",2693,"Census"
"6380","Exemption","Any Exemption","States","New Mexico","2018-19","1.5",25269,NA,"†",388,"Census"
"6381","Exemption","Any Exemption","States","New York","2018-19","1.3",220495,NA,"†",2762,"Census"
"6382","Exemption","Any Exemption","States","North Carolina","2018-19","1.6",124343,NA,"†",2038,"Census (public). voluntary response (private)"
"6383","Exemption","Any Exemption","States","North Dakota","2018-19","4.3",10382,NA,"",445,"Census"
"6384","Exemption","Any Exemption","States","Ohio","2018-19","2.9",139679,NA,"||",4007,"Census (public). voluntary response (private)"
"6385","Exemption","Any Exemption","States","Oklahoma","2018-19","2.6",54806,NA,"",1434,"Census (public). voluntary response (private)"
"6386","Exemption","Any Exemption","States","Oregon","2018-19","7.7",45870,NA,"||",3513,"Census"
"6387","Exemption","Any Exemption","States","Pennsylvania","2018-19","2.9",143560,NA,"",4218,"Census (public). voluntary response (private)"
"6388","Exemption","Any Exemption","States","Rhode Island","2018-19","1.3",10964,NA,"†",139,"Census"
"6389","Exemption","Any Exemption","States","South Carolina","2018-19","2.6",58442,NA,"†",1512,"Stratified 1-stage cluster sample"
"6390","Exemption","Any Exemption","States","South Dakota","2018-19","2.6",12062,NA,"†",315,"Census"
"6391","Exemption","Any Exemption","States","Tennessee","2018-19","1.9",78630,NA,"†",1519,"Census"
"6392","Exemption","Any Exemption","States","Texas","2018-19","2.4",390034,NA,"||",9474,"Census"
"6393","Exemption","Any Exemption","States","Utah","2018-19","5.7",50179,NA,"",2836,"Census"
"6394","Exemption","Any Exemption","States","Vermont","2018-19","4.7",6126,NA,"†",288,"Census"
"6395","Exemption","Any Exemption","States","Virginia","2018-19","1.7",100394,NA,"†",1722,"Stratified 2-stage cluster sample"
"6396","Exemption","Any Exemption","States","Washington","2018-19","5.0",87510,NA,"",4389,"Census"
"6397","Exemption","Any Exemption","States","West Virginia","2018-19","0.8",19442,NA,"†.‡.‡‡",161,"Voluntary response"
"6398","Exemption","Any Exemption","States","Wisconsin","2018-19","5.9",66344,NA,"",3884,"Stratified 2-stage cluster sample"
"6399","Exemption","Any Exemption","States","Wyoming","2018-19","2.9",7734,NA,"†",225,"Census"
"6400","Exemption","Any Exemption","States","Alabama","2019-20","1.2",59477,NA,"†",713,"Census"
"6401","Exemption","Any Exemption","States","Alaska","2019-20","5.9",10381,NA,"†",608,"Voluntary response"
"6402","Exemption","Any Exemption","States","Arizona","2019-20","5.5",83976,NA,"‡",4638,"Census (public). voluntary response (private)"
"6403","Exemption","Any Exemption","States","Arkansas","2019-20","1.9",39510,NA,"<",769,"Census (public). voluntary response (private)"
"6404","Exemption","Any Exemption","States","California","2019-20","0.8",566155,NA,"†.‡",4249,"Census"
"6405","Exemption","Any Exemption","States","Colorado","2019-20","4.9",69088,NA,"§",3376,"Census"
"6406","Exemption","Any Exemption","States","Connecticut","2019-20","2.5",38888,NA,"†",975,"Census"
"6407","Exemption","Any Exemption","States","Delaware","2019-20",NA,NA,NA,"†",NA,"Not Conducted"
"6408","Exemption","Any Exemption","States","District of Columbia","2019-20",NA,NA,NA,"†",NA,"Not Conducted"
"6409","Exemption","Any Exemption","States","Florida","2019-20","3.4",228298,NA,"†",7758,"Census"
"6410","Exemption","Any Exemption","States","Georgia","2019-20","3.0",130102,NA,"†",3899,"Census"
"6411","Exemption","Any Exemption","States","Hawaii","2019-20","6.1",15695,NA,"†",943,"Stratified 2-stage cluster sample"
"6412","Exemption","Any Exemption","States","Idaho","2019-20","7.6",23301,NA,"||",1764,"Census"
"6413","Exemption","Any Exemption","States","Illinois","2019-20","2.0",145891,NA,"†",2894,"Census"
"6414","Exemption","Any Exemption","States","Indiana","2019-20","2.2",88253,NA,"†",1901,"Voluntary response"
"6415","Exemption","Any Exemption","States","Iowa","2019-20","2.5",40812,NA,"†",1004,"Census"
"6416","Exemption","Any Exemption","States","Kansas","2019-20","2.1",37865,NA,"†",805,"Stratified 2-stage cluster sample"
"6417","Exemption","Any Exemption","States","Kentucky","2019-20","1.8",59233,NA,"†",1082,"Census"
"6418","Exemption","Any Exemption","States","Louisiana","2019-20","1.5",59685,NA,"",884,"Census"
"6419","Exemption","Any Exemption","States","Maine","2019-20","5.9",13450,NA,"",795,"Census "
"6420","Exemption","Any Exemption","States","Maryland","2019-20","1.4",72443,NA,"†",991,"Census (public). voluntary response (private)"
"6421","Exemption","Any Exemption","States","Massachusetts","2019-20","1.3",66756,NA,"†",890,"Census"
"6422","Exemption","Any Exemption","States","Michigan","2019-20","4.4",120565,NA,"",5320,"Census"
"6423","Exemption","Any Exemption","States","Minnesota","2019-20","3.8",71223,NA,"§.||",2699,"Census"
"6424","Exemption","Any Exemption","States","Mississippi","2019-20","0.2",37870,NA,"†. ‡",62,"Census"
"6425","Exemption","Any Exemption","States","Missouri","2019-20","2.7",72324,NA,"†.§",1970,"Census"
"6426","Exemption","Any Exemption","States","Montana","2019-20","4.3",12501,NA,"†",535,"Census"
"6427","Exemption","Any Exemption","States","Nebraska","2019-20","2.2",26893,NA,"†",591,"Census"
"6428","Exemption","Any Exemption","States","Nevada","2019-20","4.0",37724,NA,"†",1492,"Census"
"6429","Exemption","Any Exemption","States","New Hampshire","2019-20","3.1",12447,NA,"†",389,"Census"
"6430","Exemption","Any Exemption","States","New Jersey","2019-20","2.6",107900,NA,"†",2776,"Census"
"6431","Exemption","Any Exemption","States","New Mexico","2019-20","1.5",23087,NA,"†",344,"Census"
"6432","Exemption","Any Exemption","States","New York","2019-20","0.1",234165,NA,"†.‡",320,"Census"
"6433","Exemption","Any Exemption","States","North Carolina","2019-20","1.7",124548,NA,"†",2161,"Census"
"6434","Exemption","Any Exemption","States","North Dakota","2019-20","3.9",10587,NA,"",413,"Census"
"6435","Exemption","Any Exemption","States","Ohio","2019-20","2.8",139103,NA,"||",3921,"Census"
"6436","Exemption","Any Exemption","States","Oklahoma","2019-20","2.7",55348,NA,"",1468,"Voluntary response"
"6437","Exemption","Any Exemption","States","Oregon","2019-20","7.1",45959,NA,"||",3265,"Census"
"6438","Exemption","Any Exemption","States","Pennsylvania","2019-20","3.0",140197,NA,"",4137,"Census"
"6439","Exemption","Any Exemption","States","Rhode Island","2019-20","1.3",11219,NA,"†",141,"Census"
"6440","Exemption","Any Exemption","States","South Carolina","2019-20","2.6",65938,NA,"†",1731,"Stratified 1-stage cluster sample"
"6441","Exemption","Any Exemption","States","South Dakota","2019-20","2.7",12367,NA,"†",337,"Census"
"6442","Exemption","Any Exemption","States","Tennessee","2019-20","2.0",80595,NA,"†",1610,"Census"
"6443","Exemption","Any Exemption","States","Texas","2019-20","2.5",398680,NA,"||",9894,"Census"
"6444","Exemption","Any Exemption","States","Utah","2019-20","5.4",49208,NA,"",2639,"Census"
"6445","Exemption","Any Exemption","States","Vermont","2019-20","3.7",6293,NA,"†",232,"Census"
"6446","Exemption","Any Exemption","States","Virginia","2019-20","1.7",99399,NA,"†",1711,"Census"
"6447","Exemption","Any Exemption","States","Washington","2019-20","4.6",87757,91.9,"",NA,"Census"
"6448","Exemption","Any Exemption","States","West Virginia","2019-20","0.1",17114,NA,"†.‡.‡‡",21,"Voluntary response"
"6449","Exemption","Any Exemption","States","Wisconsin","2019-20","5.7",67391,NA,"",3861,"Census"
"6450","Exemption","Any Exemption","States","Wyoming","2019-20","3.5",7913,NA,"†",280,"Census"
"6451","Exemption","Any Exemption","States","Alabama","2020-21","1.3",56974,100,"†",719,"Census"
"6452","Exemption","Any Exemption","States","Alaska","2020-21","4.0",9461,92.5,"†",375,"Census"
"6453","Exemption","Any Exemption","States","Arizona","2020-21","5.5",76382,93.4,"‡",4211,"Census (public). voluntary response (private)"
"6454","Exemption","Any Exemption","States","Arkansas","2020-21","2.0",37540,95.6,"",735,"Census (public). voluntary response (private)"
"6455","Exemption","Any Exemption","States","California","2020-21","0.5",498214,97.5,"†.‡",2391,"Census"
"6456","Exemption","Any Exemption","States","Colorado","2020-21","4.2",63619,97.3,">=. §",2643,"Census"
"6457","Exemption","Any Exemption","States","Connecticut","2020-21","2.6",34396,100,"†",886,"Census"
"6458","Exemption","Any Exemption","States","Delaware","2020-21","2.4",10587,9.2,"†",256,"Stratified 2-stage cluster sample"
"6459","Exemption","Any Exemption","States","District of Columbia","2020-21","0.3",8262,100,"†",25,"Census"
"6460","Exemption","Any Exemption","States","Florida","2020-21","3.1",207026,100,"†",6425,"Census"
"6461","Exemption","Any Exemption","States","Georgia","2020-21","2.9",83191,100,"†",2419,"Census"
"6462","Exemption","Any Exemption","States","Hawaii","2020-21","3.7",13074,93,"†",484,"Census"
"6463","Exemption","Any Exemption","States","Idaho","2020-21","8.2",22677,98.3,"||",1861,"Census"
"6464","Exemption","Any Exemption","States","Illinois","2020-21","NR",NA,NA,"†",NA,"Not Conducted"
"6465","Exemption","Any Exemption","States","Indiana","2020-21","1.9",78694,71.4,"†",1464,"Voluntary response"
"6466","Exemption","Any Exemption","States","Iowa","2020-21","2.2",39141,100,"†",867,"Census"
"6467","Exemption","Any Exemption","States","Kansas","2020-21","2.0",34687,32.7,"†",684,"Stratified 2-stage cluster sample"
"6468","Exemption","Any Exemption","States","Kentucky","2020-21","1.0",59233,86.4,"†",569,"Census (public). voluntary response (private)"
"6469","Exemption","Any Exemption","States","Louisiana","2020-21","1.1",61912,100,"",664,"Census"
"6470","Exemption","Any Exemption","States","Maine","2020-21","4.5",13477,85,"",612,"Voluntary response (public). census (private)"
"6471","Exemption","Any Exemption","States","Maryland","2020-21","0.9",65764,75.6,"†",610,"Census (public). voluntary response (private)"
"6472","Exemption","Any Exemption","States","Massachusetts","2020-21","1.1",60724,100,"†",693,"Census"
"6473","Exemption","Any Exemption","States","Michigan","2020-21","3.7",106657,100,"",3946,"Census"
"6474","Exemption","Any Exemption","States","Minnesota","2020-21","2.8",66007,95.2,">=. §. ‡",1879,"Census"
"6475","Exemption","Any Exemption","States","Mississippi","2020-21","0.1",34028,100,"†. ‡",39,"Census"
"6476","Exemption","Any Exemption","States","Missouri","2020-21","2.5",63093,100,">=. †.§",1585,"Census"
"6477","Exemption","Any Exemption","States","Montana","2020-21","3.5",11279,100,"†",400,"Census"
"6478","Exemption","Any Exemption","States","Nebraska","2020-21","2.2",25681,94.8,"†",555,"Census (public). voluntary response (private)"
"6479","Exemption","Any Exemption","States","Nevada","2020-21","4.4",34171,94.7,"†",1511,"Census (public). voluntary response (private)"
"6480","Exemption","Any Exemption","States","New Hampshire","2020-21","2.8",10242,57,"†",287,"Voluntary response"
"6481","Exemption","Any Exemption","States","New Jersey","2020-21","2.2",100144,100,"†",2248,"Census"
"6482","Exemption","Any Exemption","States","New Mexico","2020-21","0.9",20589,100,"†",189,"Census"
"6483","Exemption","Any Exemption","States","New York","2020-21","0.1",216804,91.5,"†.‡",264,"Census (public). voluntary response (private)"
"6484","Exemption","Any Exemption","States","NY-City of New York","2020-21","0.1",91920,94.2,"<.†.‡",56,"Census (public). voluntary response (private)"
"6485","Exemption","Any Exemption","States","North Carolina","2020-21","1.5",120995,89,"†",1826,"Census (public). voluntary response (private)"
"6486","Exemption","Any Exemption","States","North Dakota","2020-21","4.2",10116,99.1,"",423,"Census"
"6487","Exemption","Any Exemption","States","Ohio","2020-21","2.5",128535,91.1,"||",3275,"Census (public). voluntary response (private)"
"6488","Exemption","Any Exemption","States","Oklahoma","2020-21","2.4",52656,90,"",1275,"Census (public). voluntary response (private)"
"6489","Exemption","Any Exemption","States","Oregon","2020-21","5.4",39568,100,"||",2118,"Census"
"6490","Exemption","Any Exemption","States","Pennsylvania","2020-21","2.7",129307,95,"",3530,"Census (public). voluntary response (private)"
"6491","Exemption","Any Exemption","National","United States","2020-21","2.2",3520205,94.8,"",76888,""
"6492","Exemption","Any Exemption","National","U.S. Median","2020-21","2.5",3520205,94.8,"",NA,""
"6493","Exemption","Any Exemption","National","United States","2021-22","2.6",3835130,96.1,"",98069,""
"6494","Exemption","Any Exemption","National","U.S. Median","2021-22","2.7",3835130,96.1,"",981,""
"6495","Exemption","Any Exemption","States","Rhode Island","2020-21","1.0",10402,93,"†",108,"Census"
"6496","Exemption","Any Exemption","States","South Carolina","2020-21","2.4",56330,26.5,"†",1380,"Stratified 1-stage cluster sample"
"6497","Exemption","Any Exemption","States","South Dakota","2020-21","3.4",11512,99.9,"†",389,"Census"
"6498","Exemption","Any Exemption","States","Tennessee","2020-21","1.9",73819,100,"†",1419,"Census"
"6499","Exemption","Any Exemption","States","Texas","2020-21","2.3",377840,98.9,"||",8817,"Census"
"6500","Exemption","Any Exemption","States","TX-City of Houston","2020-21","1.3",39627,94.9,"||",499,"Census (public). voluntary response (private)"
"6501","Exemption","Any Exemption","States","Utah","2020-21","5.1",46247,100,"",2366,"Census"
"6502","Exemption","Any Exemption","States","Vermont","2020-21","3.2",5535,100,"†",176,"Census"
"6503","Exemption","Any Exemption","States","Virginia","2020-21","1.5",88273,2,"†",1288,"Stratified 2-stage cluster sample"
"6504","Exemption","Any Exemption","States","Washington","2020-21","3.3",74931,100,"",2503,"Census"
"6505","Exemption","Any Exemption","States","West Virginia","2020-21","NR",NA,NA,"†.‡.‡‡",NA,"Not Conducted"
"6506","Exemption","Any Exemption","States","Wisconsin","2020-21","5.2",63486,84.5,"",3294,"Voluntary response"
"6507","Exemption","Any Exemption","States","Wyoming","2020-21","3.0",6923,100,"†",205,"Census"
"6508","Exemption","Any Exemption","States","Alabama","2021-22","1.7",60332,100,"†",1005,"Census"
"6509","Exemption","Any Exemption","States","Alaska","2021-22","4.6",9790,76.2,"†. ‡‡",446,"Vol. response (pub.), not conducted (pvt.)"
"6510","Exemption","Any Exemption","States","Arizona","2021-22","6.8",83463,97,"‡",5707,"Census"
"6511","Exemption","Any Exemption","States","Arkansas","2021-22","2.5",39358,96.3,"",1000,"Census (pub.), vol. response (pvt.)"
"6512","Exemption","Any Exemption","States","California","2021-22","0.2",512144,98.4,"†. ‡",948,"Census"
"6513","Exemption","Any Exemption","States","Colorado","2021-22","3.2",66900,97.5,">=. §. ||",2123,"Census"
"6514","Exemption","Any Exemption","States","Connecticut","2021-22","2.3",35451,100,"†",829,"Census"
"6515","Exemption","Any Exemption","States","Delaware","2021-22","1.2",11181,9.5,"†",143,"Stratified 2-stage cluster sample"
"6516","Exemption","Any Exemption","States","District of Columbia","2021-22","0.5",8959,100,"†",46,"Census"
"6517","Exemption","Any Exemption","States","Florida","2021-22","3.9",229432,97.8,"†",8944,"Census"
"6518","Exemption","Any Exemption","States","Georgia","2021-22","4.7",118742,100,"†",5582,"Census"
"6519","Exemption","Any Exemption","States","Hawaii","2021-22","3.4",13368,6.7,"†",449,"Stratified 2-stage cluster sample"
"6520","Exemption","Any Exemption","States","Idaho","2021-22","9.8",23854,99.6,"||",2335,"Census"
"6521","Exemption","Any Exemption","States","Illinois","2021-22","1.7",137699,100,">=. †. §",2400,"Census"
"6522","Exemption","Any Exemption","States","Indiana","2021-22","2.4",83198,75.1,"†",1980,"Vol. response"
"6523","Exemption","Any Exemption","States","Iowa","2021-22","2.4",40111,100,"†",962,"Census"
"6524","Exemption","Any Exemption","States","Kansas","2021-22","2.3",36526,79.4,"†",830,"Census"
"6525","Exemption","Any Exemption","States","Kentucky","2021-22","1.3",59233,91.5,"†",774,"Census"
"6526","Exemption","Any Exemption","States","Louisiana","2021-22","1.1",66518,100,"",753,"Census"
"6527","Exemption","Any Exemption","States","Maine","2021-22","1.8",12881,91.6,"",232,"Census"
"6528","Exemption","Any Exemption","States","Maryland","2021-22","1.5",53866,98.4,"†",801,"Census"
"6529","Exemption","Any Exemption","States","Massachusetts","2021-22","1.0",65582,100,"†",688,"Census"
"6530","Exemption","Any Exemption","States","Michigan","2021-22","4.5",114251,100,"",5191,"Census"
"6531","Exemption","Any Exemption","States","Minnesota","2021-22","3.7",69403,98.7,">=. §. ||",2598,"Census"
"6532","Exemption","Any Exemption","States","Mississippi","2021-22","0.1",36524,100,"†. ‡",52,"Census"
"6533","Exemption","Any Exemption","States","Missouri","2021-22","3.0",71034,100,">=. †. §",2137,"Census"
"6534","Exemption","Any Exemption","States","Nebraska","2021-22","2.5",25018,99.5,"†",628,"Census"
"6535","Exemption","Any Exemption","States","Nevada","2021-22","4.8",36855,99.2,"†",1779,"Census (pub.), vol. response (pvt.)"
"6536","Exemption","Any Exemption","States","New Hampshire","2021-22","3.4",12157,100,"†",419,"Census"
"6537","Exemption","Any Exemption","States","New Jersey","2021-22","2.6",104240,100,"†",2730,"Census"
"6538","Exemption","Any Exemption","States","New Mexico","2021-22","1.4",20736,100,"†",280,"Census"
"6539","Exemption","Any Exemption","States","New York","2021-22","0.1",195377,99.3,"†. ‡",241,"Census"
"6540","Exemption","Any Exemption","States","NY-City of New York","2021-22","0.1",82938,99.8,"†. ‡",47,"Census"
"6541","Exemption","Any Exemption","States","North Carolina","2021-22","1.9",118191,78.5,"†",2210,"Vol. response"
"6542","Exemption","Any Exemption","States","North Dakota","2021-22","5.3",10755,96.6,"",573,"Census"
"6543","Exemption","Any Exemption","States","Ohio","2021-22","3.0",139077,91.9,"||",4212,"Census (pub.), vol. response (pvt.)"
"6544","Exemption","Any Exemption","States","Oklahoma","2021-22","3.5",54042,84.3,"",1865,"Vol. response"
"6545","Exemption","Any Exemption","States","Oregon","2021-22","7.0",41538,100,"||",2895,"Census"
"6546","Exemption","Any Exemption","States","Pennsylvania","2021-22","3.3",139558,94.9,"",4644,"Census (pub.), vol. response (pvt.)"
"6547","Exemption","Any Exemption","States","Rhode Island","2021-22","1.2",11002,96.9,"†",129,"Census"
"6548","Exemption","Any Exemption","States","South Carolina","2021-22","3.4",58276,100,"†",1994,"Census"
"6549","Exemption","Any Exemption","States","South Dakota","2021-22","3.5",12251,100,"†",434,"Census"
"6550","Exemption","Any Exemption","States","Tennessee","2021-22","2.4",79120,100,"†",1927,"Census"
"6551","Exemption","Any Exemption","States","Texas","2021-22","2.9",389037,99.3,"||",11166,"Census"
"6552","Exemption","Any Exemption","States","TX-City of Houston","2021-22","1.5",40123,99.3,"||",619,"Census"
"6553","Exemption","Any Exemption","States","Utah","2021-22","7.4",48995,100,"",3606,"Census"
"6554","Exemption","Any Exemption","States","Vermont","2021-22","3.3",6126,100,"†",202,"Census"
"6555","Exemption","Any Exemption","States","Virginia","2021-22","1.8",95996,96.1,"†",1638,"Census"
"6556","Exemption","Any Exemption","States","Washington","2021-22","3.7",87256,97.3,"",3200,"Census (pub.), vol. response (pvt.)"
"6557","Exemption","Any Exemption","States","West Virginia","2021-22","0.1",18070,85.5,"†. ‡",17,"Vol. response"
"6558","Exemption","Any Exemption","States","Wisconsin","2021-22","6.3",64275,96.8,"",4071,"Census (pub.), vol. response (pvt.)"
"6559","Exemption","Any Exemption","States","Wyoming","2021-22","3.9",7382,100,"†",289,"Census"
"6560","Varicella","UTD (or disease history)","States","Alabama","2020-21","94.7",56974,100,">=.*",NA,"Census"
"6561","Varicella","UTD (or disease history)","States","Arizona","2020-21","95.5",76382,92.4,"",NA,"Census (public). voluntary response (private)"
"6562","Varicella","UTD (or disease history)","States","Arkansas","2020-21","92.8",37540,95.6,"‡",NA,"Census (public). voluntary response (private)"
"6563","Varicella","UTD (or disease history)","States","California","2020-21","94.8",498214,97.5,"‡",NA,"Census"
"6564","Varicella","UTD (or disease history)","States","Colorado","2020-21","89.4",63619,97.3,"",NA,"Census"
"6565","Varicella","UTD (or disease history)","States","Connecticut","2020-21","95.1",34396,100,"*",NA,"Census"
"6566","Varicella","UTD (or disease history)","States","Delaware","2020-21","95.3",10587,9.2,"",NA,"Stratified 2-stage cluster sample"
"6567","Varicella","UTD (or disease history)","States","District of Columbia","2020-21","78.0",8262,100,"*",NA,"Census"
"6568","Varicella","UTD (or disease history)","States","Florida","2020-21","93.3",207026,100,">=.*",NA,"Census"
"6569","Varicella","UTD (or disease history)","States","Georgia","2020-21","88.5",83191,100,">=.*",NA,"Census"
"6570","Varicella","UTD (or disease history)","States","Hawaii","2020-21","87.2",13074,9.3,"",NA,"Stratified 2-stage cluster sample"
"6571","Varicella","UTD (or disease history)","States","Idaho","2020-21","86.2",22677,98.3,"",NA,"Census"
"6572","Varicella","UTD (or disease history)","States","Illinois","2020-21","NR",NA,NA,"",NA,"Not Conducted"
"6573","Varicella","UTD (or disease history)","States","Indiana","2020-21","92.8",78694,71.4,"§",NA,"Voluntary response"
"6574","Varicella","UTD (or disease history)","States","Iowa","2020-21","93.4",39141,100,">=.*",NA,"Census"
"6575","Varicella","UTD (or disease history)","States","Kansas","2020-21","91.8",34687,32.7,"†.‡.§",NA,"Stratified 2-stage cluster sample"
"6576","Varicella","UTD (or disease history)","States","Kentucky","2020-21","88.3",59233,86.4,"‡.§",NA,"Census (public). voluntary response (private)"
"6577","Varicella","UTD (or disease history)","States","Louisiana","2020-21","93.2",61912,100,"*",NA,"Census"
"6578","Varicella","UTD (or disease history)","States","Maine","2020-21","97.0",13477,85,"",NA,"Voluntary response (public). census (private)"
"6579","Varicella","UTD (or disease history)","States","Maryland","2020-21","87.3",65764,75.6,"‡",NA,"Voluntary response"
"6580","Varicella","UTD (or disease history)","States","Massachusetts","2020-21","95.4",60724,100,"*.‡",NA,"Census"
"6581","Varicella","UTD (or disease history)","States","Michigan","2020-21","94.2",106657,100,"*",NA,"Census"
"6582","Varicella","UTD (or disease history)","States","Minnesota","2020-21","89.0",66007,95.2,"",NA,"Census"
"6583","Varicella","UTD (or disease history)","States","Mississippi","2020-21","98.9",34028,100,">=.*",NA,"Census"
"6584","Varicella","UTD (or disease history)","States","Missouri","2020-21","92.1",63093,100,"*",NA,"Census"
"6585","Varicella","UTD (or disease history)","States","Montana","2020-21","91.9",11279,100,"*",NA,"Census"
"6586","Varicella","UTD (or disease history)","States","Nebraska","2020-21","95.1",25681,94.8,"‡",NA,"Census (public). voluntary response (private)"
"6587","Varicella","UTD (or disease history)","States","Nevada","2020-21","95.8",34171,94.7,"",NA,"Census (public). voluntary response (private)"
"6588","Varicella","UTD (or disease history)","States","New Hampshire","2020-21","90.8",10242,57,">=. §",NA,"Voluntary response"
"6589","Varicella","UTD (or disease history)","States","New Jersey","2020-21","94.3",100144,100,">=.*",NA,"Census"
"6590","Varicella","UTD (or disease history)","States","New Mexico","2020-21","95.3",20589,100,"*",NA,"Census"
"6591","Varicella","UTD (or disease history)","States","New York","2020-21","98.1",216804,91.5,"",NA,"Census (public). voluntary response (private)"
"6592","Varicella","UTD (or disease history)","States","NY-City of New York","2020-21","97.1",91920,94.2,"",NA,"Census (public). voluntary response (private)"
"6593","Varicella","UTD (or disease history)","States","North Carolina","2020-21","95.1",120995,89,"‡.§",NA,"Census (public). voluntary response (private)"
"6594","Varicella","UTD (or disease history)","States","North Dakota","2020-21","93.2",10116,99.1,"",NA,"Census"
"6595","Varicella","UTD (or disease history)","States","Ohio","2020-21","88.7",128535,91.1,"",NA,"Census (public). voluntary response (private)"
"6596","Varicella","UTD (or disease history)","States","Oklahoma","2020-21","96.1",52656,90,"‡.§",NA,"Census (public). voluntary response (private)"
"6597","Varicella","UTD (or disease history)","States","Oregon","2020-21","95.1",39568,100,"*.‡",NA,"Census"
"6598","Varicella","UTD (or disease history)","States","Pennsylvania","2020-21","95.3",129307,95,"",NA,"Census (public). voluntary response (private)"
"6599","Varicella","UTD (or disease history)","States","Rhode Island","2020-21","96.7",10402,93,"‡.§",NA,"Census"
"6600","Varicella","UTD (or disease history)","States","South Carolina","2020-21","94.2",56330,26.5,"†",NA,"Stratified 1-stage cluster sample"
"6601","Varicella","UTD (or disease history)","States","South Dakota","2020-21","94.0",11512,99.9,"",NA,"Census"
"6602","Varicella","UTD (or disease history)","States","Tennessee","2020-21","96.4",73819,100,"*.§",NA,"Census"
"6603","Varicella","UTD (or disease history)","States","Texas","2020-21","95.0",377840,98.9,"‡.§",NA,"Census"
"6604","Varicella","UTD (or disease history)","States","TX-City of Houston","2020-21","83.1",39627,94.9,"‡.§",NA,"Census (public). voluntary response (private)"
"6605","Varicella","UTD (or disease history)","States","Utah","2020-21","91.2",46247,100,"*",NA,"Census"
"6606","Varicella","UTD (or disease history)","States","Vermont","2020-21","93.3",5535,100,"*",NA,"Census"
"6607","Varicella","UTD (or disease history)","States","Virginia","2020-21","94.1",88273,2,"†",NA,"Stratified 2-stage cluster sample"
"6608","Varicella","UTD (or disease history)","States","Washington","2020-21","93.2",74931,100,"§",NA,"Census"
"6609","Varicella","UTD (or disease history)","States","West Virginia","2020-21","NR",NA,NA,"",NA,"Not Conducted"
"6610","Varicella","UTD (or disease history)","States","Wisconsin","2020-21","87.2",63486,84.5,">=.†.‡.§",NA,"Voluntary response"
"6611","Varicella","UTD (or disease history)","States","Wyoming","2020-21","90.2",6923,100,">=.*",NA,"Census"
"6612","Varicella","UTD (or disease history)","States","Alabama","2021-22","94.9",60332,100,">=. *",NA,"Census"
"6613","Varicella","UTD (or disease history)","States","Alaska","2021-22","76.1",9790,76.2,"¶",NA,"Vol. response (pub.), not conducted (pvt.)"
"6614","Varicella","UTD (or disease history)","States","Arizona","2021-22","94.6",83463,97,"",NA,"Census"
"6615","Varicella","UTD (or disease history)","States","Arkansas","2021-22","91.9",39358,96.3,"",NA,"Census (pub.), vol. response (pvt.)"
"6616","Varicella","UTD (or disease history)","States","California","2021-22","96.0",512144,98.4,"‡",NA,"Census"
"6617","Varicella","UTD (or disease history)","States","Colorado","2021-22","87.6",66900,97.5,"",NA,"Census"
"6618","Varicella","UTD (or disease history)","States","Connecticut","2021-22","95.5",35451,100,"*",NA,"Census"
"6619","Varicella","UTD (or disease history)","States","Delaware","2021-22","95.7",11181,9.5,"‡",NA,"Stratified 2-stage cluster sample"
"6620","Varicella","UTD (or disease history)","States","District of Columbia","2021-22","81.0",8959,100,"*",NA,"Census"
"6621","Varicella","UTD (or disease history)","States","Florida","2021-22","91.7",229432,97.8,">=. §",NA,"Census"
"6622","Varicella","UTD (or disease history)","States","Georgia","2021-22","83.2",118742,100,">=. *",NA,"Census"
"6623","Varicella","UTD (or disease history)","States","Hawaii","2021-22","90.2",13368,6.7,"",NA,"Stratified 2-stage cluster sample"
"6624","Varicella","UTD (or disease history)","States","Idaho","2021-22","83.4",23854,99.6,"",NA,"Census"
"6625","Varicella","UTD (or disease history)","States","Illinois","2021-22","91.8",137699,100,"*",NA,"Census"
"6626","Varicella","UTD (or disease history)","States","Indiana","2021-22","91.7",83198,75.1,"§",NA,"Vol. response"
"6627","Varicella","UTD (or disease history)","States","Iowa","2021-22","90.6",40111,100,">=. *",NA,"Census"
"6628","Varicella","UTD (or disease history)","States","Kansas","2021-22","90.4",36526,29.5,"†. ‡. §",NA,"Stratified 1-stage cluster sample"
"6629","Varicella","UTD (or disease history)","States","Kentucky","2021-22","85.6",59233,91.5,">=. ‡. §",NA,"Census"
"6630","Varicella","UTD (or disease history)","States","Louisiana","2021-22","91.4",66518,100,"*",NA,"Census"
"6631","Varicella","UTD (or disease history)","States","Maine","2021-22","95.5",12881,91.6,"",NA,"Census"
"6632","Varicella","UTD (or disease history)","States","Maryland","2021-22","92.7",53866,98.4,"‡",NA,"Census"
"6633","Varicella","UTD (or disease history)","States","Massachusetts","2021-22","95.7",65582,100,"*. ‡",NA,"Census"
"6634","Varicella","UTD (or disease history)","States","Michigan","2021-22","93.6",114251,100,"*",NA,"Census"
"6635","Varicella","UTD (or disease history)","States","Minnesota","2021-22","88.7",69403,98.7,"",NA,"Census"
"6636","Varicella","UTD (or disease history)","States","Mississippi","2021-22","98.6",36524,100,">=. *",NA,"Census"
"6637","Varicella","UTD (or disease history)","States","Missouri","2021-22","91.2",71034,100,"*",NA,"Census"
"6638","Varicella","UTD (or disease history)","States","Nebraska","2021-22","95.5",25018,99.5,"‡",NA,"Census"
"6639","Varicella","UTD (or disease history)","States","Nevada","2021-22","92.1",36855,99.2,"",NA,"Census (pub.), vol. response (pvt.)"
"6640","Varicella","UTD (or disease history)","States","New Hampshire","2021-22","88.7",12157,100,">=. §. *",NA,"Census"
"6641","Varicella","UTD (or disease history)","States","New Jersey","2021-22","94.1",104240,100,">=. §. *",NA,"Census"
"6642","Varicella","UTD (or disease history)","States","New Mexico","2021-22","93.6",20736,100,"*",NA,"Census"
"6643","Varicella","UTD (or disease history)","States","New York","2021-22","97.4",195377,99.3,"",NA,"Census"
"6644","Varicella","UTD (or disease history)","States","NY-City of New York","2021-22","96.7",82938,99.8,"",NA,"Census"
"6645","Varicella","UTD (or disease history)","States","North Carolina","2021-22","95.9",118191,78.5,"§. ‡",NA,"Vol. response"
"6646","Varicella","UTD (or disease history)","States","North Dakota","2021-22","91.2",10755,96.6,"",NA,"Census"
"6647","Varicella","UTD (or disease history)","States","Ohio","2021-22","87.9",139077,91.9,"",NA,"Census (pub.), vol. response (pvt.)"
"6648","Varicella","UTD (or disease history)","States","Oklahoma","2021-22","95.5",54042,84.3,"‡",NA,"Vol. response"
"6649","Varicella","UTD (or disease history)","States","Oregon","2021-22","94.7",41538,100,"*. ‡",NA,"Census"
"6650","Varicella","UTD (or disease history)","States","Pennsylvania","2021-22","94.8",139558,94.9,"",NA,"Census (pub.), vol. response (pvt.)"
"6651","Varicella","UTD (or disease history)","States","Rhode Island","2021-22","97.0",11002,96.9,"‡. §",NA,"Census"
"6652","Varicella","UTD (or disease history)","States","South Carolina","2021-22","92.4",58276,27.2,"†",NA,"1-stage cluster sample"
"6653","Varicella","UTD (or disease history)","States","South Dakota","2021-22","91.9",12251,100,"*",NA,"Census"
"6654","Varicella","UTD (or disease history)","States","Tennessee","2021-22","95.4",79120,100,"§. *",NA,"Census"
"6655","Varicella","UTD (or disease history)","States","Texas","2021-22","93.5",389037,99.3,"‡. §",NA,"Census"
"6656","Varicella","UTD (or disease history)","States","TX-City of Houston","2021-22","87.8",40123,99.3,"‡. §",NA,"Census"
"6657","Varicella","UTD (or disease history)","States","Utah","2021-22","92.8",48995,100,"*",NA,"Census"
"6658","Varicella","UTD (or disease history)","States","Vermont","2021-22","92.6",6126,100,"*",NA,"Census"
"6659","Varicella","UTD (or disease history)","States","Virginia","2021-22","94.9",95996,2.8,"†",NA,"Stratified 2-stage cluster sample"
"6660","Varicella","UTD (or disease history)","States","Washington","2021-22","91.3",87256,97.3,"§",NA,"Census (pub.), vol. response (pvt.)"
"6661","Varicella","UTD (or disease history)","States","West Virginia","2021-22","98.0",18070,85.5,"‡. §",NA,"Vol. response"
"6662","Varicella","UTD (or disease history)","States","Wisconsin","2021-22","82.6",64275,96.8,">=. ‡",NA,"Census (pub.), vol. response (pvt.)"
"6663","Varicella","UTD (or disease history)","States","Wyoming","2021-22","93.6",7382,100,"*",NA,"Census"
"6664","Varicella","UTD (or disease history)","National","United States","2020-21","93.6",3510744,90.8,"",NA,""
"6665","Varicella","UTD (or disease history)","National","U.S. Median","2020-21","93.7",3510744,90,"",NA,""
"6666","Varicella","UTD (or disease history)","National","United States","2021-22","92.8",3835130,92.2,"",NA,""
"6667","Varicella","UTD (or disease history)","National","U.S. Median","2021-22","92.6",3835130,92.2,"",NA,""
"6668","MMR","","States","Alabama","2023-24","93.8",54565,100,">=. *",NA,"Census"
"6669","MMR","","States","Alaska","2023-24","84.3",8644,88.9,"¶",NA,"Census (pub.), not conducted (prv.)"
"6670","MMR","","States","Arizona","2023-24","89.3",74834,99.6,"",NA,"Census"
"6671","MMR","","States","Arkansas","2023-24","92.5",37535,95.4,"",NA,"Census (pub.), vol. response (prv.)"
"6672","MMR","","States","California","2023-24","96.2",569680,100,"*. ‡",NA,"Census"
"6673","MMR","","States","Colorado","2023-24","88.3",61662,100,"*",NA,"Census"
"6674","MMR","","States","Connecticut","2023-24","97.7",36184,100,"*",NA,"Census"
"6675","MMR","","States","Delaware","2023-24","93.8",11043,12.1,">=. ‡",NA,"Stratified 2-stage cluster sample"
"6676","MMR","","States","District of Columbia","2023-24","92.0",7874,100,"*",NA,"Census"
"6677","MMR","","States","Florida","2023-24","88.1",228213,100,">=. *",NA,"Census"
"6678","MMR","","States","Georgia","2023-24","88.4",136943,100,">=. *",NA,"Census"
"6679","MMR","","States","Hawaii","2023-24","89.8",13995,8.2,"",NA,"Stratified 2-stage cluster sample"
"6680","MMR","","States","Idaho","2023-24","79.6",22376,100,"*",NA,"Census"
"6681","MMR","","States","Illinois","2023-24","91.6",133578,100,"*",NA,"Census"
"6682","MMR","","States","Indiana","2023-24","90.8",80639,88.5,"§",NA,"Census (pub.), vol. response (prv.)"
"6683","MMR","","States","Iowa","2023-24","89.1",38611,100,">=. *",NA,"Census"
"6684","MMR","","States","Kansas","2023-24","90.4",34178,37.1,"†. ‡. §",NA,"Stratified 2-stage cluster sample"
"6685","MMR","","States","Kentucky","2023-24","90.0",52609,100,">=. *. ‡. §",NA,"Census"
"6686","MMR","","States","Louisiana","2023-24","92.4",51839,100,"*",NA,"Census"
"6687","MMR","","States","Maine","2023-24","97.5",12087,93,"",NA,"Census"
"6688","MMR","","States","Maryland","2023-24","96.6",63224,100,">=. *. ‡",NA,"Census"
"6689","MMR","","States","Massachusetts","2023-24","96.3",65424,100,"*. ‡",NA,"Census"
"6690","MMR","","States","Michigan","2023-24","92.1",110156,100,"*",NA,"Census"
"6691","MMR","","States","Minnesota","2023-24","87.0",66032,99.1,"",NA,"Census"
"6692","MMR","","States","Mississippi","2023-24","97.5",36105,100,">=. *",NA,"Census"
"6693","MMR","","States","Missouri","2023-24","90.4",69014,100,"*",NA,"Census"
"6694","MMR","","States","Nebraska","2023-24","93.9",23118,100,"*. ‡",NA,"Census"
"6695","MMR","","States","Nevada","2023-24","91.9",31261,91.3,"",NA,"Census"
"6696","MMR","","States","New Hampshire","2023-24","89.2",11871,100,">=. §. *",NA,"Census"
"6697","MMR","","States","New Jersey","2023-24","93.2",105408,100,">=. §. *",NA,"Census"
"6698","MMR","","States","New Mexico","2023-24","95.0",20699,100,"*",NA,"Census"
"6699","MMR","","States","New York","2023-24","97.7",200894,98.8,"",NA,"Census"
"6700","MMR","","States","NY-City of New York","2023-24","96.7",85360,99.3,"",NA,"Census"
"6701","MMR","","States","North Carolina","2023-24","93.8",125964,90.8,"§",NA,"Census (pub.), vol. response (prv.)"
"6702","MMR","","States","North Dakota","2023-24","90.9",9708,97.5,"",NA,"Census"
"6703","MMR","","States","Ohio","2023-24","89.2",133716,94,"",NA,"Census (pub.), vol. response (prv.)"
"6704","MMR","","States","Oklahoma","2023-24","88.3",49979,93.8,"‡",NA,"Census (pub.), vol. response (prv.)"
"6705","MMR","","States","Oregon","2023-24","91.2",39568,100,"*. ‡",NA,"Census"
"6706","MMR","","States","Pennsylvania","2023-24","93.5",137593,96.5,"",NA,"Census"
"6707","MMR","","States","Rhode Island","2023-24","97.1",10539,97.8,"‡. §",NA,"Census"
"6708","MMR","","States","South Carolina","2023-24","92.1",58069,26.7,"†",NA,"Stratified 1-stage cluster sample"
"6709","MMR","","States","South Dakota","2023-24","90.8",11744,99.8,"§",NA,"Census"
"6710","MMR","","States","Tennessee","2023-24","95.1",79323,95.8,"§",NA,"Census"
"6711","MMR","","States","Texas","2023-24","94.3",381421,92.4,"‡. §",NA,"Census (pub.), vol. response (prv.)"
"6712","MMR","","States","Utah","2023-24","88.8",46228,100,"*",NA,"Census"
"6713","MMR","","States","Vermont","2023-24","92.9",5630,100,"*",NA,"Census"
"6714","MMR","","States","Virginia","2023-24","94.2",92633,1.9,"†",NA,"Stratified 2-stage cluster sample"
"6715","MMR","","States","Washington","2023-24","91.3",84053,97.2,"§",NA,"Census"
"6716","MMR","","States","West Virginia","2023-24","98.3",18261,82.8,"‡. §",NA,"Vol. response"
"6717","MMR","","States","Wisconsin","2023-24","84.8",62028,98.2,"‡. §",NA,"Census"
"6718","MMR","","States","Wyoming","2023-24","93.5",6754,100,"*",NA,"Census"
"6719","DTP, DTaP, or DT","","States","Alabama","2023-24","93.8",54565,100,">=. *",NA,"Census"
"6720","DTP, DTaP, or DT","","States","Alaska","2023-24","83.8",8644,88.9,"¶",NA,"Census (pub.), not conducted (prv.)"
"6721","DTP, DTaP, or DT","","States","Arizona","2023-24","89.4",74834,99.6,"",NA,"Census"
"6722","DTP, DTaP, or DT","","States","Arkansas","2023-24","91.4",37535,95.4,"",NA,"Census (pub.), vol. response (prv.)"
"6723","DTP, DTaP, or DT","","States","California","2023-24","95.4",569680,100,"*. ‡",NA,"Census"
"6724","DTP, DTaP, or DT","","States","Colorado","2023-24","87.9",61662,100,"*",NA,"Census"
"6725","DTP, DTaP, or DT","","States","Connecticut","2023-24","97.6",36184,100,"*",NA,"Census"
"6726","DTP, DTaP, or DT","","States","Delaware","2023-24","93.8",11043,12.1,">=. ‡",NA,"Stratified 2-stage cluster sample"
"6727","DTP, DTaP, or DT","","States","District of Columbia","2023-24","92.0",7874,100,"*",NA,"Census"
"6728","DTP, DTaP, or DT","","States","Florida","2023-24","88.1",228213,100,">=. *",NA,"Census"
"6729","DTP, DTaP, or DT","","States","Georgia","2023-24","88.4",136943,100,">=. *",NA,"Census"
"6730","DTP, DTaP, or DT","","States","Hawaii","2023-24","89.4",13995,8.2,"",NA,"Stratified 2-stage cluster sample"
"6731","DTP, DTaP, or DT","","States","Idaho","2023-24","79.5",22376,100,"*",NA,"Census"
"6732","DTP, DTaP, or DT","","States","Illinois","2023-24","91.2",133578,100,"*",NA,"Census"
"6733","DTP, DTaP, or DT","","States","Indiana","2023-24","81.8",80639,88.5,"§",NA,"Census (pub.), vol. response (prv.)"
"6734","DTP, DTaP, or DT","","States","Iowa","2023-24","89.1",38611,100,">=. *",NA,"Census"
"6735","DTP, DTaP, or DT","","States","Kansas","2023-24","90.1",34178,37.1,"†. ‡. §",NA,"Stratified 2-stage cluster sample"
"6736","DTP, DTaP, or DT","","States","Kentucky","2023-24","91.0",52609,100,">=. *. ‡. §",NA,"Census"
"6737","DTP, DTaP, or DT","","States","Louisiana","2023-24","90.5",51839,100,"*",NA,"Census"
"6738","DTP, DTaP, or DT","","States","Maine","2023-24","96.9",12087,93,"",NA,"Census"
"6739","DTP, DTaP, or DT","","States","Maryland","2023-24","96.8",63224,100,">=. *. ‡",NA,"Census"
"6740","DTP, DTaP, or DT","","States","Massachusetts","2023-24","96.0",65424,100,"*. ‡",NA,"Census"
"6741","DTP, DTaP, or DT","","States","Michigan","2023-24","92.1",110156,100,"*",NA,"Census"
"6742","DTP, DTaP, or DT","","States","Minnesota","2023-24","87.4",66032,99.1,"",NA,"Census"
"6743","DTP, DTaP, or DT","","States","Mississippi","2023-24","97.5",36105,100,">=. *",NA,"Census"
"6744","DTP, DTaP, or DT","","States","Missouri","2023-24","90.5",69014,100,"*",NA,"Census"
"6745","DTP, DTaP, or DT","","States","Nebraska","2023-24","95.2",23118,100,"*. ‡",NA,"Census"
"6746","DTP, DTaP, or DT","","States","Nevada","2023-24","91.1",31261,91.3,"",NA,"Census"
"6747","DTP, DTaP, or DT","","States","New Hampshire","2023-24","89.2",11871,100,">=. §. *",NA,"Census"
"6748","DTP, DTaP, or DT","","States","New Jersey","2023-24","93.2",105408,100,">=. §. *",NA,"Census"
"6749","DTP, DTaP, or DT","","States","New Mexico","2023-24","94.8",20699,100,"*",NA,"Census"
"6750","DTP, DTaP, or DT","","States","New York","2023-24","96.8",200894,98.8,"",NA,"Census"
"6751","DTP, DTaP, or DT","","States","NY-City of New York","2023-24","95.3",85360,99.3,"",NA,"Census"
"6752","DTP, DTaP, or DT","","States","North Carolina","2023-24","93.5",125964,90.8,"§",NA,"Census (pub.), vol. response (prv.)"
"6753","DTP, DTaP, or DT","","States","North Dakota","2023-24","90.5",9708,97.5,"",NA,"Census"
"6754","DTP, DTaP, or DT","","States","Ohio","2023-24","89.3",133716,94,"",NA,"Census (pub.), vol. response (prv.)"
"6755","DTP, DTaP, or DT","","States","Oklahoma","2023-24","89.0",49979,93.8,"‡",NA,"Census (pub.), vol. response (prv.)"
"6756","DTP, DTaP, or DT","","States","Oregon","2023-24","90.5",39568,100,"*. ‡",NA,"Census"
"6757","DTP, DTaP, or DT","","States","Pennsylvania","2023-24","93.8",137593,96.5,"",NA,"Census"
"6758","DTP, DTaP, or DT","","States","Rhode Island","2023-24","96.9",10539,97.8,"‡. §",NA,"Census"
"6759","DTP, DTaP, or DT","","States","South Carolina","2023-24","92.3",58069,26.7,"†",NA,"Stratified 1-stage cluster sample"
"6760","DTP, DTaP, or DT","","States","South Dakota","2023-24","90.6",11744,99.8,"§",NA,"Census"
"6761","DTP, DTaP, or DT","","States","Tennessee","2023-24","94.6",79323,95.8,"§",NA,"Census"
"6762","DTP, DTaP, or DT","","States","Texas","2023-24","94.0",381421,92.4,"‡. §",NA,"Census (pub.), vol. response (prv.)"
"6763","DTP, DTaP, or DT","","States","Utah","2023-24","88.5",46228,100,"*",NA,"Census"
"6764","DTP, DTaP, or DT","","States","Vermont","2023-24","92.7",5630,100,"*",NA,"Census"
"6765","DTP, DTaP, or DT","","States","Virginia","2023-24","96.2",92633,1.9,"†",NA,"Stratified 2-stage cluster sample"
"6766","DTP, DTaP, or DT","","States","Washington","2023-24","90.2",84053,97.2,"§",NA,"Census"
"6767","DTP, DTaP, or DT","","States","West Virginia","2023-24","98.4",18261,82.8,"‡. §",NA,"Vol. response"
"6768","DTP, DTaP, or DT","","States","Wisconsin","2023-24","85.7",62028,98.2,"‡. §",NA,"Census"
"6769","DTP, DTaP, or DT","","States","Wyoming","2023-24","92.2",6754,100,"*",NA,"Census"
"6770","Varicella","1 Dose (or disease history)","States","Alabama","2023-24","93.8",54565,100,">=. *",NA,"Census"
"6771","Varicella","1 Dose (or disease history)","States","Alaska","2023-24","NReq",8644,88.9,"¶",NA,"Census (pub.), not conducted (prv.)"
"6772","Varicella","1 Dose (or disease history)","States","Arizona","2023-24","94.1",74834,99.6,"",NA,"Census"
"6773","Varicella","1 Dose (or disease history)","States","Arkansas","2023-24","NReq",37535,95.4,"",NA,"Census (pub.), vol. response (prv.)"
"6774","Varicella","1 Dose (or disease history)","States","California","2023-24","NReq",569680,100,"*. ‡",NA,"Census"
"6775","Varicella","1 Dose (or disease history)","States","Colorado","2023-24","NReq",61662,100,"*",NA,"Census"
"6776","Varicella","1 Dose (or disease history)","States","Connecticut","2023-24","NReq",36184,100,"*",NA,"Census"
"6777","Varicella","1 Dose (or disease history)","States","Delaware","2023-24","NReq",11043,12.1,">=. ‡",NA,"Stratified 2-stage cluster sample"
"6778","Varicella","1 Dose (or disease history)","States","District of Columbia","2023-24","NReq",7874,100,"*",NA,"Census"
"6779","Varicella","1 Dose (or disease history)","States","Florida","2023-24","NReq",228213,100,">=. *",NA,"Census"
"6780","Varicella","1 Dose (or disease history)","States","Georgia","2023-24","NReq",136943,100,">=. *",NA,"Census"
"6781","Varicella","1 Dose (or disease history)","States","Hawaii","2023-24","NReq",13995,8.2,"",NA,"Stratified 2-stage cluster sample"
"6782","Varicella","1 Dose (or disease history)","States","Idaho","2023-24","NReq",22376,100,"*",NA,"Census"
"6783","Varicella","1 Dose (or disease history)","States","Illinois","2023-24","NReq",133578,100,"*",NA,"Census"
"6784","Varicella","1 Dose (or disease history)","States","Indiana","2023-24","NReq",80639,88.5,"§",NA,"Census (pub.), vol. response (prv.)"
"6785","Varicella","1 Dose (or disease history)","States","Iowa","2023-24","NReq",38611,100,">=. *",NA,"Census"
"6786","Varicella","1 Dose (or disease history)","States","Kansas","2023-24","NReq",34178,37.1,"†. ‡. §",NA,"Stratified 2-stage cluster sample"
"6787","Varicella","1 Dose (or disease history)","States","Kentucky","2023-24","NReq",52609,100,">=. *. ‡. §",NA,"Census"
"6788","Varicella","1 Dose (or disease history)","States","Louisiana","2023-24","NReq",51839,100,"*",NA,"Census"
"6789","Varicella","1 Dose (or disease history)","States","Maine","2023-24","NReq",12087,93,"",NA,"Census"
"6790","Varicella","1 Dose (or disease history)","States","Maryland","2023-24","NReq",63224,100,">=. *. ‡",NA,"Census"
"6791","Varicella","1 Dose (or disease history)","States","Massachusetts","2023-24","NReq",65424,100,"*. ‡",NA,"Census"
"6792","Varicella","1 Dose (or disease history)","States","Michigan","2023-24","NReq",110156,100,"*",NA,"Census"
"6793","Varicella","1 Dose (or disease history)","States","Minnesota","2023-24","NReq",66032,99.1,"",NA,"Census"
"6794","Varicella","1 Dose (or disease history)","States","Mississippi","2023-24","NReq",36105,100,">=. *",NA,"Census"
"6795","Varicella","1 Dose (or disease history)","States","Missouri","2023-24","NReq",69014,100,"*",NA,"Census"
"6796","Varicella","1 Dose (or disease history)","States","Nebraska","2023-24","NReq",23118,100,"*. ‡",NA,"Census"
"6797","Varicella","1 Dose (or disease history)","States","Nevada","2023-24","NReq",31261,91.3,"",NA,"Census"
"6798","Varicella","1 Dose (or disease history)","States","New Hampshire","2023-24","NReq",11871,100,">=. §. *",NA,"Census"
"6799","Varicella","1 Dose (or disease history)","States","New Jersey","2023-24","93.2",105408,100,">=. §. *",NA,"Census"
"6800","Varicella","1 Dose (or disease history)","States","New Mexico","2023-24","NReq",20699,100,"*",NA,"Census"
"6801","Varicella","1 Dose (or disease history)","States","New York","2023-24","NReq",200894,98.8,"",NA,"Census"
"6802","Varicella","1 Dose (or disease history)","States","NY-City of New York","2023-24","NReq",85360,99.3,"",NA,"Census"
"6803","Varicella","1 Dose (or disease history)","States","North Carolina","2023-24","NReq",125964,90.8,"§",NA,"Census (pub.), vol. response (prv.)"
"6804","Varicella","1 Dose (or disease history)","States","North Dakota","2023-24","NReq",9708,97.5,"",NA,"Census"
"6805","Varicella","1 Dose (or disease history)","States","Ohio","2023-24","NReq",133716,94,"",NA,"Census (pub.), vol. response (prv.)"
"6806","Varicella","1 Dose (or disease history)","States","Oklahoma","2023-24","93.7",49979,93.8,"‡",NA,"Census (pub.), vol. response (prv.)"
"6807","Varicella","1 Dose (or disease history)","States","Oregon","2023-24","93.9",39568,100,"*. ‡",NA,"Census"
"6808","Varicella","1 Dose (or disease history)","States","Pennsylvania","2023-24","NReq",137593,96.5,"",NA,"Census"
"6809","Varicella","1 Dose (or disease history)","States","Rhode Island","2023-24","NReq",10539,97.8,"‡. §",NA,"Census"
"6810","Varicella","1 Dose (or disease history)","States","South Carolina","2023-24","NReq",58069,26.7,"†",NA,"Stratified 1-stage cluster sample"
"6811","Varicella","1 Dose (or disease history)","States","South Dakota","2023-24","NReq",11744,99.8,"§",NA,"Census"
"6812","Varicella","1 Dose (or disease history)","States","Tennessee","2023-24","NReq",79323,95.8,"§",NA,"Census"
"6813","Varicella","1 Dose (or disease history)","States","Texas","2023-24","NReq",381421,92.4,"‡. §",NA,"Census (pub.), vol. response (prv.)"
"6814","Varicella","1 Dose (or disease history)","States","Utah","2023-24","NReq",46228,100,"*",NA,"Census"
"6815","Varicella","1 Dose (or disease history)","States","Vermont","2023-24","NReq",5630,100,"*",NA,"Census"
"6816","Varicella","1 Dose (or disease history)","States","Virginia","2023-24","NReq",92633,1.9,"†",NA,"Stratified 2-stage cluster sample"
"6817","Varicella","1 Dose (or disease history)","States","Washington","2023-24","NReq",84053,97.2,"§",NA,"Census"
"6818","Varicella","1 Dose (or disease history)","States","West Virginia","2023-24","NReq",18261,82.8,"‡. §",NA,"Vol. response"
"6819","Varicella","1 Dose (or disease history)","States","Wisconsin","2023-24","NReq",62028,98.2,"‡. §",NA,"Census"
"6820","Varicella","1 Dose (or disease history)","States","Wyoming","2023-24","93.5",6754,100,"*",NA,"Census"
"6821","Varicella","2 Doses (or disease history)","States","Alabama","2023-24","NReq",54565,100,">=. *",NA,"Census"
"6822","Varicella","2 Doses (or disease history)","States","Alaska","2023-24","82.6",8644,88.9,"¶",NA,"Census (pub.), not conducted (prv.)"
"6823","Varicella","2 Doses (or disease history)","States","Arizona","2023-24","NReq",74834,99.6,"",NA,"Census"
"6824","Varicella","2 Doses (or disease history)","States","Arkansas","2023-24","92.0",37535,95.4,"",NA,"Census (pub.), vol. response (prv.)"
"6825","Varicella","2 Doses (or disease history)","States","California","2023-24","95.7",569680,100,"*. ‡",NA,"Census"
"6826","Varicella","2 Doses (or disease history)","States","Colorado","2023-24","87.3",61662,100,"*",NA,"Census"
"6827","Varicella","2 Doses (or disease history)","States","Connecticut","2023-24","97.5",36184,100,"*",NA,"Census"
"6828","Varicella","2 Doses (or disease history)","States","Delaware","2023-24","93.8",11043,12.1,">=. ‡",NA,"Stratified 2-stage cluster sample"
"6829","Varicella","2 Doses (or disease history)","States","District of Columbia","2023-24","91.3",7874,100,"*",NA,"Census"
"6830","Varicella","2 Doses (or disease history)","States","Florida","2023-24","88.1",228213,100,">=. *",NA,"Census"
"6831","Varicella","2 Doses (or disease history)","States","Georgia","2023-24","88.4",136943,100,">=. *",NA,"Census"
"6832","Varicella","2 Doses (or disease history)","States","Hawaii","2023-24","89.1",13995,8.2,"",NA,"Stratified 2-stage cluster sample"
"6833","Varicella","2 Doses (or disease history)","States","Idaho","2023-24","79.1",22376,100,"*",NA,"Census"
"6834","Varicella","2 Doses (or disease history)","States","Illinois","2023-24","91.1",133578,100,"*",NA,"Census"
"6835","Varicella","2 Doses (or disease history)","States","Indiana","2023-24","90.3",80639,88.5,"§",NA,"Census (pub.), vol. response (prv.)"
"6836","Varicella","2 Doses (or disease history)","States","Iowa","2023-24","89.1",38611,100,">=. *",NA,"Census"
"6837","Varicella","2 Doses (or disease history)","States","Kansas","2023-24","89.5",34178,37.1,"†. ‡. §",NA,"Stratified 2-stage cluster sample"
"6838","Varicella","2 Doses (or disease history)","States","Kentucky","2023-24","89.4",52609,100,">=. *. ‡. §",NA,"Census"
"6839","Varicella","2 Doses (or disease history)","States","Louisiana","2023-24","90.9",51839,100,"*",NA,"Census"
"6840","Varicella","2 Doses (or disease history)","States","Maine","2023-24","97.1",12087,93,"",NA,"Census"
"6841","Varicella","2 Doses (or disease history)","States","Maryland","2023-24","96.2",63224,100,">=. *. ‡",NA,"Census"
"6842","Varicella","2 Doses (or disease history)","States","Massachusetts","2023-24","95.7",65424,100,"*. ‡",NA,"Census"
"6843","Varicella","2 Doses (or disease history)","States","Michigan","2023-24","91.7",110156,100,"*",NA,"Census"
"6844","Varicella","2 Doses (or disease history)","States","Minnesota","2023-24","87.2",66032,99.1,"",NA,"Census"
"6845","Varicella","2 Doses (or disease history)","States","Mississippi","2023-24","97.5",36105,100,">=. *",NA,"Census"
"6846","Varicella","2 Doses (or disease history)","States","Missouri","2023-24","89.9",69014,100,"*",NA,"Census"
"6847","Varicella","2 Doses (or disease history)","States","Nebraska","2023-24","91.2",23118,100,"*. ‡",NA,"Census"
"6848","Varicella","2 Doses (or disease history)","States","Nevada","2023-24","91.2",31261,91.3,"",NA,"Census"
"6849","Varicella","2 Doses (or disease history)","States","New Hampshire","2023-24","89.2",11871,100,">=. §. *",NA,"Census"
"6850","Varicella","2 Doses (or disease history)","States","New Jersey","2023-24","NReq",105408,100,">=. §. *",NA,"Census"
"6851","Varicella","2 Doses (or disease history)","States","New Mexico","2023-24","94.4",20699,100,"*",NA,"Census"
"6852","Varicella","2 Doses (or disease history)","States","New York","2023-24","97.1",200894,98.8,"",NA,"Census"
"6853","Varicella","2 Doses (or disease history)","States","NY-City of New York","2023-24","95.9",85360,99.3,"",NA,"Census"
"6854","Varicella","2 Doses (or disease history)","States","North Carolina","2023-24","93.3",125964,90.8,"§",NA,"Census (pub.), vol. response (prv.)"
"6855","Varicella","2 Doses (or disease history)","States","North Dakota","2023-24","90.7",9708,97.5,"",NA,"Census"
"6856","Varicella","2 Doses (or disease history)","States","Ohio","2023-24","88.5",133716,94,"",NA,"Census (pub.), vol. response (prv.)"
"6857","Varicella","2 Doses (or disease history)","States","Oklahoma","2023-24","NReq",49979,93.8,"‡",NA,"Census (pub.), vol. response (prv.)"
"6858","Varicella","2 Doses (or disease history)","States","Oregon","2023-24","NReq",39568,100,"*. ‡",NA,"Census"
"6859","Varicella","2 Doses (or disease history)","States","Pennsylvania","2023-24","93.2",137593,96.5,"",NA,"Census"
"6860","Varicella","2 Doses (or disease history)","States","Rhode Island","2023-24","96.6",10539,97.8,"‡. §",NA,"Census"
"6861","Varicella","2 Doses (or disease history)","States","South Carolina","2023-24","91.8",58069,26.7,"†",NA,"Stratified 1-stage cluster sample"
"6862","Varicella","2 Doses (or disease history)","States","South Dakota","2023-24","90.3",11744,99.8,"§",NA,"Census"
"6863","Varicella","2 Doses (or disease history)","States","Tennessee","2023-24","94.6",79323,95.8,"§",NA,"Census"
"6864","Varicella","2 Doses (or disease history)","States","Texas","2023-24","93.7",381421,92.4,"‡. §",NA,"Census (pub.), vol. response (prv.)"
"6865","Varicella","2 Doses (or disease history)","States","Utah","2023-24","88.2",46228,100,"*",NA,"Census"
"6866","Varicella","2 Doses (or disease history)","States","Vermont","2023-24","92.5",5630,100,"*",NA,"Census"
"6867","Varicella","2 Doses (or disease history)","States","Virginia","2023-24","93.1",92633,1.9,"†",NA,"Stratified 2-stage cluster sample"
"6868","Varicella","2 Doses (or disease history)","States","Washington","2023-24","90.0",84053,97.2,"§",NA,"Census"
"6869","Varicella","2 Doses (or disease history)","States","West Virginia","2023-24","99.7",18261,82.8,"‡. §",NA,"Vol. response"
"6870","Varicella","2 Doses (or disease history)","States","Wisconsin","2023-24","84.3",62028,98.2,"‡. §",NA,"Census"
"6871","Varicella","2 Doses (or disease history)","States","Wyoming","2023-24","NReq",6754,100,"*",NA,"Census"
"6872","Hepatitis B","","States","Alabama","2023-24","NReq",54565,100,">=. *",NA,"Census"
"6873","Hepatitis B","","States","Alaska","2023-24","85.6",8644,88.9,"¶",NA,"Census (pub.), not conducted (prv.)"
"6874","Hepatitis B","","States","Arizona","2023-24","92.8",74834,99.6,"",NA,"Census"
"6875","Hepatitis B","","States","Arkansas","2023-24","94.9",37535,95.4,"",NA,"Census (pub.), vol. response (prv.)"
"6876","Hepatitis B","","States","California","2023-24","97.2",569680,100,"*. ‡",NA,"Census"
"6877","Hepatitis B","","States","Colorado","2023-24","91.1",61662,100,"*",NA,"Census"
"6878","Hepatitis B","","States","Connecticut","2023-24","98.4",36184,100,"*",NA,"Census"
"6879","Hepatitis B","","States","Delaware","2023-24","93.8",11043,12.1,">=. ‡",NA,"Stratified 2-stage cluster sample"
"6880","Hepatitis B","","States","District of Columbia","2023-24","93.9",7874,100,"*",NA,"Census"
"6881","Hepatitis B","","States","Florida","2023-24","88.1",228213,100,">=. *",NA,"Census"
"6882","Hepatitis B","","States","Georgia","2023-24","88.4",136943,100,">=. *",NA,"Census"
"6883","Hepatitis B","","States","Hawaii","2023-24","91.1",13995,8.2,"",NA,"Stratified 2-stage cluster sample"
"6884","Hepatitis B","","States","Idaho","2023-24","84.8",22376,100,"*",NA,"Census"
"6885","Hepatitis B","","States","Illinois","2023-24","NReq",133578,100,"*",NA,"Census"
"6886","Hepatitis B","","States","Indiana","2023-24","93.3",80639,88.5,"§",NA,"Census (pub.), vol. response (prv.)"
"6887","Hepatitis B","","States","Iowa","2023-24","89.1",38611,100,">=. *",NA,"Census"
"6888","Hepatitis B","","States","Kansas","2023-24","96.1",34178,37.1,"†. ‡. §",NA,"Stratified 2-stage cluster sample"
"6889","Hepatitis B","","States","Kentucky","2023-24","90.8",52609,100,">=. *. ‡. §",NA,"Census"
"6890","Hepatitis B","","States","Louisiana","2023-24","95.9",51839,100,"*",NA,"Census"
"6891","Hepatitis B","","States","Maine","2023-24","Nreq",12087,93,"",NA,"Census"
"6892","Hepatitis B","","States","Maryland","2023-24","96.9",63224,100,">=. *. ‡",NA,"Census"
"6893","Hepatitis B","","States","Massachusetts","2023-24","97.3",65424,100,"*. ‡",NA,"Census"
"6894","Hepatitis B","","States","Michigan","2023-24","94.8",110156,100,"*",NA,"Census"
"6895","Hepatitis B","","States","Minnesota","2023-24","92.4",66032,99.1,"",NA,"Census"
"6896","Hepatitis B","","States","Mississippi","2023-24","97.5",36105,100,">=. *",NA,"Census"
"6897","Hepatitis B","","States","Missouri","2023-24","93.3",69014,100,"*",NA,"Census"
"6898","Hepatitis B","","States","Nebraska","2023-24","95.7",23118,100,"*. ‡",NA,"Census"
"6899","Hepatitis B","","States","Nevada","2023-24","93.4",31261,91.3,"",NA,"Census"
"6900","Hepatitis B","","States","New Hampshire","2023-24","89.2",11871,100,">=. §. *",NA,"Census"
"6901","Hepatitis B","","States","New Jersey","2023-24","93.2",105408,100,">=. §. *",NA,"Census"
"6902","Hepatitis B","","States","New Mexico","2023-24","96.7",20699,100,"*",NA,"Census"
"6903","Hepatitis B","","States","New York","2023-24","98.3",200894,98.8,"",NA,"Census"
"6904","Hepatitis B","","States","NY-City of New York","2023-24","97.5",85360,99.3,"",NA,"Census"
"6905","Hepatitis B","","States","North Carolina","2023-24","94.8",125964,90.8,"§",NA,"Census (pub.), vol. response (prv.)"
"6906","Hepatitis B","","States","North Dakota","2023-24","93.3",9708,97.5,"",NA,"Census"
"6907","Hepatitis B","","States","Ohio","2023-24","93.0",133716,94,"",NA,"Census (pub.), vol. response (prv.)"
"6908","Hepatitis B","","States","Oklahoma","2023-24","93.1",49979,93.8,"‡",NA,"Census (pub.), vol. response (prv.)"
"6909","Hepatitis B","","States","Oregon","2023-24","92.9",39568,100,"*. ‡",NA,"Census"
"6910","Hepatitis B","","States","Pennsylvania","2023-24","94.8",137593,96.5,"",NA,"Census"
"6911","Hepatitis B","","States","Rhode Island","2023-24","97.9",10539,97.8,"‡. §",NA,"Census"
"6912","Hepatitis B","","States","South Carolina","2023-24","92.8",58069,26.7,"†",NA,"Stratified 1-stage cluster sample"
"6913","Hepatitis B","","States","South Dakota","2023-24","94.1",11744,99.8,"§",NA,"Census"
"6914","Hepatitis B","","States","Tennessee","2023-24","95.3",79323,95.8,"§",NA,"Census"
"6915","Hepatitis B","","States","Texas","2023-24","95.7",381421,92.4,"‡. §",NA,"Census (pub.), vol. response (prv.)"
"6916","Hepatitis B","","States","Utah","2023-24","90.9",46228,100,"*",NA,"Census"
"6917","Hepatitis B","","States","Vermont","2023-24","95.2",5630,100,"*",NA,"Census"
"6918","Hepatitis B","","States","Virginia","2023-24","93.7",92633,1.9,"†",NA,"Stratified 2-stage cluster sample"
"6919","Hepatitis B","","States","Washington","2023-24","92.8",84053,97.2,"§",NA,"Census"
"6920","Hepatitis B","","States","West Virginia","2023-24","98.8",18261,82.8,"‡. §",NA,"Vol. response"
"6921","Hepatitis B","","States","Wisconsin","2023-24","91.7",62028,98.2,"‡. §",NA,"Census"
"6922","Hepatitis B","","States","Wyoming","2023-24","93.6",6754,100,"*",NA,"Census"
"6923","Polio","","States","Alabama","2023-24","93.8",54565,100,">=. *",NA,"Census"
"6924","Polio","","States","Alaska","2023-24","84.4",8644,88.9,"¶",NA,"Census (pub.), not conducted (prv.)"
"6925","Polio","","States","Arizona","2023-24","90.0",74834,99.6,"",NA,"Census"
"6926","Polio","","States","Arkansas","2023-24","91.4",37535,95.4,"",NA,"Census (pub.), vol. response (prv.)"
"6927","Polio","","States","California","2023-24","96.1",569680,100,"*. ‡",NA,"Census"
"6928","Polio","","States","Colorado","2023-24","87.9",61662,100,"*",NA,"Census"
"6929","Polio","","States","Connecticut","2023-24","97.8",36184,100,"*",NA,"Census"
"6930","Polio","","States","Delaware","2023-24","93.8",11043,12.1,">=. ‡",NA,"Stratified 2-stage cluster sample"
"6931","Polio","","States","District of Columbia","2023-24","89.4",7874,100,"*",NA,"Census"
"6932","Polio","","States","Florida","2023-24","88.1",228213,100,">=. *",NA,"Census"
"6933","Polio","","States","Georgia","2023-24","88.4",136943,100,">=. *",NA,"Census"
"6934","Polio","","States","Hawaii","2023-24","90.2",13995,8.2,"",NA,"Stratified 2-stage cluster sample"
"6935","Polio","","States","Idaho","2023-24","80.1",22376,100,"*",NA,"Census"
"6936","Polio","","States","Illinois","2023-24","91.5",133578,100,"*",NA,"Census"
"6937","Polio","","States","Indiana","2023-24","87.6",80639,88.5,"§",NA,"Census (pub.), vol. response (prv.)"
"6938","Polio","","States","Iowa","2023-24","89.1",38611,100,">=. *",NA,"Census"
"6939","Polio","","States","Kansas","2023-24","91.6",34178,37.1,"†. ‡. §",NA,"Stratified 2-stage cluster sample"
"6940","Polio","","States","Kentucky","2023-24","91.7",52609,100,">=. *. ‡. §",NA,"Census"
"6941","Polio","","States","Louisiana","2023-24","95.0",51839,100,"*",NA,"Census"
"6942","Polio","","States","Maine","2023-24","97.4",12087,93,"",NA,"Census"
"6943","Polio","","States","Maryland","2023-24","97.0",63224,100,">=. *. ‡",NA,"Census"
"6944","Polio","","States","Massachusetts","2023-24","96.2",65424,100,"*. ‡",NA,"Census"
"6945","Polio","","States","Michigan","2023-24","92.7",110156,100,"*",NA,"Census"
"6946","Polio","","States","Minnesota","2023-24","88.1",66032,99.1,"",NA,"Census"
"6947","Polio","","States","Mississippi","2023-24","97.5",36105,100,">=. *",NA,"Census"
"6948","Polio","","States","Missouri","2023-24","91.0",69014,100,"*",NA,"Census"
"6949","Polio","","States","Nebraska","2023-24","95.7",23118,100,"*. ‡",NA,"Census"
"6950","Polio","","States","Nevada","2023-24","91.5",31261,91.3,"",NA,"Census"
"6951","Polio","","States","New Hampshire","2023-24","89.2",11871,100,">=. §. *",NA,"Census"
"6952","Polio","","States","New Jersey","2023-24","93.2",105408,100,">=. §. *",NA,"Census"
"6953","Polio","","States","New Mexico","2023-24","95.0",20699,100,"*",NA,"Census"
"6954","Polio","","States","New York","2023-24","97.1",200894,98.8,"",NA,"Census"
"6955","Polio","","States","NY-City of New York","2023-24","95.7",85360,99.3,"",NA,"Census"
"6956","Polio","","States","North Carolina","2023-24","93.8",125964,90.8,"§",NA,"Census (pub.), vol. response (prv.)"
"6957","Polio","","States","North Dakota","2023-24","91.0",9708,97.5,"",NA,"Census"
"6958","Polio","","States","Ohio","2023-24","89.6",133716,94,"",NA,"Census (pub.), vol. response (prv.)"
"6959","Polio","","States","Oklahoma","2023-24","91.4",49979,93.8,"‡",NA,"Census (pub.), vol. response (prv.)"
"6960","Polio","","States","Oregon","2023-24","91.1",39568,100,"*. ‡",NA,"Census"
"6961","Polio","","States","Pennsylvania","2023-24","93.4",137593,96.5,"",NA,"Census"
"6962","Polio","","States","Rhode Island","2023-24","96.7",10539,97.8,"‡. §",NA,"Census"
"6963","Polio","","States","South Carolina","2023-24","92.6",58069,26.7,"†",NA,"Stratified 1-stage cluster sample"
"6964","Polio","","States","South Dakota","2023-24","91.0",11744,99.8,"§",NA,"Census"
"6965","Polio","","States","Tennessee","2023-24","94.6",79323,95.8,"§",NA,"Census"
"6966","Polio","","States","Texas","2023-24","94.2",381421,92.4,"‡. §",NA,"Census (pub.), vol. response (prv.)"
"6967","Polio","","States","Utah","2023-24","88.2",46228,100,"*",NA,"Census"
"6968","Polio","","States","Vermont","2023-24","92.6",5630,100,"*",NA,"Census"
"6969","Polio","","States","Virginia","2023-24","93.0",92633,1.9,"†",NA,"Stratified 2-stage cluster sample"
"6970","Polio","","States","Washington","2023-24","90.4",84053,97.2,"§",NA,"Census"
"6971","Polio","","States","West Virginia","2023-24","98.4",18261,82.8,"‡. §",NA,"Vol. response"
"6972","Polio","","States","Wisconsin","2023-24","86.3",62028,98.2,"‡. §",NA,"Census"
"6973","Polio","","States","Wyoming","2023-24","92.5",6754,100,"*",NA,"Census"
"6974","Exemption","Medical Exemption","States","Alabama","2023-24","0.1",54565,100,"†",44,"Census"
"6975","Exemption","Medical Exemption","States","Alaska","2023-24","0.3",8644,88.9,"†. ‡‡",27,"Census (pub.), not conducted (prv.)"
"6976","Exemption","Medical Exemption","States","Arizona","2023-24","0.4",74834,99.6,"‡",305,"Census"
"6977","Exemption","Medical Exemption","States","Arkansas","2023-24","0.1",37535,95.4,"<",10,"Census (pub.), vol. response (prv.)"
"6978","Exemption","Medical Exemption","States","California","2023-24","0.1",569680,100,"†. ‡",648,"Census"
"6979","Exemption","Medical Exemption","States","Colorado","2023-24","0.2",61662,100,">=. §. ||",105,"Census"
"6980","Exemption","Medical Exemption","States","Connecticut","2023-24","0.4",36184,100,"†",128,"Census"
"6981","Exemption","Medical Exemption","States","Delaware","2023-24","0.1",11043,12.1,"†",8,"Stratified 2-stage cluster sample"
"6982","Exemption","Medical Exemption","States","District of Columbia","2023-24","0.2",7874,100,"†",15,"Census"
"6983","Exemption","Medical Exemption","States","Florida","2023-24","0.3",228213,100,"†",729,"Census"
"6984","Exemption","Medical Exemption","States","Georgia","2023-24","0.1",136943,100,"†",128,"Census"
"6985","Exemption","Medical Exemption","States","Hawaii","2023-24","0.1",13995,8.2,"<. †",0,"Stratified 2-stage cluster sample"
"6986","Exemption","Medical Exemption","States","Idaho","2023-24","0.4",22376,100,"||",91,"Census"
"6987","Exemption","Medical Exemption","States","Illinois","2023-24","0.3",133578,100,">=. †. §",364,"Census"
"6988","Exemption","Medical Exemption","States","Indiana","2023-24","0.1",80639,88.5,"†",75,"Census (pub.), vol. response (prv.)"
"6989","Exemption","Medical Exemption","States","Iowa","2023-24","0.2",38611,100,"†",64,"Census"
"6990","Exemption","Medical Exemption","States","Kansas","2023-24","0.3",34178,83.9,"†",87,"Census"
"6991","Exemption","Medical Exemption","States","Kentucky","2023-24","0.2",52609,100,"†",111,"Census"
"6992","Exemption","Medical Exemption","States","Louisiana","2023-24","0.1",51839,100,"",56,"Census"
"6993","Exemption","Medical Exemption","States","Maine","2023-24","0.9",12087,93,"",112,"Census"
"6994","Exemption","Medical Exemption","States","Maryland","2023-24","0.7",63224,100,"†",451,"Census"
"6995","Exemption","Medical Exemption","States","Massachusetts","2023-24","0.2",65424,100,"†",126,"Census"
"6996","Exemption","Medical Exemption","States","Michigan","2023-24","0.2",110156,100,"",216,"Census"
"6997","Exemption","Medical Exemption","States","Minnesota","2023-24","0.2",66032,99.1,">=. §. ||",110,"Census"
"6998","Exemption","Medical Exemption","States","Mississippi","2023-24","0.1",36105,100,"†",52,"Census"
"6999","Exemption","Medical Exemption","States","Missouri","2023-24","0.2",69014,100,">=. †. §",151,"Census"
"7000","Exemption","Medical Exemption","States","Nebraska","2023-24","0.7",23118,100,">=. †. §",155,"Census"
"7001","Exemption","Medical Exemption","States","Nevada","2023-24","0.9",31261,91.3,"†",271,"Census"
"7002","Exemption","Medical Exemption","States","New Hampshire","2023-24","0.3",11871,100,"†",34,"Census"
"7003","Exemption","Medical Exemption","States","New Jersey","2023-24","0.1",105408,100,"†",142,"Census"
"7004","Exemption","Medical Exemption","States","New Mexico","2023-24","0.1",20699,100,"†",29,"Census"
"7005","Exemption","Medical Exemption","States","New York","2023-24","0.1",200894,98.8,"†. ‡",255,"Census"
"7006","Exemption","Medical Exemption","States","NY-City of New York","2023-24","0.1",85360,99.3,"†. ‡",61,"Census"
"7007","Exemption","Medical Exemption","States","North Carolina","2023-24","0.1",125964,90.8,"†",170,"Census (pub.), vol. response (prv.)"
"7008","Exemption","Medical Exemption","States","North Dakota","2023-24","0.2",9708,97.5,"",20,"Census"
"7009","Exemption","Medical Exemption","States","Ohio","2023-24","0.2",133716,94,"||",266,"Census (pub.), vol. response (prv.)"
"7010","Exemption","Medical Exemption","States","Oklahoma","2023-24","0.2",49979,93.8,"",99,"Census (pub.), vol. response (prv.)"
"7011","Exemption","Medical Exemption","States","Oregon","2023-24","0.1",39568,100,"||",46,"Census"
"7012","Exemption","Medical Exemption","States","Pennsylvania","2023-24","0.3",137593,96.5,"",438,"Census"
"7013","Exemption","Medical Exemption","States","Rhode Island","2023-24","0.1",10539,97.8,"†",15,"Census"
"7014","Exemption","Medical Exemption","States","South Carolina","2023-24","0.2",58069,100,"†",108,"Census"
"7015","Exemption","Medical Exemption","States","South Dakota","2023-24","0.2",11744,99.8,"†",27,"Census"
"7016","Exemption","Medical Exemption","States","Tennessee","2023-24","0.1",79323,95.8,"†",107,"Census"
"7017","Exemption","Medical Exemption","States","Texas","2023-24","0.2",381421,92.4,"||",817,"Census (pub.), vol. response (prv.)"
"7018","Exemption","Medical Exemption","States","Utah","2023-24","0.2",46228,100,"",93,"Census"
"7019","Exemption","Medical Exemption","States","Vermont","2023-24","0.2",5630,100,"†",11,"Census"
"7020","Exemption","Medical Exemption","States","Virginia","2023-24","0.3",92633,100,"†",273,"Stratified 2-stage cluster sample"
"7021","Exemption","Medical Exemption","States","Washington","2023-24","0.4",84053,97.2,"||||. ¶¶",342,"Census"
"7022","Exemption","Medical Exemption","States","West Virginia","2023-24","0.1",18261,82.8,"<. †. ‡",7,"Vol. response"
"7023","Exemption","Medical Exemption","States","Wisconsin","2023-24","0.4",62028,98.2,"||||. ¶¶",239,"Census"
"7024","Exemption","Medical Exemption","States","Wyoming","2023-24","0.2",6754,100,"†",14,"Census"
"7025","Exemption","Non-Medical Exemption","States","Alabama","2023-24","2.1",54565,100,"†",1144,"Census"
"7026","Exemption","Non-Medical Exemption","States","Alaska","2023-24","9.2",8644,88.9,"†. ‡‡",794,"Census (pub.), not conducted (prv.)"
"7027","Exemption","Non-Medical Exemption","States","Arizona","2023-24","8.1",74834,99.6,"‡",6078,"Census"
"7028","Exemption","Non-Medical Exemption","States","Arkansas","2023-24","3.4",37535,95.4,"",1289,"Census (pub.), vol. response (prv.)"
"7029","Exemption","Non-Medical Exemption","States","Colorado","2023-24","4.0",61662,100,">=. §. ||",2479,"Census"
"7030","Exemption","Non-Medical Exemption","States","Connecticut","2023-24","0.1",36184,100,"†",51,"Census"
"7031","Exemption","Non-Medical Exemption","States","Delaware","2023-24","2.4",11043,12.1,"†",267,"Stratified 2-stage cluster sample"
"7032","Exemption","Non-Medical Exemption","States","District of Columbia","2023-24","2.1",7874,100,"†",166,"Census"
"7033","Exemption","Non-Medical Exemption","States","Florida","2023-24","4.5",228213,100,"†",10302,"Census"
"7034","Exemption","Non-Medical Exemption","States","Georgia","2023-24","3.5",136943,100,"†",4826,"Census"
"7035","Exemption","Non-Medical Exemption","States","Hawaii","2023-24","5.3",13995,8.2,"†",745,"Stratified 2-stage cluster sample"
"7036","Exemption","Non-Medical Exemption","States","Idaho","2023-24","13.9",22376,100,"||",3101,"Census"
"7037","Exemption","Non-Medical Exemption","States","Illinois","2023-24","2.3",133578,100,">=. †. §",3041,"Census"
"7038","Exemption","Non-Medical Exemption","States","Indiana","2023-24","2.4",80639,88.5,"†",1899,"Census (pub.), vol. response (prv.)"
"7039","Exemption","Non-Medical Exemption","States","Iowa","2023-24","3.2",38611,100,"†",1243,"Census"
"7040","Exemption","Non-Medical Exemption","States","Kansas","2023-24","2.7",34178,83.9,"†",937,"Census"
"7041","Exemption","Non-Medical Exemption","States","Kentucky","2023-24","2.0",52609,100,"†",1073,"Census"
"7042","Exemption","Non-Medical Exemption","States","Louisiana","2023-24","2.7",51839,100,"",1406,"Census"
"7043","Exemption","Non-Medical Exemption","States","Maine","2023-24","0.1",12087,93,"",7,"Census"
"7044","Exemption","Non-Medical Exemption","States","Maryland","2023-24","1.5",63224,100,"†",942,"Census"
"7045","Exemption","Non-Medical Exemption","States","Massachusetts","2023-24","1.2",65424,100,"†",813,"Census"
"7046","Exemption","Non-Medical Exemption","States","Michigan","2023-24","5.4",110156,100,"",5922,"Census"
"7047","Exemption","Non-Medical Exemption","States","Minnesota","2023-24","5.2",66032,99.1,">=. §. ||",3456,"Census"
"7048","Exemption","Non-Medical Exemption","States","Mississippi","2023-24","0.5",36105,100,"†",186,"Census"
"7049","Exemption","Non-Medical Exemption","States","Missouri","2023-24","4.5",69014,100,">=. †. §",3094,"Census"
"7050","Exemption","Non-Medical Exemption","States","Nebraska","2023-24","2.8",23118,100,"†",658,"Census"
"7051","Exemption","Non-Medical Exemption","States","Nevada","2023-24","6.2",31261,91.3,"†",1942,"Census"
"7052","Exemption","Non-Medical Exemption","States","New Hampshire","2023-24","3.9",11871,100,"†",458,"Census"
"7053","Exemption","Non-Medical Exemption","States","New Jersey","2023-24","3.7",105408,100,"†",3929,"Census"
"7054","Exemption","Non-Medical Exemption","States","New Mexico","2023-24","1.4",20699,100,"†",300,"Census"
"7055","Exemption","Non-Medical Exemption","States","North Carolina","2023-24","2.8",125964,90.8,"†",3466,"Census (pub.), vol. response (prv.)"
"7056","Exemption","Non-Medical Exemption","States","North Dakota","2023-24","6.3",9708,97.5,"",611,"Census"
"7057","Exemption","Non-Medical Exemption","States","Ohio","2023-24","4.0",133716,94,"||",5377,"Census (pub.), vol. response (prv.)"
"7058","Exemption","Non-Medical Exemption","States","Oklahoma","2023-24","5.5",49979,93.8,"",2768,"Census (pub.), vol. response (prv.)"
"7059","Exemption","Non-Medical Exemption","States","Oregon","2023-24","8.8",39568,100,"||",3486,"Census"
"7060","Exemption","Non-Medical Exemption","States","Pennsylvania","2023-24","4.7",137593,96.5,"",6439,"Census"
"7061","Exemption","Non-Medical Exemption","States","Rhode Island","2023-24","1.5",10539,97.8,"†",159,"Census"
"7062","Exemption","Non-Medical Exemption","States","South Carolina","2023-24","4.2",58069,100,"†",2448,"Census"
"7063","Exemption","Non-Medical Exemption","States","South Dakota","2023-24","5.4",11744,99.8,"†",637,"Census"
"7064","Exemption","Non-Medical Exemption","States","Tennessee","2023-24","3.4",79323,95.8,"†",2722,"Census"
"7065","Exemption","Non-Medical Exemption","States","Texas","2023-24","3.6",381421,92.4,"||",13910,"Census (pub.), vol. response (prv.)"
"7066","Exemption","Non-Medical Exemption","States","Utah","2023-24","9.1",46228,100,"",4218,"Census"
"7067","Exemption","Non-Medical Exemption","States","Vermont","2023-24","3.8",5630,100,"†",216,"Census"
"7068","Exemption","Non-Medical Exemption","States","Virginia","2023-24","2.1",92633,100,"†",1930,"Stratified 2-stage cluster sample"
"7069","Exemption","Non-Medical Exemption","States","Washington","2023-24","3.9",84053,97.2,">=. ||||. ¶¶",3276,"Census"
"7070","Exemption","Non-Medical Exemption","States","Wisconsin","2023-24","6.2",62028,98.2,">=. ||||. ¶¶",3833,"Census"
"7071","Exemption","Non-Medical Exemption","States","Wyoming","2023-24","5.4",6754,100,"†",364,"Census"
"7072","Exemption","Any Exemption","States","Alabama","2023-24","2.2",54565,100,"†",1188,"Census"
"7073","Exemption","Any Exemption","States","Alaska","2023-24","9.5",8644,88.9,"†. ‡‡",821,"Census (pub.), not conducted (prv.)"
"7074","Exemption","Any Exemption","States","Arizona","2023-24","8.5",74834,99.6,"‡",6383,"Census"
"7075","Exemption","Any Exemption","States","Arkansas","2023-24","3.5",37535,95.4,"",1299,"Census (pub.), vol. response (prv.)"
"7076","Exemption","Any Exemption","States","California","2023-24","0.1",569680,100,"†. ‡",648,"Census"
"7077","Exemption","Any Exemption","States","Colorado","2023-24","4.2",61662,100,">=. §. ||",2584,"Census"
"7078","Exemption","Any Exemption","States","Connecticut","2023-24","0.5",36184,100,"†",179,"Census"
"7079","Exemption","Any Exemption","States","Delaware","2023-24","2.5",11043,12.1,"†",274,"Stratified 2-stage cluster sample"
"7080","Exemption","Any Exemption","States","District of Columbia","2023-24","2.3",7874,100,"†",181,"Census"
"7081","Exemption","Any Exemption","States","Florida","2023-24","4.8",228213,100,"†",11031,"Census"
"7082","Exemption","Any Exemption","States","Georgia","2023-24","3.6",136943,100,"†",4954,"Census"
"7083","Exemption","Any Exemption","States","Hawaii","2023-24","5.3",13995,8.2,"†",745,"Stratified 2-stage cluster sample"
"7084","Exemption","Any Exemption","States","Idaho","2023-24","14.3",22376,100,"||",3192,"Census"
"7085","Exemption","Any Exemption","States","Illinois","2023-24","2.5",133578,100,">=. †. §",3405,"Census"
"7086","Exemption","Any Exemption","States","Indiana","2023-24","2.4",80639,88.5,"†",1974,"Census (pub.), vol. response (prv.)"
"7087","Exemption","Any Exemption","States","Iowa","2023-24","3.4",38611,100,"†",1307,"Census"
"7088","Exemption","Any Exemption","States","Kansas","2023-24","3.0",34178,83.9,"†",1024,"Census"
"7089","Exemption","Any Exemption","States","Kentucky","2023-24","2.3",52609,100,"†",1184,"Census"
"7090","Exemption","Any Exemption","States","Louisiana","2023-24","2.8",51839,100,"",1462,"Census"
"7091","Exemption","Any Exemption","States","Maine","2023-24","1.0",12087,93,"",119,"Census"
"7092","Exemption","Any Exemption","States","Maryland","2023-24","2.2",63224,100,"†",1393,"Census"
"7093","Exemption","Any Exemption","States","Massachusetts","2023-24","1.4",65424,100,"†",939,"Census"
"7094","Exemption","Any Exemption","States","Michigan","2023-24","5.6",110156,100,"",6138,"Census"
"7095","Exemption","Any Exemption","States","Minnesota","2023-24","5.4",66032,99.1,">=. §. ||",3567,"Census"
"7096","Exemption","Any Exemption","States","Mississippi","2023-24","0.7",36105,100,"†",238,"Census"
"7097","Exemption","Any Exemption","States","Missouri","2023-24","4.7",69014,100,">=. †. §",3245,"Census"
"7098","Exemption","Any Exemption","States","Nebraska","2023-24","3.5",23118,100,"†",813,"Census"
"7099","Exemption","Any Exemption","States","Nevada","2023-24","7.1",31261,91.3,"†",2213,"Census"
"7100","Exemption","Any Exemption","States","New Hampshire","2023-24","4.1",11871,100,"†",492,"Census"
"7101","Exemption","Any Exemption","States","New Jersey","2023-24","3.9",105408,100,"†",4071,"Census"
"7102","Exemption","Any Exemption","States","New Mexico","2023-24","1.6",20699,100,"†",329,"Census"
"7103","Exemption","Any Exemption","States","New York","2023-24","0.1",200894,98.8,"†. ‡",255,"Census"
"7104","Exemption","Any Exemption","States","NY-City of New York","2023-24","0.1",85360,99.3,"†. ‡",61,"Census"
"7105","Exemption","Any Exemption","States","North Carolina","2023-24","2.9",125964,90.8,"†",3636,"Census (pub.), vol. response (prv.)"
"7106","Exemption","Any Exemption","States","North Dakota","2023-24","6.5",9708,97.5,"",630,"Census"
"7107","Exemption","Any Exemption","States","Ohio","2023-24","4.2",133716,94,"||",5642,"Census (pub.), vol. response (prv.)"
"7108","Exemption","Any Exemption","States","Oklahoma","2023-24","5.7",49979,93.8,"",2867,"Census (pub.), vol. response (prv.)"
"7109","Exemption","Any Exemption","States","Oregon","2023-24","8.9",39568,100,"||",3532,"Census"
"7110","Exemption","Any Exemption","States","Pennsylvania","2023-24","5.0",137593,96.5,"",6877,"Census"
"7111","Exemption","Any Exemption","States","Rhode Island","2023-24","1.7",10539,97.8,"†",175,"Census"
"7112","Exemption","Any Exemption","States","South Carolina","2023-24","4.4",58069,100,"†",2556,"Census"
"7113","Exemption","Any Exemption","States","South Dakota","2023-24","5.7",11744,99.8,"†",664,"Census"
"7114","Exemption","Any Exemption","States","Tennessee","2023-24","3.6",79323,95.8,"†",2829,"Census"
"7115","Exemption","Any Exemption","States","Texas","2023-24","3.9",381421,92.4,"||",14727,"Census (pub.), vol. response (prv.)"
"7116","Exemption","Any Exemption","States","Utah","2023-24","9.3",46228,100,"",4311,"Census"
"7117","Exemption","Any Exemption","States","Vermont","2023-24","4.0",5630,100,"†",227,"Census"
"7118","Exemption","Any Exemption","States","Virginia","2023-24","2.4",92633,100,"†",2204,"Stratified 2-stage cluster sample"
"7119","Exemption","Any Exemption","States","Washington","2023-24","4.8",84053,97.2,"||||. ¶¶",4025,"Census"
"7120","Exemption","Any Exemption","States","West Virginia","2023-24","0.1",18261,82.8,"<. †. ‡",7,"Vol. response"
"7121","Exemption","Any Exemption","States","Wisconsin","2023-24","7.7",62028,98.2,"||||. ¶¶",4788,"Census"
"7122","Exemption","Any Exemption","States","Wyoming","2023-24","5.6",6754,100,"†",378,"Census"
"7123","Varicella","UTD (or disease history)","States","Alabama","2023-24","93.8",54565,100,">=. *",NA,"Census"
"7124","Varicella","UTD (or disease history)","States","Alaska","2023-24","82.6",8644,88.9,"¶",NA,"Census (pub.), not conducted (prv.)"
"7125","Varicella","UTD (or disease history)","States","Arizona","2023-24","94.1",74834,99.6,"",NA,"Census"
"7126","Varicella","UTD (or disease history)","States","Arkansas","2023-24","92.0",37535,95.4,"",NA,"Census (pub.), vol. response (prv.)"
"7127","Varicella","UTD (or disease history)","States","California","2023-24","95.7",569680,100,"*. ‡",NA,"Census"
"7128","Varicella","UTD (or disease history)","States","Colorado","2023-24","87.3",61662,100,"*",NA,"Census"
"7129","Varicella","UTD (or disease history)","States","Connecticut","2023-24","97.5",36184,100,"*",NA,"Census"
"7130","Varicella","UTD (or disease history)","States","Delaware","2023-24","93.8",11043,12.1,">=. ‡",NA,"Stratified 2-stage cluster sample"
"7131","Varicella","UTD (or disease history)","States","District of Columbia","2023-24","91.3",7874,100,"*",NA,"Census"
"7132","Varicella","UTD (or disease history)","States","Florida","2023-24","88.1",228213,100,">=. *",NA,"Census"
"7133","Varicella","UTD (or disease history)","States","Georgia","2023-24","88.4",136943,100,">=. *",NA,"Census"
"7134","Varicella","UTD (or disease history)","States","Hawaii","2023-24","89.1",13995,8.2,"",NA,"Stratified 2-stage cluster sample"
"7135","Varicella","UTD (or disease history)","States","Idaho","2023-24","79.1",22376,100,"*",NA,"Census"
"7136","Varicella","UTD (or disease history)","States","Illinois","2023-24","91.1",133578,100,"*",NA,"Census"
"7137","Varicella","UTD (or disease history)","States","Indiana","2023-24","90.3",80639,88.5,"§",NA,"Census (pub.), vol. response (prv.)"
"7138","Varicella","UTD (or disease history)","States","Iowa","2023-24","89.1",38611,100,">=. *",NA,"Census"
"7139","Varicella","UTD (or disease history)","States","Kansas","2023-24","89.5",34178,37.1,"†. ‡. §",NA,"Stratified 2-stage cluster sample"
"7140","Varicella","UTD (or disease history)","States","Kentucky","2023-24","89.4",52609,100,">=. *. ‡. §",NA,"Census"
"7141","Varicella","UTD (or disease history)","States","Louisiana","2023-24","90.9",51839,100,"*",NA,"Census"
"7142","Varicella","UTD (or disease history)","States","Maine","2023-24","97.1",12087,93,"",NA,"Census"
"7143","Varicella","UTD (or disease history)","States","Maryland","2023-24","96.2",63224,100,">=. *. ‡",NA,"Census"
"7144","Varicella","UTD (or disease history)","States","Massachusetts","2023-24","95.7",65424,100,"*. ‡",NA,"Census"
"7145","Varicella","UTD (or disease history)","States","Michigan","2023-24","91.7",110156,100,"*",NA,"Census"
"7146","Varicella","UTD (or disease history)","States","Minnesota","2023-24","87.2",66032,99.1,"",NA,"Census"
"7147","Varicella","UTD (or disease history)","States","Mississippi","2023-24","97.5",36105,100,">=. *",NA,"Census"
"7148","Varicella","UTD (or disease history)","States","Missouri","2023-24","89.9",69014,100,"*",NA,"Census"
"7149","Varicella","UTD (or disease history)","States","Nebraska","2023-24","91.2",23118,100,"*. ‡",NA,"Census"
"7150","Varicella","UTD (or disease history)","States","Nevada","2023-24","91.2",31261,91.3,"",NA,"Census"
"7151","Varicella","UTD (or disease history)","States","New Hampshire","2023-24","89.2",11871,100,">=. §. *",NA,"Census"
"7152","Varicella","UTD (or disease history)","States","New Jersey","2023-24","93.2",105408,100,">=. §. *",NA,"Census"
"7153","Varicella","UTD (or disease history)","States","New Mexico","2023-24","94.4",20699,100,"*",NA,"Census"
"7154","Varicella","UTD (or disease history)","States","New York","2023-24","97.1",200894,98.8,"",NA,"Census"
"7155","Varicella","UTD (or disease history)","States","NY-City of New York","2023-24","95.9",85360,99.3,"",NA,"Census"
"7156","Varicella","UTD (or disease history)","States","North Carolina","2023-24","93.3",125964,90.8,"§",NA,"Census (pub.), vol. response (prv.)"
"7157","Varicella","UTD (or disease history)","States","North Dakota","2023-24","90.7",9708,97.5,"",NA,"Census"
"7158","Varicella","UTD (or disease history)","States","Ohio","2023-24","88.5",133716,94,"",NA,"Census (pub.), vol. response (prv.)"
"7159","Varicella","UTD (or disease history)","States","Oklahoma","2023-24","93.7",49979,93.8,"‡",NA,"Census (pub.), vol. response (prv.)"
"7160","Varicella","UTD (or disease history)","States","Oregon","2023-24","93.9",39568,100,"*. ‡",NA,"Census"
"7161","Varicella","UTD (or disease history)","States","Pennsylvania","2023-24","93.2",137593,96.5,"",NA,"Census"
"7162","Varicella","UTD (or disease history)","States","Rhode Island","2023-24","96.6",10539,97.8,"‡. §",NA,"Census"
"7163","Varicella","UTD (or disease history)","States","South Carolina","2023-24","91.8",58069,26.7,"†",NA,"Stratified 1-stage cluster sample"
"7164","Varicella","UTD (or disease history)","States","South Dakota","2023-24","90.3",11744,99.8,"§",NA,"Census"
"7165","Varicella","UTD (or disease history)","States","Tennessee","2023-24","94.6",79323,95.8,"§",NA,"Census"
"7166","Varicella","UTD (or disease history)","States","Texas","2023-24","93.7",381421,92.4,"‡. §",NA,"Census (pub.), vol. response (prv.)"
"7167","Varicella","UTD (or disease history)","States","Utah","2023-24","88.2",46228,100,"*",NA,"Census"
"7168","Varicella","UTD (or disease history)","States","Vermont","2023-24","92.5",5630,100,"*",NA,"Census"
"7169","Varicella","UTD (or disease history)","States","Virginia","2023-24","93.1",92633,1.9,"†",NA,"Stratified 2-stage cluster sample"
"7170","Varicella","UTD (or disease history)","States","Washington","2023-24","90.0",84053,97.2,"§",NA,"Census"
"7171","Varicella","UTD (or disease history)","States","West Virginia","2023-24","99.7",18261,82.8,"‡. §",NA,"Vol. response"
"7172","Varicella","UTD (or disease history)","States","Wisconsin","2023-24","84.3",62028,98.2,"‡. §",NA,"Census"
"7173","Varicella","UTD (or disease history)","States","Wyoming","2023-24","93.5",6754,100,"*",NA,"Census"
"7174","MMR (PAC)","MMR (PAC)","States","Alabama","2023-24","97.8",NA,NA,"",NA,""
"7175","MMR (PAC)","MMR (PAC)","States","Alaska","2023-24","90.8",NA,NA,"",NA,""
"7176","MMR (PAC)","MMR (PAC)","States","Arizona","2023-24","92.8",NA,NA,"",NA,""
"7177","MMR (PAC)","MMR (PAC)","States","Arkansas","2023-24","96.6",NA,NA,"",NA,""
"7178","MMR (PAC)","MMR (PAC)","States","California","2023-24","99.9",NA,NA,"",NA,""
"7179","MMR (PAC)","MMR (PAC)","States","Colorado","2023-24","96.0",NA,NA,"",NA,""
"7180","MMR (PAC)","MMR (PAC)","States","Connecticut","2023-24","99.5",NA,NA,"",NA,""
"7181","MMR (PAC)","MMR (PAC)","States","Delaware","2023-24","97.5",NA,NA,"",NA,""
"7182","MMR (PAC)","MMR (PAC)","States","District of Columbia","2023-24","97.9",NA,NA,"",NA,""
"7183","MMR (PAC)","MMR (PAC)","States","Florida","2023-24","95.2",NA,NA,"",NA,""
"7184","MMR (PAC)","MMR (PAC)","States","Georgia","2023-24","96.4",NA,NA,"",NA,""
"7185","MMR (PAC)","MMR (PAC)","States","Hawaii","2023-24","94.7",NA,NA,"",NA,""
"7186","MMR (PAC)","MMR (PAC)","States","Idaho","2023-24","86.5",NA,NA,"",NA,""
"7187","MMR (PAC)","MMR (PAC)","States","Illinois","2023-24","97.5",NA,NA,"",NA,""
"7188","MMR (PAC)","MMR (PAC)","States","Indiana","2023-24","97.6",NA,NA,"",NA,""
"7189","MMR (PAC)","MMR (PAC)","States","Iowa","2023-24","96.6",NA,NA,"",NA,""
"7190","MMR (PAC)","MMR (PAC)","States","Kansas","2023-24","97.0",NA,NA,"",NA,""
"7191","MMR (PAC)","MMR (PAC)","States","Kentucky","2023-24","97.7",NA,NA,"",NA,""
"7192","MMR (PAC)","MMR (PAC)","States","Louisiana","2023-24","97.2",NA,NA,"",NA,""
"7193","MMR (PAC)","MMR (PAC)","States","Maine","2023-24","99.4",NA,NA,"",NA,""
"7194","MMR (PAC)","MMR (PAC)","States","Maryland","2023-24","97.8",NA,NA,"",NA,""
"7195","MMR (PAC)","MMR (PAC)","States","Massachusetts","2023-24","98.7",NA,NA,"",NA,""
"7196","MMR (PAC)","MMR (PAC)","States","Michigan","2023-24","93.6",NA,NA,"",NA,""
"7197","MMR (PAC)","MMR (PAC)","States","Minnesota","2023-24","94.6",NA,NA,"",NA,""
"7198","MMR (PAC)","MMR (PAC)","States","Mississippi","2023-24","99.3",NA,NA,"",NA,""
"7199","MMR (PAC)","MMR (PAC)","States","Missouri","2023-24","95.3",NA,NA,"",NA,""
"7200","MMR (PAC)","MMR (PAC)","States","Nebraska","2023-24","96.7",NA,NA,"",NA,""
"7201","MMR (PAC)","MMR (PAC)","States","Nevada","2023-24","94.0",NA,NA,"",NA,""
"7202","MMR","","National","United States","2023-24","92.7",3823506,93.1,"",NA,""
"7203","MMR","","National","U.S. Median","2023-24","92.0",3823506,93.1,"",NA,""
"7204","DTP, DTaP, or DT","","National","United States","2023-24","92.3",3823506,93.1,"",NA,""
"7205","DTP, DTaP, or DT","","National","U.S. Median","2023-24","91.7",3823506,93.1,"",NA,""
"7206","Varicella","1 Dose (or disease history)","National","United States","2023-24","93.7",3823506,93.1,"",NA,""
"7207","Varicella","1 Dose (or disease history)","National","U.S. Median","2023-24","93.8",3823506,93.1,"",NA,""
"7208","Varicella","2 Doses (or disease history)","National","United States","2023-24","92.3",3823506,93.1,"",NA,""
"7209","Varicella","2 Doses (or disease history)","National","U.S. Median","2023-24","91.2",3823506,93.1,"",NA,""
"7210","Hepatitis B","","National","United States","2023-24","93.9",3823506,93.1,"",NA,""
"7211","Hepatitis B","","National","U.S. Median","2023-24","93.5",3823506,93.1,"",NA,""
"7212","Polio","","National","United States","2023-24","92.7",3823506,93.1,"",NA,""
"7213","Polio","","National","U.S. Median","2023-24","91.7",3823506,93.1,"",NA,""
"7214","Exemption","Medical Exemption","National","United States","2023-24","0.2",3823506,97,"",8154,""
"7215","Exemption","Medical Exemption","National","U.S. Median","2023-24","0.2",3823506,97,"",108,""
"7216","Exemption","Non-Medical Exemption","National","United States","2023-24","3.1",3823506,97,"",118409,""
"7217","Exemption","Non-Medical Exemption","National","U.S. Median","2023-24","3.7",3823506,97,"",1899,""
"7218","Exemption","Any Exemption","National","United States","2023-24","3.3",3823506,97,"",127591,""
"7219","Exemption","Any Exemption","National","U.S. Median","2023-24","3.7",3823506,97,"",1428,""
"7220","Varicella","UTD (or disease history)","National","United States","2023-24","92.4",3823506,93.1,"",NA,""
"7221","Varicella","UTD (or disease history)","National","U.S. Median","2023-24","91.8",3823506,93.1,"",NA,""
"7222","MMR (PAC)","MMR (PAC)","National","United States","2023-24","96.9",NA,NA,"",NA,""
"7223","MMR (PAC)","MMR (PAC)","National","U.S. Median","2023-24","96.4",NA,NA,"",NA,""
"7224","MMR (PAC)","MMR (PAC)","States","New Hampshire","2023-24","95.9",NA,NA,"",NA,""
"7225","MMR (PAC)","MMR (PAC)","States","New Jersey","2023-24","96.1",NA,NA,"",NA,""
"7226","MMR (PAC)","MMR (PAC)","States","New Mexico","2023-24","98.4",NA,NA,"",NA,""
"7227","MMR (PAC)","MMR (PAC)","States","New York","2023-24","99.9",NA,NA,"",NA,""
"7228","MMR (PAC)","MMR (PAC)","States","NY-City of New York","2023-24","100.0",NA,NA,"",NA,""
"7229","MMR (PAC)","MMR (PAC)","States","NY-Rest of state","2023-24","99.0",NA,NA,"",NA,""
"7230","MMR (PAC)","MMR (PAC)","States","North Carolina","2023-24","97.3",NA,NA,"",NA,""
"7231","MMR (PAC)","MMR (PAC)","States","North Dakota","2023-24","93.5",NA,NA,"",NA,""
"7232","MMR (PAC)","MMR (PAC)","States","Ohio","2023-24","96.2",NA,NA,"",NA,""
"7233","MMR (PAC)","MMR (PAC)","States","Oklahoma","2023-24","94.6",NA,NA,"",NA,""
"7234","MMR (PAC)","MMR (PAC)","States","Oregon","2023-24","92.4",NA,NA,"",NA,""
"7235","MMR (PAC)","MMR (PAC)","States","Pennsylvania","2023-24","95.0",NA,NA,"",NA,""
"7236","MMR (PAC)","MMR (PAC)","States","Rhode Island","2023-24","98.5",NA,NA,"",NA,""
"7237","MMR (PAC)","MMR (PAC)","States","South Carolina","2023-24","95.6",NA,NA,"",NA,""
"7238","MMR (PAC)","MMR (PAC)","States","South Dakota","2023-24","94.3",NA,NA,"",NA,""
"7239","MMR (PAC)","MMR (PAC)","States","Tennessee","2023-24","96.4",NA,NA,"",NA,""
"7240","MMR (PAC)","MMR (PAC)","States","Texas","2023-24","96.4",NA,NA,"",NA,""
"7241","MMR (PAC)","MMR (PAC)","States","TX-City of Houston","2023-24","97.6",NA,NA,"",NA,""
"7242","MMR","","States","TX-City of Houston","2023-24","93.6",37882,67.7,"‡. §",NA,"Vol. response"
"7243","DTP, DTaP, or DT","","States","TX-City of Houston","2023-24","93.4",37882,67.7,"‡. §",NA,"Vol. response"
"7244","Varicella","1 Dose (or disease history)","States","TX-City of Houston","2023-24","NReq",37882,67.7,"‡. §",NA,"Vol. response"
"7245","Varicella","2 Doses (or disease history)","States","TX-City of Houston","2023-24","92.8",37882,67.7,"‡. §",NA,"Vol. response"
"7246","Hepatitis B","","States","TX-City of Houston","2023-24","95.8",37882,67.7,"‡. §",NA,"Vol. response"
"7247","Polio","","States","TX-City of Houston","2023-24","93.6",37882,67.7,"‡. §",NA,"Vol. response"
"7248","Exemption","Medical Exemption","States","TX-City of Houston","2023-24","0.2",37882,67.7,"||",81,"Vol. response"
"7249","Exemption","Non-Medical Exemption","States","TX-City of Houston","2023-24","2.4",37882,67.7,"||",928,"Vol. response"
"7250","Exemption","Any Exemption","States","TX-City of Houston","2023-24","2.7",37882,67.7,"||",1008,"Vol. response"
"7251","Varicella","UTD (or disease history)","States","TX-City of Houston","2023-24","92.8",37882,67.7,"‡. §",NA,"Vol. response"
"7252","MMR (PAC)","MMR (PAC)","States","Utah","2023-24","91.4",NA,NA,"",NA,""
"7253","MMR (PAC)","MMR (PAC)","States","Vermont","2023-24","96.0",NA,NA,"",NA,""
"7254","MMR (PAC)","MMR (PAC)","States","Virginia","2023-24","97.6",NA,NA,"",NA,""
"7255","MMR (PAC)","MMR (PAC)","States","Washington","2023-24","96.0",NA,NA,"",NA,""
"7256","MMR (PAC)","MMR (PAC)","States","West Virginia","2023-24","99.9",NA,NA,"",NA,""
"7257","MMR (PAC)","MMR (PAC)","States","Wisconsin","2023-24","93.2",NA,NA,"",NA,""
"7258","MMR (PAC)","MMR (PAC)","States","Wyoming","2023-24","94.6",NA,NA,"",NA,""
"7259","MMR (PAC)","MMR (PAC)","States","Alabama","2017-18","99.1",NA,NA,"",NA,""
"7260","MMR (PAC)","MMR (PAC)","States","Alabama","2018-19","99.2",NA,NA,"",NA,""
"7261","MMR (PAC)","MMR (PAC)","States","Alabama","2019-20","98.8",NA,NA,"",NA,""
"7262","MMR (PAC)","MMR (PAC)","States","Alabama","2020-21","98.7",NA,NA,"",NA,""
"7263","MMR (PAC)","MMR (PAC)","States","Alabama","2021-22","98.3",NA,NA,"",NA,""
"7264","MMR (PAC)","MMR (PAC)","States","Alabama","2022-23","98.0",NA,NA,"",NA,""
"7265","MMR (PAC)","MMR (PAC)","States","Alaska","2017-18","93.0",NA,NA,"",NA,""
"7266","MMR (PAC)","MMR (PAC)","States","Alaska","2021-22","95.7",NA,NA,"",NA,""
"7267","MMR (PAC)","MMR (PAC)","States","Alaska","2022-23","94.6",NA,NA,"",NA,""
"7268","MMR (PAC)","MMR (PAC)","States","Arizona","2017-18","95.3",NA,NA,"",NA,""
"7269","MMR (PAC)","MMR (PAC)","States","Arizona","2018-19","94.7",NA,NA,"",NA,""
"7270","MMR (PAC)","MMR (PAC)","States","Arizona","2019-20","95.3",NA,NA,"",NA,""
"7271","MMR (PAC)","MMR (PAC)","States","Arizona","2020-21","95.6",NA,NA,"",NA,""
"7272","MMR (PAC)","MMR (PAC)","States","Arizona","2021-22","94.2",NA,NA,"",NA,""
"7273","MMR (PAC)","MMR (PAC)","States","Arizona","2022-23","93.3",NA,NA,"",NA,""
"7274","MMR (PAC)","MMR (PAC)","States","Arkansas","2017-18","98.5",NA,NA,"",NA,""
"7275","MMR (PAC)","MMR (PAC)","States","Arkansas","2018-19","98.2",NA,NA,"",NA,""
"7276","MMR (PAC)","MMR (PAC)","States","Arkansas","2019-20","98.2",NA,NA,"",NA,""
"7277","MMR (PAC)","MMR (PAC)","States","Arkansas","2020-21","98.4",NA,NA,"",NA,""
"7278","MMR (PAC)","MMR (PAC)","States","Arkansas","2021-22","97.5",NA,NA,"",NA,""
"7279","MMR (PAC)","MMR (PAC)","States","Arkansas","2022-23","97.0",NA,NA,"",NA,""
"7280","MMR (PAC)","MMR (PAC)","States","California","2017-18","99.3",NA,NA,"",NA,""
"7281","MMR (PAC)","MMR (PAC)","States","California","2018-19","99.4",NA,NA,"",NA,""
"7282","MMR (PAC)","MMR (PAC)","States","California","2019-20","99.2",NA,NA,"",NA,""
"7283","MMR (PAC)","MMR (PAC)","States","California","2020-21","99.5",NA,NA,"",NA,""
"7284","MMR (PAC)","MMR (PAC)","States","California","2021-22","99.7",NA,NA,"",NA,""
"7285","MMR (PAC)","MMR (PAC)","States","California","2022-23","99.8",NA,NA,"",NA,""
"7286","MMR (PAC)","MMR (PAC)","States","Colorado","2017-18","95.7",NA,NA,"",NA,""
"7287","MMR (PAC)","MMR (PAC)","States","Colorado","2018-19","95.5",NA,NA,"",NA,""
"7288","MMR (PAC)","MMR (PAC)","States","Colorado","2019-20","95.5",NA,NA,"",NA,""
"7289","MMR (PAC)","MMR (PAC)","States","Colorado","2020-21","96.6",NA,NA,"",NA,""
"7290","MMR (PAC)","MMR (PAC)","States","Colorado","2021-22","97.0",NA,NA,"",NA,""
"7291","MMR (PAC)","MMR (PAC)","States","Colorado","2022-23","95.9",NA,NA,"",NA,""
"7292","MMR (PAC)","MMR (PAC)","States","Connecticut","2017-18","97.7",NA,NA,"",NA,""
"7293","MMR (PAC)","MMR (PAC)","States","Connecticut","2018-19","97.3",NA,NA,"",NA,""
"7294","MMR (PAC)","MMR (PAC)","States","Connecticut","2019-20","97.5",NA,NA,"",NA,""
"7295","MMR (PAC)","MMR (PAC)","States","Connecticut","2020-21","97.4",NA,NA,"",NA,""
"7296","MMR (PAC)","MMR (PAC)","States","Connecticut","2021-22","97.7",NA,NA,"",NA,""
"7297","MMR (PAC)","MMR (PAC)","States","Connecticut","2022-23","99.2",NA,NA,"",NA,""
"7298","MMR (PAC)","MMR (PAC)","States","Delaware","2017-18","98.6",NA,NA,"",NA,""
"7299","MMR (PAC)","MMR (PAC)","States","Delaware","2018-19","98.8",NA,NA,"",NA,""
"7300","MMR (PAC)","MMR (PAC)","States","Delaware","2020-21","97.6",NA,NA,"",NA,""
"7301","MMR (PAC)","MMR (PAC)","States","Delaware","2021-22","98.8",NA,NA,"",NA,""
"7302","MMR (PAC)","MMR (PAC)","States","Delaware","2022-23","98.1",NA,NA,"",NA,""
"7303","MMR (PAC)","MMR (PAC)","States","District of Columbia","2020-21","99.7",NA,NA,"",NA,""
"7304","MMR (PAC)","MMR (PAC)","States","District of Columbia","2021-22","99.5",NA,NA,"",NA,""
"7305","MMR (PAC)","MMR (PAC)","States","District of Columbia","2022-23","99.2",NA,NA,"",NA,""
"7306","MMR (PAC)","MMR (PAC)","States","Florida","2017-18","97.1",NA,NA,"",NA,""
"7307","MMR (PAC)","MMR (PAC)","States","Florida","2018-19","96.8",NA,NA,"",NA,""
"7308","MMR (PAC)","MMR (PAC)","States","Florida","2019-20","96.6",NA,NA,"",NA,""
"7309","MMR (PAC)","MMR (PAC)","States","Florida","2020-21","96.9",NA,NA,"",NA,""
"7310","MMR (PAC)","MMR (PAC)","States","Florida","2021-22","96.1",NA,NA,"",NA,""
"7311","MMR (PAC)","MMR (PAC)","States","Florida","2022-23","95.5",NA,NA,"",NA,""
"7312","MMR (PAC)","MMR (PAC)","States","Georgia","2017-18","97.3",NA,NA,"",NA,""
"7313","MMR (PAC)","MMR (PAC)","States","Georgia","2018-19","97.5",NA,NA,"",NA,""
"7314","MMR (PAC)","MMR (PAC)","States","Georgia","2019-20","97.0",NA,NA,"",NA,""
"7315","MMR (PAC)","MMR (PAC)","States","Georgia","2020-21","97.1",NA,NA,"",NA,""
"7316","MMR (PAC)","MMR (PAC)","States","Georgia","2021-22","95.3",NA,NA,"",NA,""
"7317","MMR (PAC)","MMR (PAC)","States","Georgia","2022-23","96.2",NA,NA,"",NA,""
"7318","MMR (PAC)","MMR (PAC)","States","Hawaii","2017-18","96.9",NA,NA,"",NA,""
"7319","MMR (PAC)","MMR (PAC)","States","Hawaii","2018-19","95.6",NA,NA,"",NA,""
"7320","MMR (PAC)","MMR (PAC)","States","Hawaii","2019-20","93.9",NA,NA,"",NA,""
"7321","MMR (PAC)","MMR (PAC)","States","Hawaii","2020-21","96.3",NA,NA,"",NA,""
"7322","MMR (PAC)","MMR (PAC)","States","Hawaii","2021-22","96.6",NA,NA,"",NA,""
"7323","MMR (PAC)","MMR (PAC)","States","Hawaii","2022-23","93.6",NA,NA,"",NA,""
"7324","MMR (PAC)","MMR (PAC)","States","Idaho","2017-18","93.9",NA,NA,"",NA,""
"7325","MMR (PAC)","MMR (PAC)","States","Idaho","2018-19","93.6",NA,NA,"",NA,""
"7326","MMR (PAC)","MMR (PAC)","States","Idaho","2019-20","93.4",NA,NA,"",NA,""
"7327","MMR (PAC)","MMR (PAC)","States","Idaho","2020-21","93.6",NA,NA,"",NA,""
"7328","MMR (PAC)","MMR (PAC)","States","Idaho","2021-22","90.9",NA,NA,"",NA,""
"7329","MMR (PAC)","MMR (PAC)","States","Idaho","2022-23","88.9",NA,NA,"",NA,""
"7330","MMR (PAC)","MMR (PAC)","States","Illinois","2017-18","98.7",NA,NA,"",NA,""
"7331","MMR (PAC)","MMR (PAC)","States","Illinois","2018-19","98.5",NA,NA,"",NA,""
"7332","MMR (PAC)","MMR (PAC)","States","Illinois","2019-20","99.3",NA,NA,"",NA,""
"7333","MMR (PAC)","MMR (PAC)","States","Illinois","2021-22","98.3",NA,NA,"",NA,""
"7334","MMR (PAC)","MMR (PAC)","States","Illinois","2022-23","97.9",NA,NA,"",NA,""
"7335","MMR (PAC)","MMR (PAC)","States","Indiana","2017-18","99.1",NA,NA,"",NA,""
"7336","MMR (PAC)","MMR (PAC)","States","Indiana","2018-19","98.7",NA,NA,"",NA,""
"7337","MMR (PAC)","MMR (PAC)","States","Indiana","2019-20","97.8",NA,NA,"",NA,""
"7338","MMR (PAC)","MMR (PAC)","States","Indiana","2020-21","98.1",NA,NA,"",NA,""
"7339","MMR (PAC)","MMR (PAC)","States","Indiana","2021-22","97.6",NA,NA,"",NA,""
"7340","MMR (PAC)","MMR (PAC)","States","Indiana","2022-23","97.2",NA,NA,"",NA,""
"7341","MMR (PAC)","MMR (PAC)","States","Iowa","2017-18","98.0",NA,NA,"",NA,""
"7342","MMR (PAC)","MMR (PAC)","States","Iowa","2018-19","97.6",NA,NA,"",NA,""
"7343","MMR (PAC)","MMR (PAC)","States","Iowa","2019-20","97.5",NA,NA,"",NA,""
"7344","MMR (PAC)","MMR (PAC)","States","Iowa","2020-21","97.8",NA,NA,"",NA,""
"7345","MMR (PAC)","MMR (PAC)","States","Iowa","2021-22","97.6",NA,NA,"",NA,""
"7346","MMR (PAC)","MMR (PAC)","States","Iowa","2022-23","97.0",NA,NA,"",NA,""
"7347","MMR (PAC)","MMR (PAC)","States","Kansas","2017-18","98.3",NA,NA,"",NA,""
"7348","MMR (PAC)","MMR (PAC)","States","Kansas","2018-19","97.9",NA,NA,"",NA,""
"7349","MMR (PAC)","MMR (PAC)","States","Kansas","2019-20","97.9",NA,NA,"",NA,""
"7350","MMR (PAC)","MMR (PAC)","States","Kansas","2020-21","98.0",NA,NA,"",NA,""
"7351","MMR (PAC)","MMR (PAC)","States","Kansas","2021-22","97.7",NA,NA,"",NA,""
"7352","MMR (PAC)","MMR (PAC)","States","Kansas","2022-23","97.1",NA,NA,"",NA,""
"7353","MMR (PAC)","MMR (PAC)","States","Kentucky","2017-18","98.6",NA,NA,"",NA,""
"7354","MMR (PAC)","MMR (PAC)","States","Kentucky","2018-19","98.6",NA,NA,"",NA,""
"7355","MMR (PAC)","MMR (PAC)","States","Kentucky","2019-20","98.2",NA,NA,"",NA,""
"7356","MMR (PAC)","MMR (PAC)","States","Kentucky","2020-21","99.0",NA,NA,"",NA,""
"7357","MMR (PAC)","MMR (PAC)","States","Kentucky","2021-22","98.7",NA,NA,"",NA,""
"7358","MMR (PAC)","MMR (PAC)","States","Kentucky","2022-23","98.3",NA,NA,"",NA,""
"7359","MMR (PAC)","MMR (PAC)","States","Louisiana","2017-18","98.9",NA,NA,"",NA,""
"7360","MMR (PAC)","MMR (PAC)","States","Louisiana","2018-19","98.8",NA,NA,"",NA,""
"7361","MMR (PAC)","MMR (PAC)","States","Louisiana","2019-20","98.5",NA,NA,"",NA,""
"7362","MMR (PAC)","MMR (PAC)","States","Louisiana","2020-21","98.9",NA,NA,"",NA,""
"7363","MMR (PAC)","MMR (PAC)","States","Louisiana","2021-22","98.9",NA,NA,"",NA,""
"7364","MMR (PAC)","MMR (PAC)","States","Louisiana","2022-23","97.7",NA,NA,"",NA,""
"7365","MMR (PAC)","MMR (PAC)","States","Maine","2017-18","95.5",NA,NA,"",NA,""
"7366","MMR (PAC)","MMR (PAC)","States","Maine","2018-19","94.8",NA,NA,"",NA,""
"7367","MMR (PAC)","MMR (PAC)","States","Maine","2019-20","95.0",NA,NA,"",NA,""
"7368","MMR (PAC)","MMR (PAC)","States","Maine","2020-21","96.7",NA,NA,"",NA,""
"7369","MMR (PAC)","MMR (PAC)","States","Maine","2021-22","98.8",NA,NA,"",NA,""
"7370","MMR (PAC)","MMR (PAC)","States","Maine","2022-23","99.3",NA,NA,"",NA,""
"7371","MMR (PAC)","MMR (PAC)","States","Maryland","2017-18","98.5",NA,NA,"",NA,""
"7372","MMR (PAC)","MMR (PAC)","States","Maryland","2018-19","98.5",NA,NA,"",NA,""
"7373","MMR (PAC)","MMR (PAC)","States","Maryland","2019-20","98.6",NA,NA,"",NA,""
"7374","MMR (PAC)","MMR (PAC)","States","Maryland","2020-21","99.1",NA,NA,"",NA,""
"7375","MMR (PAC)","MMR (PAC)","States","Maryland","2021-22","98.5",NA,NA,"",NA,""
"7376","MMR (PAC)","MMR (PAC)","States","Maryland","2022-23","98.1",NA,NA,"",NA,""
"7377","MMR (PAC)","MMR (PAC)","States","Massachusetts","2017-18","98.9",NA,NA,"",NA,""
"7378","MMR (PAC)","MMR (PAC)","States","Massachusetts","2018-19","98.8",NA,NA,"",NA,""
"7379","MMR (PAC)","MMR (PAC)","States","Massachusetts","2019-20","98.8",NA,NA,"",NA,""
"7380","MMR (PAC)","MMR (PAC)","States","Massachusetts","2020-21","99.2",NA,NA,"",NA,""
"7381","MMR (PAC)","MMR (PAC)","States","Massachusetts","2021-22","99.1",NA,NA,"",NA,""
"7382","MMR (PAC)","MMR (PAC)","States","Massachusetts","2022-23","98.7",NA,NA,"",NA,""
"7383","MMR (PAC)","MMR (PAC)","States","Michigan","2017-18","96.3",NA,NA,"",NA,""
"7384","MMR (PAC)","MMR (PAC)","States","Michigan","2018-19","95.9",NA,NA,"",NA,""
"7385","MMR (PAC)","MMR (PAC)","States","Michigan","2019-20","96.0",NA,NA,"",NA,""
"7386","MMR (PAC)","MMR (PAC)","States","Michigan","2020-21","97.2",NA,NA,"",NA,""
"7387","MMR (PAC)","MMR (PAC)","States","Michigan","2021-22","95.8",NA,NA,"",NA,""
"7388","MMR (PAC)","MMR (PAC)","States","Michigan","2022-23","94.8",NA,NA,"",NA,""
"7389","MMR (PAC)","MMR (PAC)","States","Minnesota","2017-18","96.6",NA,NA,"",NA,""
"7390","MMR (PAC)","MMR (PAC)","States","Minnesota","2018-19","96.4",NA,NA,"",NA,""
"7391","MMR (PAC)","MMR (PAC)","States","Minnesota","2019-20","96.3",NA,NA,"",NA,""
"7392","MMR (PAC)","MMR (PAC)","States","Minnesota","2020-21","97.7",NA,NA,"",NA,""
"7393","MMR (PAC)","MMR (PAC)","States","Minnesota","2021-22","96.3",NA,NA,"",NA,""
"7394","MMR (PAC)","MMR (PAC)","States","Minnesota","2022-23","95.5",NA,NA,"",NA,""
"7395","MMR (PAC)","MMR (PAC)","States","Mississippi","2017-18","99.9",NA,NA,"",NA,""
"7396","MMR (PAC)","MMR (PAC)","States","Mississippi","2018-19","99.9",NA,NA,"",NA,""
"7397","MMR (PAC)","MMR (PAC)","States","Mississippi","2019-20","99.8",NA,NA,"",NA,""
"7398","MMR (PAC)","MMR (PAC)","States","Mississippi","2020-21","99.9",NA,NA,"",NA,""
"7399","MMR (PAC)","MMR (PAC)","States","Mississippi","2021-22","99.9",NA,NA,"",NA,""
"7400","MMR (PAC)","MMR (PAC)","States","Mississippi","2022-23","99.8",NA,NA,"",NA,""
"7401","MMR (PAC)","MMR (PAC)","States","Missouri","2017-18","97.8",NA,NA,"",NA,""
"7402","MMR (PAC)","MMR (PAC)","States","Missouri","2018-19","97.3",NA,NA,"",NA,""
"7403","MMR (PAC)","MMR (PAC)","States","Missouri","2019-20","97.3",NA,NA,"",NA,""
"7404","MMR (PAC)","MMR (PAC)","States","Missouri","2020-21","97.8",NA,NA,"",NA,""
"7405","MMR (PAC)","MMR (PAC)","States","Missouri","2021-22","97.0",NA,NA,"",NA,""
"7406","MMR (PAC)","MMR (PAC)","States","Missouri","2022-23","96.2",NA,NA,"",NA,""
"7407","MMR (PAC)","MMR (PAC)","States","Montana","2017-18","95.7",NA,NA,"",NA,""
"7408","MMR (PAC)","MMR (PAC)","States","Montana","2018-19","95.5",NA,NA,"",NA,""
"7409","MMR (PAC)","MMR (PAC)","States","Montana","2019-20","95.7",NA,NA,"",NA,""
"7410","MMR (PAC)","MMR (PAC)","States","Montana","2020-21","96.5",NA,NA,"",NA,""
"7411","MMR (PAC)","MMR (PAC)","States","Nebraska","2017-18","98.3",NA,NA,"",NA,""
"7412","MMR (PAC)","MMR (PAC)","States","Nebraska","2018-19","98.2",NA,NA,"",NA,""
"7413","MMR (PAC)","MMR (PAC)","States","Nebraska","2019-20","98.1",NA,NA,"",NA,""
"7414","MMR (PAC)","MMR (PAC)","States","Nebraska","2020-21","98.6",NA,NA,"",NA,""
"7415","MMR (PAC)","MMR (PAC)","States","Nebraska","2021-22","97.6",NA,NA,"",NA,""
"7416","MMR (PAC)","MMR (PAC)","States","Nebraska","2022-23","97.8",NA,NA,"",NA,""
"7417","MMR (PAC)","MMR (PAC)","States","Nevada","2017-18","96.8",NA,NA,"",NA,""
"7418","MMR (PAC)","MMR (PAC)","States","Nevada","2018-19","96.7",NA,NA,"",NA,""
"7419","MMR (PAC)","MMR (PAC)","States","Nevada","2019-20","96.3",NA,NA,"",NA,""
"7420","MMR (PAC)","MMR (PAC)","States","Nevada","2020-21","96.9",NA,NA,"",NA,""
"7421","MMR (PAC)","MMR (PAC)","States","Nevada","2021-22","95.7",NA,NA,"",NA,""
"7422","MMR (PAC)","MMR (PAC)","States","Nevada","2022-23","94.9",NA,NA,"",NA,""
"7423","MMR (PAC)","MMR (PAC)","States","New Hampshire","2017-18","97.1",NA,NA,"",NA,""
"7424","MMR (PAC)","MMR (PAC)","States","New Hampshire","2018-19","96.7",NA,NA,"",NA,""
"7425","MMR (PAC)","MMR (PAC)","States","New Hampshire","2019-20","96.9",NA,NA,"",NA,""
"7426","MMR (PAC)","MMR (PAC)","States","New Hampshire","2020-21","97.2",NA,NA,"",NA,""
"7427","MMR (PAC)","MMR (PAC)","States","New Hampshire","2021-22","96.6",NA,NA,"",NA,""
"7428","MMR (PAC)","MMR (PAC)","States","New Hampshire","2022-23","96.6",NA,NA,"",NA,""
"7429","MMR (PAC)","MMR (PAC)","States","New Jersey","2017-18","97.8",NA,NA,"",NA,""
"7430","MMR (PAC)","MMR (PAC)","States","New Jersey","2018-19","97.5",NA,NA,"",NA,""
"7431","MMR (PAC)","MMR (PAC)","States","New Jersey","2019-20","97.4",NA,NA,"",NA,""
"7432","MMR (PAC)","MMR (PAC)","States","New Jersey","2020-21","97.8",NA,NA,"",NA,""
"7433","MMR (PAC)","MMR (PAC)","States","New Jersey","2021-22","97.4",NA,NA,"",NA,""
"7434","MMR (PAC)","MMR (PAC)","States","New Jersey","2022-23","96.8",NA,NA,"",NA,""
"7435","MMR (PAC)","MMR (PAC)","States","New Mexico","2017-18","98.3",NA,NA,"",NA,""
"7436","MMR (PAC)","MMR (PAC)","States","New Mexico","2018-19","98.5",NA,NA,"",NA,""
"7437","MMR (PAC)","MMR (PAC)","States","New Mexico","2019-20","98.5",NA,NA,"",NA,""
"7438","MMR (PAC)","MMR (PAC)","States","New Mexico","2020-21","99.1",NA,NA,"",NA,""
"7439","MMR (PAC)","MMR (PAC)","States","New Mexico","2021-22","98.6",NA,NA,"",NA,""
"7440","MMR (PAC)","MMR (PAC)","States","New Mexico","2022-23","98.5",NA,NA,"",NA,""
"7441","MMR (PAC)","MMR (PAC)","States","New York","2017-18","98.9",NA,NA,"",NA,""
"7442","MMR (PAC)","MMR (PAC)","States","New York","2018-19","97.7",NA,NA,"",NA,""
"7443","MMR (PAC)","MMR (PAC)","States","New York","2019-20","99.9",NA,NA,"",NA,""
"7444","MMR (PAC)","MMR (PAC)","States","New York","2020-21","99.9",NA,NA,"",NA,""
"7445","MMR (PAC)","MMR (PAC)","States","New York","2021-22","99.9",NA,NA,"",NA,""
"7446","MMR (PAC)","MMR (PAC)","States","New York","2022-23","99.9",NA,NA,"",NA,""
"7447","MMR (PAC)","MMR (PAC)","States","NY-City of New York","2017-18","97.8",NA,NA,"",NA,""
"7448","MMR (PAC)","MMR (PAC)","States","NY-City of New York","2018-19","98.8",NA,NA,"",NA,""
"7449","MMR (PAC)","MMR (PAC)","States","NY-City of New York","2019-20","99.9",NA,NA,"",NA,""
"7450","MMR (PAC)","MMR (PAC)","States","NY-City of New York","2020-21","100.0",NA,NA,"",NA,""
"7451","MMR (PAC)","MMR (PAC)","States","NY-City of New York","2021-22","100.0",NA,NA,"",NA,""
"7452","MMR (PAC)","MMR (PAC)","States","NY-City of New York","2022-23","99.9",NA,NA,"",NA,""
"7453","MMR (PAC)","MMR (PAC)","States","North Carolina","2017-18","99.2",NA,NA,"",NA,""
"7454","MMR (PAC)","MMR (PAC)","States","North Carolina","2018-19","99.4",NA,NA,"",NA,""
"7455","MMR (PAC)","MMR (PAC)","States","North Carolina","2019-20","98.3",NA,NA,"",NA,""
"7456","MMR (PAC)","MMR (PAC)","States","North Carolina","2020-21","98.9",NA,NA,"",NA,""
"7457","MMR (PAC)","MMR (PAC)","States","North Carolina","2021-22","99.7",NA,NA,"",NA,""
"7458","MMR (PAC)","MMR (PAC)","States","North Carolina","2022-23","97.7",NA,NA,"",NA,""
"7459","MMR (PAC)","MMR (PAC)","States","North Dakota","2017-18","97.0",NA,NA,"",NA,""
"7460","MMR (PAC)","MMR (PAC)","States","North Dakota","2018-19","96.3",NA,NA,"",NA,""
"7461","MMR (PAC)","MMR (PAC)","States","North Dakota","2019-20","96.6",NA,NA,"",NA,""
"7462","MMR (PAC)","MMR (PAC)","States","North Dakota","2020-21","96.8",NA,NA,"",NA,""
"7463","MMR (PAC)","MMR (PAC)","States","North Dakota","2021-22","95.3",NA,NA,"",NA,""
"7464","MMR (PAC)","MMR (PAC)","States","North Dakota","2022-23","94.9",NA,NA,"",NA,""
"7465","MMR (PAC)","MMR (PAC)","States","Ohio","2017-18","97.9",NA,NA,"",NA,""
"7466","MMR (PAC)","MMR (PAC)","States","Ohio","2018-19","97.6",NA,NA,"",NA,""
"7467","MMR (PAC)","MMR (PAC)","States","Ohio","2019-20","97.6",NA,NA,"",NA,""
"7468","MMR (PAC)","MMR (PAC)","States","Ohio","2020-21","98.1",NA,NA,"",NA,""
"7469","MMR (PAC)","MMR (PAC)","States","Ohio","2021-22","97.3",NA,NA,"",NA,""
"7470","MMR (PAC)","MMR (PAC)","States","Ohio","2022-23","96.2",NA,NA,"",NA,""
"7471","MMR (PAC)","MMR (PAC)","States","Oklahoma","2017-18","98.2",NA,NA,"",NA,""
"7472","MMR (PAC)","MMR (PAC)","States","Oklahoma","2018-19","97.6",NA,NA,"",NA,""
"7473","MMR (PAC)","MMR (PAC)","States","Oklahoma","2019-20","97.5",NA,NA,"",NA,""
"7474","MMR (PAC)","MMR (PAC)","States","Oklahoma","2020-21","97.9",NA,NA,"",NA,""
"7475","MMR (PAC)","MMR (PAC)","States","Oklahoma","2021-22","96.8",NA,NA,"",NA,""
"7476","MMR (PAC)","MMR (PAC)","States","Oklahoma","2022-23","95.6",NA,NA,"",NA,""
"7477","MMR (PAC)","MMR (PAC)","States","Oregon","2017-18","93.7",NA,NA,"",NA,""
"7478","MMR (PAC)","MMR (PAC)","States","Oregon","2018-19","93.9",NA,NA,"",NA,""
"7479","MMR (PAC)","MMR (PAC)","States","Oregon","2019-20","94.3",NA,NA,"",NA,""
"7480","MMR (PAC)","MMR (PAC)","States","Oregon","2020-21","96.7",NA,NA,"",NA,""
"7481","MMR (PAC)","MMR (PAC)","States","Oregon","2021-22","94.3",NA,NA,"",NA,""
"7482","MMR (PAC)","MMR (PAC)","States","Oregon","2022-23","93.1",NA,NA,"",NA,""
"7483","MMR (PAC)","MMR (PAC)","States","Pennsylvania","2017-18","97.2",NA,NA,"",NA,""
"7484","MMR (PAC)","MMR (PAC)","States","Pennsylvania","2018-19","97.1",NA,NA,"",NA,""
"7485","MMR (PAC)","MMR (PAC)","States","Pennsylvania","2019-20","97.0",NA,NA,"",NA,""
"7486","MMR (PAC)","MMR (PAC)","States","Pennsylvania","2020-21","97.3",NA,NA,"",NA,""
"7487","MMR (PAC)","MMR (PAC)","States","Pennsylvania","2021-22","96.7",NA,NA,"",NA,""
"7488","MMR (PAC)","MMR (PAC)","States","Pennsylvania","2022-23","96.2",NA,NA,"",NA,""
"7489","MMR (PAC)","MMR (PAC)","States","Rhode Island","2017-18","99.1",NA,NA,"",NA,""
"7490","MMR (PAC)","MMR (PAC)","States","Rhode Island","2018-19","99.0",NA,NA,"",NA,""
"7491","MMR (PAC)","MMR (PAC)","States","Rhode Island","2019-20","98.9",NA,NA,"",NA,""
"7492","MMR (PAC)","MMR (PAC)","States","Rhode Island","2020-21","99.2",NA,NA,"",NA,""
"7493","MMR (PAC)","MMR (PAC)","States","Rhode Island","2021-22","99.0",NA,NA,"",NA,""
"7494","MMR (PAC)","MMR (PAC)","States","Rhode Island","2022-23","98.6",NA,NA,"",NA,""
"7495","MMR (PAC)","MMR (PAC)","States","South Carolina","2017-18","98.0",NA,NA,"",NA,""
"7496","MMR (PAC)","MMR (PAC)","National","United States","2017-18","97.7",NA,NA,"",NA,""
"7497","MMR (PAC)","MMR (PAC)","National","United States","2018-19","97.5",NA,NA,"",NA,""
"7498","MMR (PAC)","MMR (PAC)","National","United States","2019-20","97.5",NA,NA,"",NA,""
"7499","MMR (PAC)","MMR (PAC)","National","United States","2020-21","97.8",NA,NA,"",NA,""
"7500","MMR (PAC)","MMR (PAC)","National","United States","2021-22","97.4",NA,NA,"",NA,""
"7501","MMR (PAC)","MMR (PAC)","National","United States","2022-23","97.0",NA,NA,"",NA,""
"7502","MMR (PAC)","MMR (PAC)","National","U.S. Median","2017-18","98.0",NA,NA,"",NA,""
"7503","MMR (PAC)","MMR (PAC)","National","U.S. Median","2018-19","97.5",NA,NA,"",NA,""
"7504","MMR (PAC)","MMR (PAC)","National","U.S. Median","2019-20","97.5",NA,NA,"",NA,""
"7505","MMR (PAC)","MMR (PAC)","National","U.S. Median","2020-21","97.8",NA,NA,"",NA,""
"7506","MMR (PAC)","MMR (PAC)","National","U.S. Median","2021-22","97.4",NA,NA,"",NA,""
"7507","MMR (PAC)","MMR (PAC)","National","U.S. Median","2022-23","96.8",NA,NA,"",NA,""
"7508","MMR (PAC)","MMR (PAC)","States","South Carolina","2018-19","97.4",NA,NA,"",NA,""
"7509","MMR (PAC)","MMR (PAC)","States","South Carolina","2019-20","97.4",NA,NA,"",NA,""
"7510","MMR (PAC)","MMR (PAC)","States","South Carolina","2020-21","97.6",NA,NA,"",NA,""
"7511","MMR (PAC)","MMR (PAC)","States","South Carolina","2021-22","97.3",NA,NA,"",NA,""
"7512","MMR (PAC)","MMR (PAC)","States","South Carolina","2022-23","95.9",NA,NA,"",NA,""
"7513","MMR (PAC)","MMR (PAC)","States","South Dakota","2017-18","97.8",NA,NA,"",NA,""
"7514","MMR (PAC)","MMR (PAC)","States","South Dakota","2018-19","97.4",NA,NA,"",NA,""
"7515","MMR (PAC)","MMR (PAC)","States","South Dakota","2019-20","97.3",NA,NA,"",NA,""
"7516","MMR (PAC)","MMR (PAC)","States","South Dakota","2020-21","96.6",NA,NA,"",NA,""
"7517","MMR (PAC)","MMR (PAC)","States","South Dakota","2021-22","96.5",NA,NA,"",NA,""
"7518","MMR (PAC)","MMR (PAC)","States","South Dakota","2022-23","95.9",NA,NA,"",NA,""
"7519","MMR (PAC)","MMR (PAC)","States","Tennessee","2017-18","98.5",NA,NA,"",NA,""
"7520","MMR (PAC)","MMR (PAC)","States","Tennessee","2018-19","98.1",NA,NA,"",NA,""
"7521","MMR (PAC)","MMR (PAC)","States","Tennessee","2019-20","98.0",NA,NA,"",NA,""
"7522","MMR (PAC)","MMR (PAC)","States","Tennessee","2020-21","98.1",NA,NA,"",NA,""
"7523","MMR (PAC)","MMR (PAC)","States","Tennessee","2021-22","97.6",NA,NA,"",NA,""
"7524","MMR (PAC)","MMR (PAC)","States","Tennessee","2022-23","96.8",NA,NA,"",NA,""
"7525","MMR (PAC)","MMR (PAC)","States","Texas","2017-18","98.3",NA,NA,"",NA,""
"7526","MMR (PAC)","MMR (PAC)","States","Texas","2018-19","97.9",NA,NA,"",NA,""
"7527","MMR (PAC)","MMR (PAC)","States","Texas","2019-20","97.8",NA,NA,"",NA,""
"7528","MMR (PAC)","MMR (PAC)","States","Texas","2020-21","98.1",NA,NA,"",NA,""
"7529","MMR (PAC)","MMR (PAC)","States","Texas","2021-22","97.4",NA,NA,"",NA,""
"7530","MMR (PAC)","MMR (PAC)","States","Texas","2022-23","96.8",NA,NA,"",NA,""
"7531","MMR (PAC)","MMR (PAC)","States","TX-City of Houston","2017-18","98.8",NA,NA,"",NA,""
"7532","MMR (PAC)","MMR (PAC)","States","TX-City of Houston","2018-19","98.5",NA,NA,"",NA,""
"7533","MMR (PAC)","MMR (PAC)","States","TX-City of Houston","2019-20","98.7",NA,NA,"",NA,""
"7534","MMR (PAC)","MMR (PAC)","States","TX-City of Houston","2020-21","98.9",NA,NA,"",NA,""
"7535","MMR (PAC)","MMR (PAC)","States","TX-City of Houston","2021-22","98.6",NA,NA,"",NA,""
"7536","MMR (PAC)","MMR (PAC)","States","TX-City of Houston","2022-23","98.2",NA,NA,"",NA,""
"7537","MMR (PAC)","MMR (PAC)","States","Utah","2017-18","95.0",NA,NA,"",NA,""
"7538","MMR (PAC)","MMR (PAC)","States","Utah","2018-19","94.8",NA,NA,"",NA,""
"7539","MMR (PAC)","MMR (PAC)","States","Utah","2019-20","95.1",NA,NA,"",NA,""
"7540","MMR (PAC)","MMR (PAC)","States","Utah","2020-21","95.4",NA,NA,"",NA,""
"7541","MMR (PAC)","MMR (PAC)","States","Utah","2021-22","93.2",NA,NA,"",NA,""
"7542","MMR (PAC)","MMR (PAC)","States","Utah","2022-23","92.4",NA,NA,"",NA,""
"7543","MMR (PAC)","MMR (PAC)","States","Vermont","2017-18","97.0",NA,NA,"",NA,""
"7544","MMR (PAC)","MMR (PAC)","States","Vermont","2018-19","96.1",NA,NA,"",NA,""
"7545","MMR (PAC)","MMR (PAC)","States","Vermont","2019-20","96.9",NA,NA,"",NA,""
"7546","MMR (PAC)","MMR (PAC)","States","Vermont","2020-21","98.1",NA,NA,"",NA,""
"7547","MMR (PAC)","MMR (PAC)","States","Vermont","2021-22","97.3",NA,NA,"",NA,""
"7548","MMR (PAC)","MMR (PAC)","States","Vermont","2022-23","96.9",NA,NA,"",NA,""
"7549","MMR (PAC)","MMR (PAC)","States","Virginia","2017-18","98.5",NA,NA,"",NA,""
"7550","MMR (PAC)","MMR (PAC)","States","Virginia","2018-19","98.3",NA,NA,"",NA,""
"7551","MMR (PAC)","MMR (PAC)","States","Virginia","2019-20","98.3",NA,NA,"",NA,""
"7552","MMR (PAC)","MMR (PAC)","States","Virginia","2020-21","98.5",NA,NA,"",NA,""
"7553","MMR (PAC)","MMR (PAC)","States","Virginia","2021-22","98.2",NA,NA,"",NA,""
"7554","MMR (PAC)","MMR (PAC)","States","Virginia","2022-23","97.8",NA,NA,"",NA,""
"7555","MMR (PAC)","MMR (PAC)","States","Washington","2017-18","95.3",NA,NA,"",NA,""
"7556","MMR (PAC)","MMR (PAC)","States","Washington","2018-19","95.0",NA,NA,"",NA,""
"7557","MMR (PAC)","MMR (PAC)","States","Washington","2019-20","97.1",NA,NA,"",NA,""
"7558","MMR (PAC)","MMR (PAC)","States","Washington","2020-21","98.2",NA,NA,"",NA,""
"7559","MMR (PAC)","MMR (PAC)","States","Washington","2021-22","97.2",NA,NA,"",NA,""
"7560","MMR (PAC)","MMR (PAC)","States","Washington","2022-23","96.8",NA,NA,"",NA,""
"7561","MMR (PAC)","MMR (PAC)","States","West Virginia","2017-18","99.8",NA,NA,"",NA,""
"7562","MMR (PAC)","MMR (PAC)","States","West Virginia","2018-19","99.2",NA,NA,"",NA,""
"7563","MMR (PAC)","MMR (PAC)","States","West Virginia","2019-20","99.9",NA,NA,"",NA,""
"7564","MMR (PAC)","MMR (PAC)","States","West Virginia","2021-22","99.9",NA,NA,"",NA,""
"7565","MMR (PAC)","MMR (PAC)","States","West Virginia","2022-23","99.9",NA,NA,"",NA,""
"7566","MMR (PAC)","MMR (PAC)","States","Wisconsin","2017-18","95.3",NA,NA,"",NA,""
"7567","MMR (PAC)","MMR (PAC)","States","Wisconsin","2018-19","95.3",NA,NA,"",NA,""
"7568","MMR (PAC)","MMR (PAC)","States","Wisconsin","2019-20","94.3",NA,NA,"",NA,""
"7569","MMR (PAC)","MMR (PAC)","States","Wisconsin","2020-21","94.8",NA,NA,"",NA,""
"7570","MMR (PAC)","MMR (PAC)","States","Wisconsin","2021-22","95.1",NA,NA,"",NA,""
"7571","MMR (PAC)","MMR (PAC)","States","Wisconsin","2022-23","94.2",NA,NA,"",NA,""
"7572","MMR (PAC)","MMR (PAC)","States","Wyoming","2018-19","97.2",NA,NA,"",NA,""
"7573","MMR (PAC)","MMR (PAC)","States","Wyoming","2019-20","97.1",NA,NA,"",NA,""
"7574","MMR (PAC)","MMR (PAC)","States","Wyoming","2020-21","97.0",NA,NA,"",NA,""
"7575","MMR (PAC)","MMR (PAC)","States","Wyoming","2021-22","96.3",NA,NA,"",NA,""
"7576","MMR (PAC)","MMR (PAC)","States","Wyoming","2022-23","95.4",NA,NA,"",NA,""
"7577","MMR","","States","Virginia","2024-25","95.6",91453,1.7,"†",NA,"Stratified 2-stage cluster sample"
"7578","MMR","","States","Washington","2024-25","90.9",76756,97.9,"",NA,"Census"
"7579","MMR","","States","Wisconsin","2024-25","84.8",61120,95.7,"‡. §",NA,"Census (pub.), vol. response (prv.)"
"7580","MMR","","States","Wyoming","2024-25","93.6",6564,100,"*",NA,"Census"
"7581","DTP, DTaP, or DT","","States","Alabama","2024-25","95.0",53589,99.9,"",NA,"Census"
"7582","DTP, DTaP, or DT","","States","Alaska","2024-25","82.2",7338,99.8,"¶",NA,"Census (pub.), not conducted (prv.)"
"7583","DTP, DTaP, or DT","","States","Arizona","2024-25","88.7",75024,97.4,"",NA,"Census"
"7584","DTP, DTaP, or DT","","States","Arkansas","2024-25","88.5",37570,96.4,"",NA,"Census (pub.), vol. response (prv.)"
"7585","DTP, DTaP, or DT","","States","California","2024-25","95.1",590849,100,"*. ‡",NA,"Census"
"7586","DTP, DTaP, or DT","","States","Colorado","2024-25","87.4",60055,100,"*. §",NA,"Census"
"7587","DTP, DTaP, or DT","","States","Connecticut","2024-25","98.2",30112,100,"*",NA,"Census"
"7588","DTP, DTaP, or DT","","States","Delaware","2024-25","94.8",10393,14.2,"‡",NA,"2-stage cluster sample (pub.), nonrandom 2-stage cluster sample (prv.)"
"7589","DTP, DTaP, or DT","","States","District of Columbia","2024-25","90.3",7997,100,"*",NA,"Census"
"7590","DTP, DTaP, or DT","","States","Florida","2024-25","88.8",221053,100,">=. *",NA,"Census"
"7591","DTP, DTaP, or DT","","States","Georgia","2024-25","86.8",114568,100,">=. *",NA,"Census"
"7592","DTP, DTaP, or DT","","States","Hawaii","2024-25","92.0",13804,10.5,"",NA,"Stratified 2-stage cluster sample"
"7593","DTP, DTaP, or DT","","States","Idaho","2024-25","78.3",22242,99.5,"",NA,"Census"
"7594","DTP, DTaP, or DT","","States","Illinois","2024-25","91.2",132769,99.5,"",NA,"Census"
"7595","DTP, DTaP, or DT","","States","Indiana","2024-25","81.7",73744,92.7,"§",NA,"Census (pub.), vol. response (prv.)"
"7596","DTP, DTaP, or DT","","States","Iowa","2024-25","88.8",38268,100,">=. *",NA,"Census"
"7597","DTP, DTaP, or DT","","States","Kansas","2024-25","90.8",33892,29.2,"†. ‡. §",NA,"Stratified 2-stage cluster sample"
"7598","DTP, DTaP, or DT","","States","Kentucky","2024-25","86.2",51319,100,"*. §",NA,"Census"
"7599","DTP, DTaP, or DT","","States","Louisiana","2024-25","95.3",49229,100,"*",NA,"Census"
"7600","DTP, DTaP, or DT","","States","Maine","2024-25","97.3",11761,95.4,"",NA,"Census"
"7601","DTP, DTaP, or DT","","States","Maryland","2024-25","96.6",66135,95.6,"‡",NA,"Census (pub.), vol. response (prv.)"
"7602","DTP, DTaP, or DT","","States","Massachusetts","2024-25","96.3",65581,100,"*. ‡",NA,"Census"
"7603","DTP, DTaP, or DT","","States","Michigan","2024-25","91.6",107636,100,"*. ‡",NA,"Census"
"7604","DTP, DTaP, or DT","","States","Minnesota","2024-25","87.0",64898,99.7,"",NA,"Census"
"7605","DTP, DTaP, or DT","","States","Mississippi","2024-25","97.6",35293,100,">=. *",NA,"Census"
"7606","DTP, DTaP, or DT","","States","Missouri","2024-25","90.0",68163,100,"*",NA,"Census"
"7607","DTP, DTaP, or DT","","States","Nebraska","2024-25","95.1",24102,100,"*. ‡",NA,"Census"
"7608","DTP, DTaP, or DT","","States","Nevada","2024-25","90.3",33272,92.6,"",NA,"Census (pub.), vol. response (prv.)"
"7609","DTP, DTaP, or DT","","States","New Hampshire","2024-25","89.2",11713,100,">=. *. §",NA,"Census"
"7610","DTP, DTaP, or DT","","States","New Jersey","2024-25","92.8",104339,100,">=. *",NA,"Census"
"7611","DTP, DTaP, or DT","","States","New Mexico","2024-25","94.5",20180,100,"*",NA,"Census"
"7612","DTP, DTaP, or DT","","States","New York","2024-25","97.2",234054,85.1,"",NA,"Vol. response"
"7613","DTP, DTaP, or DT","","States","NY-City of New York","2024-25","95.9",85986,96.9,"",NA,"Census (pub.), vol. response (prv.)"
"7614","DTP, DTaP, or DT","","States","North Carolina","2024-25","94.0",124028,91,"§",NA,"Census (pub.), vol. response (prv.)"
"7615","DTP, DTaP, or DT","","States","North Dakota","2024-25","89.7",9659,98.8,"",NA,"Census"
"7616","DTP, DTaP, or DT","","States","Ohio","2024-25","88.8",131589,93.2,"",NA,"Census (pub.), vol. response (prv.)"
"7617","DTP, DTaP, or DT","","States","Oklahoma","2024-25","89.5",47544,86.7,"‡",NA,"Vol. response"
"7618","DTP, DTaP, or DT","","States","Oregon","2024-25","89.6",38247,100,"*. ‡",NA,"Census"
"7619","DTP, DTaP, or DT","","States","Pennsylvania","2024-25","92.7",140160,95.3,"",NA,"Census (pub.), vol. response (prv.)"
"7620","MMR","","States","Alabama","2024-25","95.2",53589,99.9,"",NA,"Census"
"7621","MMR","","States","Alaska","2024-25","81.2",7338,99.8,"¶",NA,"Census (pub.), not conducted (prv.)"
"7622","MMR","","States","Arizona","2024-25","88.6",75024,97.4,"",NA,"Census"
"7623","MMR","","States","Arkansas","2024-25","89.6",37570,96.4,"",NA,"Census (pub.), vol. response (prv.)"
"7624","MMR","","States","California","2024-25","96.1",590849,100,"*. ‡",NA,"Census"
"7625","MMR","","States","Colorado","2024-25","88.0",60055,100,"*. §",NA,"Census"
"7626","MMR","","States","Connecticut","2024-25","98.2",30112,100,"*",NA,"Census"
"7627","MMR","","States","Delaware","2024-25","94.1",10393,14.2,"‡",NA,"2-stage cluster sample (pub.), nonrandom 2-stage cluster sample (prv.)"
"7628","MMR","","States","District of Columbia","2024-25","92.7",7997,100,"*",NA,"Census"
"7629","MMR","","States","Florida","2024-25","88.8",221053,100,">=. *",NA,"Census"
"7630","MMR","","States","Georgia","2024-25","86.8",114568,100,">=. *",NA,"Census"
"7631","MMR","","States","Hawaii","2024-25","90.1",13804,10.5,"",NA,"Stratified 2-stage cluster sample"
"7632","MMR","","States","Idaho","2024-25","78.5",22242,99.5,"",NA,"Census"
"7633","MMR","","States","Illinois","2024-25","91.8",132769,99.5,"",NA,"Census"
"7634","MMR","","States","Indiana","2024-25","90.8",73744,92.7,"§",NA,"Census (pub.), vol. response (prv.)"
"7635","MMR","","States","Iowa","2024-25","88.8",38268,100,">=. *",NA,"Census"
"7636","MMR","","States","Kansas","2024-25","91.0",33892,29.2,"†. ‡. §",NA,"Stratified 2-stage cluster sample"
"7637","MMR","","States","Kentucky","2024-25","86.9",51319,100,"*. §",NA,"Census"
"7638","MMR","","States","Louisiana","2024-25","92.6",49229,100,"*",NA,"Census"
"7639","MMR","","States","Maine","2024-25","97.6",11761,95.4,"",NA,"Census"
"7640","MMR","","States","Maryland","2024-25","96.4",66135,95.6,"‡",NA,"Census (pub.), vol. response (prv.)"
"7641","MMR","","States","Massachusetts","2024-25","96.6",65581,100,"*. ‡",NA,"Census"
"7642","MMR","","States","Michigan","2024-25","91.6",107636,100,"*. ‡",NA,"Census"
"7643","MMR","","States","Minnesota","2024-25","86.5",64898,99.7,"",NA,"Census"
"7644","MMR","","States","Mississippi","2024-25","97.6",35293,100,">=. *",NA,"Census"
"7645","MMR","","States","Missouri","2024-25","90.0",68163,100,"*",NA,"Census"
"7646","MMR","","States","Nebraska","2024-25","94.2",24102,100,"*. ‡",NA,"Census"
"7647","MMR","","States","Nevada","2024-25","91.3",33272,92.6,"",NA,"Census (pub.), vol. response (prv.)"
"7648","MMR","","States","New Hampshire","2024-25","89.2",11713,100,">=. *. §",NA,"Census"
"7649","MMR","","States","New Jersey","2024-25","92.8",104339,100,">=. *",NA,"Census"
"7650","MMR","","States","New Mexico","2024-25","94.8",20180,100,"*",NA,"Census"
"7651","MMR","","States","New York","2024-25","97.8",234054,85.1,"",NA,"Vol. response"
"7652","MMR","","States","NY-City of New York","2024-25","97.1",85986,96.9,"",NA,"Census (pub.), vol. response (prv.)"
"7653","MMR","","States","North Carolina","2024-25","94.2",124028,91,"§",NA,"Census (pub.), vol. response (prv.)"
"7654","MMR","","States","North Dakota","2024-25","90.0",9659,98.8,"",NA,"Census"
"7655","MMR","","States","Ohio","2024-25","88.3",131589,93.2,"",NA,"Census (pub.), vol. response (prv.)"
"7656","MMR","","States","Oklahoma","2024-25","88.7",47544,86.7,"‡",NA,"Vol. response"
"7657","MMR","","States","Oregon","2024-25","90.5",38247,100,"*. ‡",NA,"Census"
"7658","MMR","","States","Pennsylvania","2024-25","92.4",140160,95.3,"",NA,"Census (pub.), vol. response (prv.)"
"7659","MMR","","States","Rhode Island","2024-25","96.7",10088,96.7,"‡. §",NA,"Census"
"7660","MMR","","States","South Carolina","2024-25","91.2",57718,34.3,"†",NA,"Stratified 1-stage cluster sample"
"7661","MMR","","States","South Dakota","2024-25","90.0",11367,99.3,"§",NA,"Census"
"7662","MMR","","States","Tennessee","2024-25","94.4",78299,96.7,"§",NA,"Census"
"7663","MMR","","States","Texas","2024-25","93.2",378860,97.3,"‡. §",NA,"Census (pub.), vol. response (prv.)"
"7664","MMR","","States","TX-City of Houston","2024-25","88.7",36981,98.8,"‡. §",NA,"Census (pub.), vol. response (prv.)"
"7665","MMR","","States","Utah","2024-25","88.6",45818,100,"*",NA,"Census"
"7666","MMR","","States","Vermont","2024-25","93.5",5432,100,"*",NA,"Census"
"7667","DTP, DTaP, or DT","","States","Rhode Island","2024-25","96.7",10088,96.7,"‡. §",NA,"Census"
"7668","DTP, DTaP, or DT","","States","South Carolina","2024-25","91.8",57718,34.3,"†",NA,"Stratified 1-stage cluster sample"
"7669","DTP, DTaP, or DT","","States","South Dakota","2024-25","89.6",11367,99.3,"§",NA,"Census"
"7670","DTP, DTaP, or DT","","States","Tennessee","2024-25","94.0",78299,96.7,"§",NA,"Census"
"7671","DTP, DTaP, or DT","","States","Texas","2024-25","92.9",378860,97.3,"‡. §",NA,"Census (pub.), vol. response (prv.)"
"7672","DTP, DTaP, or DT","","States","TX-City of Houston","2024-25","88.3",36981,98.8,"‡. §",NA,"Census (pub.), vol. response (prv.)"
"7673","DTP, DTaP, or DT","","States","Utah","2024-25","88.1",45818,100,"*",NA,"Census"
"7674","DTP, DTaP, or DT","","States","Vermont","2024-25","93.3",5432,100,"*",NA,"Census"
"7675","DTP, DTaP, or DT","","States","Virginia","2024-25","98.2",91453,1.7,"†",NA,"Stratified 2-stage cluster sample"
"7676","DTP, DTaP, or DT","","States","Washington","2024-25","89.7",76756,97.9,"",NA,"Census"
"7677","DTP, DTaP, or DT","","States","Wisconsin","2024-25","85.7",61120,95.7,"‡. §",NA,"Census (pub.), vol. response (prv.)"
"7678","DTP, DTaP, or DT","","States","Wyoming","2024-25","92.5",6564,100,"*",NA,"Census"
"7679","Varicella","1 Dose (or disease history)","States","Alabama","2024-25","98.0",53589,99.9,"",NA,"Census"
"7680","Varicella","1 Dose (or disease history)","States","Alaska","2024-25","NReq",7338,99.8,"¶",NA,"Census (pub.), not conducted (prv.)"
"7681","Varicella","1 Dose (or disease history)","States","Arizona","2024-25","93.4",75024,97.4,"",NA,"Census"
"7682","Varicella","1 Dose (or disease history)","States","Arkansas","2024-25","NReq",37570,96.4,"",NA,"Census (pub.), vol. response (prv.)"
"7683","Varicella","1 Dose (or disease history)","States","California","2024-25","NReq",590849,100,"*. ‡",NA,"Census"
"7684","Varicella","1 Dose (or disease history)","States","Colorado","2024-25","NReq",60055,100,"*. §",NA,"Census"
"7685","Varicella","1 Dose (or disease history)","States","Connecticut","2024-25","NReq",30112,100,"*",NA,"Census"
"7686","Varicella","1 Dose (or disease history)","States","Delaware","2024-25","NReq",10393,14.2,"‡",NA,"2-stage cluster sample (pub.), nonrandom 2-stage cluster sample (prv.)"
"7687","Varicella","1 Dose (or disease history)","States","District of Columbia","2024-25","NReq",7997,100,"*",NA,"Census"
"7688","Varicella","1 Dose (or disease history)","States","Florida","2024-25","NReq",221053,100,">=. *",NA,"Census"
"7689","Varicella","1 Dose (or disease history)","States","Georgia","2024-25","NReq",114568,100,">=. *",NA,"Census"
"7690","Varicella","1 Dose (or disease history)","States","Hawaii","2024-25","NReq",13804,10.5,"",NA,"Stratified 2-stage cluster sample"
"7691","Varicella","1 Dose (or disease history)","States","Idaho","2024-25","NReq",22242,99.5,"",NA,"Census"
"7692","Varicella","1 Dose (or disease history)","States","Illinois","2024-25","NReq",132769,99.5,"",NA,"Census"
"7693","Varicella","1 Dose (or disease history)","States","Indiana","2024-25","NReq",73744,92.7,"§",NA,"Census (pub.), vol. response (prv.)"
"7694","Varicella","1 Dose (or disease history)","States","Iowa","2024-25","NReq",38268,100,">=. *",NA,"Census"
"7695","Varicella","1 Dose (or disease history)","States","Kansas","2024-25","NReq",33892,29.2,"†. ‡. §",NA,"Stratified 2-stage cluster sample"
"7696","Varicella","1 Dose (or disease history)","States","Kentucky","2024-25","NReq",51319,100,"*. §",NA,"Census"
"7697","Varicella","1 Dose (or disease history)","States","Louisiana","2024-25","NReq",49229,100,"*",NA,"Census"
"7698","Varicella","1 Dose (or disease history)","States","Maine","2024-25","NReq",11761,95.4,"",NA,"Census"
"7699","Varicella","1 Dose (or disease history)","States","Maryland","2024-25","NReq",66135,95.6,"‡",NA,"Census (pub.), vol. response (prv.)"
"7700","Varicella","1 Dose (or disease history)","States","Massachusetts","2024-25","NReq",65581,100,"*. ‡",NA,"Census"
"7701","Varicella","1 Dose (or disease history)","States","Michigan","2024-25","NReq",107636,100,"*. ‡",NA,"Census"
"7702","Varicella","1 Dose (or disease history)","States","Minnesota","2024-25","NReq",64898,99.7,"",NA,"Census"
"7703","Varicella","1 Dose (or disease history)","States","Mississippi","2024-25","NReq",35293,100,">=. *",NA,"Census"
"7704","Varicella","1 Dose (or disease history)","States","Missouri","2024-25","NReq",68163,100,"*",NA,"Census"
"7705","Varicella","1 Dose (or disease history)","States","Nebraska","2024-25","NReq",24102,100,"*. ‡",NA,"Census"
"7706","Varicella","1 Dose (or disease history)","States","Nevada","2024-25","NReq",33272,92.6,"",NA,"Census (pub.), vol. response (prv.)"
"7707","Varicella","1 Dose (or disease history)","States","New Hampshire","2024-25","NReq",11713,100,">=. *. §",NA,"Census"
"7708","Varicella","1 Dose (or disease history)","States","New Jersey","2024-25","92.8",104339,100,">=. *",NA,"Census"
"7709","Varicella","1 Dose (or disease history)","States","New Mexico","2024-25","NReq",20180,100,"*",NA,"Census"
"7710","Varicella","1 Dose (or disease history)","States","New York","2024-25","NReq",234054,85.1,"",NA,"Vol. response"
"7711","Varicella","1 Dose (or disease history)","States","NY-City of New York","2024-25","NReq",85986,96.9,"",NA,"Census (pub.), vol. response (prv.)"
"7712","Varicella","1 Dose (or disease history)","States","North Carolina","2024-25","NReq",124028,91,"§",NA,"Census (pub.), vol. response (prv.)"
"7713","Varicella","1 Dose (or disease history)","States","North Dakota","2024-25","NReq",9659,98.8,"",NA,"Census"
"7714","Varicella","1 Dose (or disease history)","States","Ohio","2024-25","NReq",131589,93.2,"",NA,"Census (pub.), vol. response (prv.)"
"7715","Varicella","1 Dose (or disease history)","States","Oklahoma","2024-25","94.0",47544,86.7,"‡",NA,"Vol. response"
"7716","Varicella","1 Dose (or disease history)","States","Oregon","2024-25","93.3",38247,100,"*. ‡",NA,"Census"
"7717","Varicella","1 Dose (or disease history)","States","Pennsylvania","2024-25","NReq",140160,95.3,"",NA,"Census (pub.), vol. response (prv.)"
"7718","Varicella","1 Dose (or disease history)","States","Rhode Island","2024-25","NReq",10088,96.7,"‡. §",NA,"Census"
"7719","Varicella","1 Dose (or disease history)","States","South Carolina","2024-25","NReq",57718,34.3,"†",NA,"Stratified 1-stage cluster sample"
"7720","Varicella","1 Dose (or disease history)","States","South Dakota","2024-25","NReq",11367,99.3,"§",NA,"Census"
"7721","Varicella","1 Dose (or disease history)","States","Tennessee","2024-25","NReq",78299,96.7,"§",NA,"Census"
"7722","Varicella","1 Dose (or disease history)","States","Texas","2024-25","NReq",378860,97.3,"‡. §",NA,"Census (pub.), vol. response (prv.)"
"7723","Varicella","1 Dose (or disease history)","States","TX-City of Houston","2024-25","NReq",36981,98.8,"‡. §",NA,"Census (pub.), vol. response (prv.)"
"7724","Varicella","1 Dose (or disease history)","States","Utah","2024-25","NReq",45818,100,"*",NA,"Census"
"7725","Varicella","1 Dose (or disease history)","States","Vermont","2024-25","NReq",5432,100,"*",NA,"Census"
"7726","Varicella","1 Dose (or disease history)","States","Virginia","2024-25","NReq",91453,1.7,"†",NA,"Stratified 2-stage cluster sample"
"7727","Varicella","1 Dose (or disease history)","States","Washington","2024-25","NReq",76756,97.9,"",NA,"Census"
"7728","Varicella","1 Dose (or disease history)","States","Wisconsin","2024-25","NReq",61120,95.7,"‡. §",NA,"Census (pub.), vol. response (prv.)"
"7729","Varicella","1 Dose (or disease history)","States","Wyoming","2024-25","93.4",6564,100,"*",NA,"Census"
"7730","Varicella","2 Doses (or disease history)","States","Alabama","2024-25","NReq",53589,99.9,"",NA,"Census"
"7731","Varicella","2 Doses (or disease history)","States","Alaska","2024-25","79.6",7338,99.8,"¶",NA,"Census (pub.), not conducted (prv.)"
"7732","Varicella","2 Doses (or disease history)","States","Arizona","2024-25","NReq",75024,97.4,"",NA,"Census"
"7733","Varicella","2 Doses (or disease history)","States","Arkansas","2024-25","89.2",37570,96.4,"",NA,"Census (pub.), vol. response (prv.)"
"7734","Varicella","2 Doses (or disease history)","States","California","2024-25","95.7",590849,100,"*. ‡",NA,"Census"
"7735","Varicella","2 Doses (or disease history)","States","Colorado","2024-25","86.8",60055,100,"*. §",NA,"Census"
"7736","Varicella","2 Doses (or disease history)","States","Connecticut","2024-25","98.1",30112,100,"*",NA,"Census"
"7737","Varicella","2 Doses (or disease history)","States","Delaware","2024-25","93.6",10393,14.2,"‡",NA,"2-stage cluster sample (pub.), nonrandom 2-stage cluster sample (prv.)"
"7738","Varicella","2 Doses (or disease history)","States","District of Columbia","2024-25","92.1",7997,100,"*",NA,"Census"
"7739","Varicella","2 Doses (or disease history)","States","Florida","2024-25","88.8",221053,100,">=. *",NA,"Census"
"7740","Varicella","2 Doses (or disease history)","States","Georgia","2024-25","86.8",114568,100,">=. *",NA,"Census"
"7741","Varicella","2 Doses (or disease history)","States","Hawaii","2024-25","89.7",13804,10.5,"",NA,"Stratified 2-stage cluster sample"
"7742","Varicella","2 Doses (or disease history)","States","Idaho","2024-25","78.1",22242,99.5,"",NA,"Census"
"7743","Varicella","2 Doses (or disease history)","States","Illinois","2024-25","91.3",132769,99.5,"",NA,"Census"
"7744","Varicella","2 Doses (or disease history)","States","Indiana","2024-25","90.3",73744,92.7,"§",NA,"Census (pub.), vol. response (prv.)"
"7745","Varicella","2 Doses (or disease history)","States","Iowa","2024-25","88.8",38268,100,">=. *",NA,"Census"
"7746","Varicella","2 Doses (or disease history)","States","Kansas","2024-25","89.4",33892,29.2,"†. ‡. §",NA,"Stratified 2-stage cluster sample"
"7747","Varicella","2 Doses (or disease history)","States","Kentucky","2024-25","86.2",51319,100,"*. §",NA,"Census"
"7748","Varicella","2 Doses (or disease history)","States","Louisiana","2024-25","92.2",49229,100,"*",NA,"Census"
"7749","Varicella","2 Doses (or disease history)","States","Maine","2024-25","97.4",11761,95.4,"",NA,"Census"
"7750","Varicella","2 Doses (or disease history)","States","Maryland","2024-25","96.0",66135,95.6,"‡",NA,"Census (pub.), vol. response (prv.)"
"7751","Varicella","2 Doses (or disease history)","States","Massachusetts","2024-25","96.0",65581,100,"*. ‡",NA,"Census"
"7752","Varicella","2 Doses (or disease history)","States","Michigan","2024-25","91.3",107636,100,"*. ‡",NA,"Census"
"7753","Varicella","2 Doses (or disease history)","States","Minnesota","2024-25","86.7",64898,99.7,"",NA,"Census"
"7754","Varicella","2 Doses (or disease history)","States","Mississippi","2024-25","97.6",35293,100,">=. *",NA,"Census"
"7755","Varicella","2 Doses (or disease history)","States","Missouri","2024-25","89.5",68163,100,"*",NA,"Census"
"7756","Varicella","2 Doses (or disease history)","States","Nebraska","2024-25","93.8",24102,100,"*. ‡",NA,"Census"
"7757","Varicella","2 Doses (or disease history)","States","Nevada","2024-25","90.5",33272,92.6,"",NA,"Census (pub.), vol. response (prv.)"
"7758","Varicella","2 Doses (or disease history)","States","New Hampshire","2024-25","89.2",11713,100,">=. *. §",NA,"Census"
"7759","Varicella","2 Doses (or disease history)","States","New Jersey","2024-25","NReq",104339,100,">=. *",NA,"Census"
"7760","Varicella","2 Doses (or disease history)","States","New Mexico","2024-25","94.2",20180,100,"*",NA,"Census"
"7761","Varicella","2 Doses (or disease history)","States","New York","2024-25","97.5",234054,85.1,"",NA,"Vol. response"
"7762","Varicella","2 Doses (or disease history)","States","NY-City of New York","2024-25","96.3",85986,96.9,"",NA,"Census (pub.), vol. response (prv.)"
"7763","Varicella","2 Doses (or disease history)","States","North Carolina","2024-25","93.8",124028,91,"§",NA,"Census (pub.), vol. response (prv.)"
"7764","Varicella","2 Doses (or disease history)","States","North Dakota","2024-25","89.7",9659,98.8,"",NA,"Census"
"7765","Varicella","2 Doses (or disease history)","States","Ohio","2024-25","87.8",131589,93.2,"",NA,"Census (pub.), vol. response (prv.)"
"7766","Varicella","2 Doses (or disease history)","States","Oklahoma","2024-25","NReq",47544,86.7,"‡",NA,"Vol. response"
"7767","Varicella","2 Doses (or disease history)","States","Oregon","2024-25","NReq",38247,100,"*. ‡",NA,"Census"
"7768","Varicella","2 Doses (or disease history)","States","Pennsylvania","2024-25","92.1",140160,95.3,"",NA,"Census (pub.), vol. response (prv.)"
"7769","Varicella","2 Doses (or disease history)","States","Rhode Island","2024-25","96.1",10088,96.7,"‡. §",NA,"Census"
"7770","Varicella","2 Doses (or disease history)","States","South Carolina","2024-25","90.6",57718,34.3,"†",NA,"Stratified 1-stage cluster sample"
"7771","Varicella","2 Doses (or disease history)","States","South Dakota","2024-25","89.3",11367,99.3,"§",NA,"Census"
"7772","Varicella","2 Doses (or disease history)","States","Tennessee","2024-25","94.1",78299,96.7,"§",NA,"Census"
"7773","Varicella","2 Doses (or disease history)","States","Texas","2024-25","92.6",378860,97.3,"‡. §",NA,"Census (pub.), vol. response (prv.)"
"7774","Varicella","2 Doses (or disease history)","States","TX-City of Houston","2024-25","87.8",36981,98.8,"‡. §",NA,"Census (pub.), vol. response (prv.)"
"7775","Varicella","2 Doses (or disease history)","States","Utah","2024-25","88.1",45818,100,"*",NA,"Census"
"7776","Varicella","2 Doses (or disease history)","States","Vermont","2024-25","92.9",5432,100,"*",NA,"Census"
"7777","Varicella","2 Doses (or disease history)","States","Virginia","2024-25","95.3",91453,1.7,"†",NA,"Stratified 2-stage cluster sample"
"7778","Varicella","2 Doses (or disease history)","States","Washington","2024-25","89.5",76756,97.9,"",NA,"Census"
"7779","Varicella","2 Doses (or disease history)","States","Wisconsin","2024-25","84.0",61120,95.7,"‡. §",NA,"Census (pub.), vol. response (prv.)"
"7780","Varicella","2 Doses (or disease history)","States","Wyoming","2024-25","NReq",6564,100,"*",NA,"Census"
"7781","Hepatitis B","","States","Alabama","2024-25","NReq",53589,99.9,"",NA,"Census"
"7782","Hepatitis B","","States","Alaska","2024-25","84.1",7338,99.8,"¶",NA,"Census (pub.), not conducted (prv.)"
"7783","Hepatitis B","","States","Arizona","2024-25","92.3",75024,97.4,"",NA,"Census"
"7784","Hepatitis B","","States","Arkansas","2024-25","92.0",37570,96.4,"",NA,"Census (pub.), vol. response (prv.)"
"7785","Hepatitis B","","States","California","2024-25","97.2",590849,100,"*. ‡",NA,"Census"
"7786","Hepatitis B","","States","Colorado","2024-25","91.3",60055,100,"*. §",NA,"Census"
"7787","Hepatitis B","","States","Connecticut","2024-25","98.7",30112,100,"*",NA,"Census"
"7788","Hepatitis B","","States","Delaware","2024-25","95.7",10393,14.2,"‡",NA,"2-stage cluster sample (pub.), nonrandom 2-stage cluster sample (prv.)"
"7789","Hepatitis B","","States","District of Columbia","2024-25","94.1",7997,100,"*",NA,"Census"
"7790","Hepatitis B","","States","Florida","2024-25","88.8",221053,100,">=. *",NA,"Census"
"7791","Hepatitis B","","States","Georgia","2024-25","86.8",114568,100,">=. *",NA,"Census"
"7792","Hepatitis B","","States","Hawaii","2024-25","92.8",13804,10.5,"",NA,"Stratified 2-stage cluster sample"
"7793","Hepatitis B","","States","Idaho","2024-25","84.0",22242,99.5,"",NA,"Census"
"7794","Hepatitis B","","States","Illinois","2024-25","NReq",132769,99.5,"",NA,"Census"
"7795","Hepatitis B","","States","Indiana","2024-25","93.2",73744,92.7,"§",NA,"Census (pub.), vol. response (prv.)"
"7796","Hepatitis B","","States","Iowa","2024-25","88.8",38268,100,">=. *",NA,"Census"
"7797","Hepatitis B","","States","Kansas","2024-25","96.4",33892,29.2,"†. ‡. §",NA,"Stratified 2-stage cluster sample"
"7798","Hepatitis B","","States","Kentucky","2024-25","87.8",51319,100,"*. §",NA,"Census"
"7799","Hepatitis B","","States","Louisiana","2024-25","97.1",49229,100,"*",NA,"Census"
"7800","Hepatitis B","","States","Maine","2024-25","NReq",11761,95.4,"",NA,"Census"
"7801","Hepatitis B","","States","Maryland","2024-25","96.8",66135,95.6,"‡",NA,"Census (pub.), vol. response (prv.)"
"7802","Hepatitis B","","States","Massachusetts","2024-25","97.5",65581,100,"*. ‡",NA,"Census"
"7803","Hepatitis B","","States","Michigan","2024-25","92.4",107636,100,"*. ‡",NA,"Census"
"7804","Hepatitis B","","States","Minnesota","2024-25","92.3",64898,99.7,"",NA,"Census"
"7805","Hepatitis B","","States","Mississippi","2024-25","97.6",35293,100,">=. *",NA,"Census"
"7806","Hepatitis B","","States","Missouri","2024-25","92.7",68163,100,"*",NA,"Census"
"7807","Hepatitis B","","States","Nebraska","2024-25","95.9",24102,100,"*. ‡",NA,"Census"
"7808","Hepatitis B","","States","Nevada","2024-25","92.9",33272,92.6,"",NA,"Census (pub.), vol. response (prv.)"
"7809","Hepatitis B","","States","New Hampshire","2024-25","89.2",11713,100,">=. *. §",NA,"Census"
"7810","Hepatitis B","","States","New Jersey","2024-25","92.8",104339,100,">=. *",NA,"Census"
"7811","Hepatitis B","","States","New Mexico","2024-25","96.3",20180,100,"*",NA,"Census"
"7812","Hepatitis B","","States","New York","2024-25","98.4",234054,85.1,"",NA,"Vol. response"
"7813","Hepatitis B","","States","NY-City of New York","2024-25","98.1",85986,96.9,"",NA,"Census (pub.), vol. response (prv.)"
"7814","Hepatitis B","","States","North Carolina","2024-25","95.2",124028,91,"§",NA,"Census (pub.), vol. response (prv.)"
"7815","Hepatitis B","","States","North Dakota","2024-25","92.7",9659,98.8,"",NA,"Census"
"7816","Hepatitis B","","States","Ohio","2024-25","92.3",131589,93.2,"",NA,"Census (pub.), vol. response (prv.)"
"7817","Hepatitis B","","States","Oklahoma","2024-25","93.6",47544,86.7,"‡",NA,"Vol. response"
"7818","Hepatitis B","","States","Oregon","2024-25","92.5",38247,100,"*. ‡",NA,"Census"
"7819","Hepatitis B","","States","Pennsylvania","2024-25","93.9",140160,95.3,"",NA,"Census (pub.), vol. response (prv.)"
"7820","Hepatitis B","","States","Rhode Island","2024-25","97.9",10088,96.7,"‡. §",NA,"Census"
"7821","Hepatitis B","","States","South Carolina","2024-25","92.0",57718,34.3,"†",NA,"Stratified 1-stage cluster sample"
"7822","Hepatitis B","","States","South Dakota","2024-25","NReq",11367,99.3,"§",NA,"Census"
"7823","Hepatitis B","","States","Tennessee","2024-25","95.4",78299,96.7,"§",NA,"Census"
"7824","Hepatitis B","","States","Texas","2024-25","94.7",378860,97.3,"‡. §",NA,"Census (pub.), vol. response (prv.)"
"7825","Hepatitis B","","States","TX-City of Houston","2024-25","93.0",36981,98.8,"‡. §",NA,"Census (pub.), vol. response (prv.)"
"7826","Hepatitis B","","States","Utah","2024-25","90.2",45818,100,"*",NA,"Census"
"7827","Hepatitis B","","States","Vermont","2024-25","95.2",5432,100,"*",NA,"Census"
"7828","Hepatitis B","","States","Virginia","2024-25","95.1",91453,1.7,"†",NA,"Stratified 2-stage cluster sample"
"7829","Hepatitis B","","States","Washington","2024-25","92.7",76756,97.9,"",NA,"Census"
"7830","Hepatitis B","","States","Wisconsin","2024-25","92.3",61120,95.7,"‡. §",NA,"Census (pub.), vol. response (prv.)"
"7831","Hepatitis B","","States","Wyoming","2024-25","93.9",6564,100,"*",NA,"Census"
"7832","Polio","","States","Alabama","2024-25","96.0",53589,99.9,"",NA,"Census"
"7833","Polio","","States","Alaska","2024-25","81.5",7338,99.8,"¶",NA,"Census (pub.), not conducted (prv.)"
"7834","Polio","","States","Arizona","2024-25","89.1",75024,97.4,"",NA,"Census"
"7835","Polio","","States","Arkansas","2024-25","88.8",37570,96.4,"",NA,"Census (pub.), vol. response (prv.)"
"7836","Polio","","States","California","2024-25","96.0",590849,100,"*. ‡",NA,"Census"
"7837","Polio","","States","Colorado","2024-25","87.6",60055,100,"*. §",NA,"Census"
"7838","Polio","","States","Connecticut","2024-25","98.3",30112,100,"*",NA,"Census"
"7839","Polio","","States","Delaware","2024-25","94.9",10393,14.2,"‡",NA,"2-stage cluster sample (pub.), nonrandom 2-stage cluster sample (prv.)"
"7840","Polio","","States","District of Columbia","2024-25","92.3",7997,100,"*",NA,"Census"
"7841","Polio","","States","Florida","2024-25","88.8",221053,100,">=. *",NA,"Census"
"7842","Polio","","States","Georgia","2024-25","86.8",114568,100,">=. *",NA,"Census"
"7843","Polio","","States","Hawaii","2024-25","92.5",13804,10.5,"",NA,"Stratified 2-stage cluster sample"
"7844","Polio","","States","Idaho","2024-25","78.9",22242,99.5,"",NA,"Census"
"7845","Polio","","States","Illinois","2024-25","91.5",132769,99.5,"",NA,"Census"
"7846","Polio","","States","Indiana","2024-25","87.7",73744,92.7,"§",NA,"Census (pub.), vol. response (prv.)"
"7847","Polio","","States","Iowa","2024-25","88.8",38268,100,">=. *",NA,"Census"
"7848","Polio","","States","Kansas","2024-25","92.3",33892,29.2,"†. ‡. §",NA,"Stratified 2-stage cluster sample"
"7849","Polio","","States","Kentucky","2024-25","86.7",51319,100,"*. §",NA,"Census"
"7850","Polio","","States","Louisiana","2024-25","96.9",49229,100,"*",NA,"Census"
"7851","Polio","","States","Maine","2024-25","97.7",11761,95.4,"",NA,"Census"
"7852","Polio","","States","Maryland","2024-25","96.9",66135,95.6,"‡",NA,"Census (pub.), vol. response (prv.)"
"7853","Polio","","States","Massachusetts","2024-25","96.5",65581,100,"*. ‡",NA,"Census"
"7854","Polio","","States","Michigan","2024-25","92.2",107636,100,"*. ‡",NA,"Census"
"7855","Polio","","States","Minnesota","2024-25","87.5",64898,99.7,"",NA,"Census"
"7856","Polio","","States","Mississippi","2024-25","97.6",35293,100,">=. *",NA,"Census"
"7857","Polio","","States","Missouri","2024-25","90.7",68163,100,"*",NA,"Census"
"7858","Polio","","States","Nebraska","2024-25","96.0",24102,100,"*. ‡",NA,"Census"
"7859","Polio","","States","Nevada","2024-25","90.9",33272,92.6,"",NA,"Census (pub.), vol. response (prv.)"
"7860","Polio","","States","New Hampshire","2024-25","89.2",11713,100,">=. *. §",NA,"Census"
"7861","Polio","","States","New Jersey","2024-25","92.8",104339,100,">=. *",NA,"Census"
"7862","Polio","","States","New Mexico","2024-25","94.9",20180,100,"*",NA,"Census"
"7863","Polio","","States","New York","2024-25","97.6",234054,85.1,"",NA,"Vol. response"
"7864","Polio","","States","NY-City of New York","2024-25","96.4",85986,96.9,"",NA,"Census (pub.), vol. response (prv.)"
"7865","Polio","","States","North Carolina","2024-25","94.2",124028,91,"§",NA,"Census (pub.), vol. response (prv.)"
"7866","Polio","","States","North Dakota","2024-25","89.1",9659,98.8,"",NA,"Census"
"7867","Polio","","States","Ohio","2024-25","88.6",131589,93.2,"",NA,"Census (pub.), vol. response (prv.)"
"7868","Polio","","States","Oklahoma","2024-25","90.4",47544,86.7,"‡",NA,"Vol. response"
"7869","Polio","","States","Oregon","2024-25","90.4",38247,100,"*. ‡",NA,"Census"
"7870","Polio","","States","Pennsylvania","2024-25","92.4",140160,95.3,"",NA,"Census (pub.), vol. response (prv.)"
"7871","Polio","","States","Rhode Island","2024-25","96.7",10088,96.7,"‡. §",NA,"Census"
"7872","Polio","","States","South Carolina","2024-25","91.8",57718,34.3,"†",NA,"Stratified 1-stage cluster sample"
"7873","Polio","","States","South Dakota","2024-25","89.9",11367,99.3,"§",NA,"Census"
"7874","Polio","","States","Tennessee","2024-25","94.2",78299,96.7,"§",NA,"Census"
"7875","Polio","","States","Texas","2024-25","93.2",378860,97.3,"‡. §",NA,"Census (pub.), vol. response (prv.)"
"7876","Polio","","States","TX-City of Houston","2024-25","88.6",36981,98.8,"‡. §",NA,"Census (pub.), vol. response (prv.)"
"7877","Polio","","States","Utah","2024-25","87.7",45818,100,"*",NA,"Census"
"7878","Polio","","States","Vermont","2024-25","93.5",5432,100,"*",NA,"Census"
"7879","Polio","","States","Virginia","2024-25","95.1",91453,1.7,"†",NA,"Stratified 2-stage cluster sample"
"7880","Polio","","States","Washington","2024-25","90.0",76756,97.9,"",NA,"Census"
"7881","Polio","","States","Wisconsin","2024-25","86.8",61120,95.7,"‡. §",NA,"Census (pub.), vol. response (prv.)"
"7882","Polio","","States","Wyoming","2024-25","93.0",6564,100,"*",NA,"Census"
"7883","Exemption","Medical Exemption","States","Alabama","2024-25","0.1",53589,99.9,"†",44,"Census"
"7884","Exemption","Medical Exemption","States","Alaska","2024-25","0.4",7338,99.8,"†. ‡‡",26,"Census (pub.), not conducted (prv.)"
"7885","Exemption","Medical Exemption","States","Arizona","2024-25","0.1",75024,97.4,"‡",68,"Census"
"7886","Exemption","Medical Exemption","States","Arkansas","2024-25","0.1",37570,96.4,"<",13,"Census (pub.), vol. response (prv.)"
"7887","Exemption","Medical Exemption","States","California","2024-25","0.1",590849,100,"†. ‡",492,"Census"
"7888","Exemption","Medical Exemption","States","Colorado","2024-25","0.2",60055,100,">=. §. ||",92,"Census"
"7889","Exemption","Medical Exemption","States","Connecticut","2024-25","0.4",30112,100,"†",120,"Census"
"7890","Exemption","Medical Exemption","States","Delaware","2024-25","0.1",10393,14.2,"<. †",1,"2-stage cluster sample (pub.), nonrandom 2-stage cluster sample (prv.)"
"7891","Exemption","Medical Exemption","States","District of Columbia","2024-25","0.3",7997,100,"†",20,"Census"
"7892","Exemption","Medical Exemption","States","Florida","2024-25","0.3",221053,100,"†",731,"Census"
"7893","Exemption","Medical Exemption","States","Georgia","2024-25","0.1",114568,100,"†",94,"Census"
"7894","Exemption","Medical Exemption","States","Hawaii","2024-25","0.2",13804,10.5,"†",21,"Stratified 2-stage cluster sample"
"7895","Exemption","Medical Exemption","States","Idaho","2024-25","0.3",22242,99.5,"||",64,"Census"
"7896","Exemption","Medical Exemption","States","Illinois","2024-25","0.3",132769,99.5,">=. †. §",399,"Census"
"7897","Exemption","Medical Exemption","States","Indiana","2024-25","0.1",73744,92.7,"†. ||||",86,"Census (pub.), vol. response (prv.)"
"7898","Exemption","Medical Exemption","States","Iowa","2024-25","0.2",38268,100,"†",62,"Census"
"7899","Exemption","Medical Exemption","States","Kansas","2024-25","0.3",33892,81.6,"†",104,"Census"
"7900","Exemption","Medical Exemption","States","Kentucky","2024-25","0.1",51319,100,"†",73,"Census"
"7901","Exemption","Medical Exemption","States","Louisiana","2024-25","0.1",49229,100,"",61,"Census"
"7902","Exemption","Medical Exemption","States","Maine","2024-25","0.8",11761,95.4,"†. ‡",97,"Census"
"7903","Exemption","Medical Exemption","States","Maryland","2024-25","0.5",66135,95.6,"†",346,"Census (pub.), vol. response (prv.)"
"7904","Exemption","Medical Exemption","States","Massachusetts","2024-25","0.1",65581,100,"†",98,"Census"
"7905","Exemption","Medical Exemption","States","Michigan","2024-25","0.3",107636,100,"",277,"Census"
"7906","Exemption","Medical Exemption","States","Minnesota","2024-25","0.2",64898,99.7,">=. §. ||",117,"Census"
"7907","Exemption","Medical Exemption","States","Mississippi","2024-25","0.1",35293,100,"†",47,"Census"
"7908","Exemption","Medical Exemption","States","Missouri","2024-25","0.2",68163,100,">=. †. §",154,"Census"
"7909","Exemption","Medical Exemption","States","Nebraska","2024-25","0.5",24102,100,"†",122,"Census"
"7910","Exemption","Medical Exemption","States","Nevada","2024-25","0.5",33272,92.6,"†",153,"Census (pub.), vol. response (prv.)"
"7911","Exemption","Medical Exemption","States","New Hampshire","2024-25","0.2",11713,100,"†",24,"Census"
"7912","Exemption","Medical Exemption","States","New Jersey","2024-25","0.1",104339,100,"†",140,"Census"
"7913","Exemption","Medical Exemption","States","New Mexico","2024-25","0.1",20180,100,"†",19,"Census"
"7914","Exemption","Medical Exemption","States","New York","2024-25","0.1",234054,85.1,"",632,"Vol. response"
"7915","Exemption","Medical Exemption","States","NY-City of New York","2024-25","0.1",85986,96.9,"†. ‡",62,"Census (pub.), vol. response (prv.)"
"7916","Exemption","Medical Exemption","States","North Carolina","2024-25","0.1",124028,91,"†",145,"Census (pub.), vol. response (prv.)"
"7917","Exemption","Medical Exemption","States","North Dakota","2024-25","0.2",9659,98.8,"",23,"Census"
"7918","Exemption","Medical Exemption","States","Ohio","2024-25","0.2",131589,93.2,"||",224,"Census (pub.), vol. response (prv.)"
"7919","Exemption","Medical Exemption","States","Oklahoma","2024-25","0.3",47544,86.7,"",119,"Vol. response"
"7920","Exemption","Medical Exemption","States","Oregon","2024-25","0.1",38247,100,"||",31,"Census"
"7921","Exemption","Medical Exemption","States","Pennsylvania","2024-25","0.3",140160,95.3,"",464,"Census (pub.), vol. response (prv.)"
"7922","Exemption","Medical Exemption","States","Rhode Island","2024-25","0.2",10088,96.7,"†",20,"Census"
"7923","Exemption","Medical Exemption","States","South Carolina","2024-25","0.1",57718,100,"†",80,"Census"
"7924","Exemption","Medical Exemption","States","South Dakota","2024-25","0.1",11367,99.3,"†",7,"Census"
"7925","Exemption","Medical Exemption","States","Tennessee","2024-25","0.1",78299,96.7,"†",100,"Census"
"7926","Exemption","Medical Exemption","States","Texas","2024-25","0.3",378860,97.3,"||",1210,"Census (pub.), vol. response (prv.)"
"7927","Exemption","Medical Exemption","States","TX-City of Houston","2024-25","0.2",36981,98.8,"||",80,"Census (pub.), vol. response (prv.)"
"7928","Exemption","Medical Exemption","States","Utah","2024-25","0.3",45818,100,"",138,"Census"
"7929","Exemption","Medical Exemption","States","Vermont","2024-25","0.2",5432,100,"†",11,"Census"
"7930","Exemption","Medical Exemption","States","Virginia","2024-25","0.3",91453,98,"†",301,"Census"
"7931","Exemption","Medical Exemption","States","Washington","2024-25","0.4",76756,97.9,"||||. ¶¶",273,"Census"
"7932","Exemption","Medical Exemption","States","Wisconsin","2024-25","0.5",61120,95.7,"||||. ¶¶",331,"Census (pub.), vol. response (prv.)"
"7933","Exemption","Medical Exemption","States","Wyoming","2024-25","0.2",6564,100,"†",15,"Census"
"7934","Exemption","Non-Medical Exemption","States","Alabama","2024-25","2.2",53589,99.9,"†",1169,"Census"
"7935","Exemption","Non-Medical Exemption","States","Alaska","2024-25","9.0",7338,99.8,"†. ‡‡",660,"Census (pub.), not conducted (prv.)"
"7936","Exemption","Non-Medical Exemption","States","Arizona","2024-25","9.0",75024,97.4,"‡",6784,"Census"
"7937","Exemption","Non-Medical Exemption","States","Arkansas","2024-25","3.5",37570,96.4,"",1324,"Census (pub.), vol. response (prv.)"
"7938","Exemption","Non-Medical Exemption","States","California","2024-25",NA,590849,100,"†. ‡",NA,"Census"
"7939","Exemption","Non-Medical Exemption","States","Colorado","2024-25","4.1",60055,100,">=. §. ||",2453,"Census"
"7940","Exemption","Non-Medical Exemption","States","Connecticut","2024-25","0.1",30112,100,"<. †",6,"Census"
"7941","Exemption","Non-Medical Exemption","States","Delaware","2024-25","2.6",10393,14.2,"†",273,"2-stage cluster sample (pub.), nonrandom 2-stage cluster sample (prv.)"
"7942","Exemption","Non-Medical Exemption","States","District of Columbia","2024-25","2.5",7997,100,"†",197,"Census"
"7943","Exemption","Non-Medical Exemption","States","Florida","2024-25","4.8",221053,100,"†",10556,"Census"
"7944","Exemption","Non-Medical Exemption","States","Georgia","2024-25","4.7",114568,100,"†",5441,"Census"
"7945","Exemption","Non-Medical Exemption","States","Hawaii","2024-25","5.5",13804,10.5,"",744,"Stratified 2-stage cluster sample"
"7946","Exemption","Non-Medical Exemption","States","Idaho","2024-25","15.1",22242,99.5,"||",3363,"Census"
"7947","Exemption","Non-Medical Exemption","States","Illinois","2024-25","2.5",132769,99.5,">=. †. §",3377,"Census"
"7948","Exemption","Non-Medical Exemption","States","Indiana","2024-25","2.6",73744,92.7,"†. ||||",1904,"Census (pub.), vol. response (prv.)"
"7949","Exemption","Non-Medical Exemption","States","Iowa","2024-25","3.8",38268,100,"†",1437,"Census"
"7950","Exemption","Non-Medical Exemption","States","Kansas","2024-25","3.3",33892,81.6,"†",1115,"Census"
"7951","Exemption","Non-Medical Exemption","States","Kentucky","2024-25","2.0",51319,100,"†",1041,"Census"
"7952","Exemption","Non-Medical Exemption","States","Louisiana","2024-25","3.0",49229,100,"",1458,"Census"
"7953","Exemption","Non-Medical Exemption","States","Maine","2024-25",NA,11761,95.4,"†. ‡",NA,"Census"
"7954","Exemption","Non-Medical Exemption","States","Maryland","2024-25","1.7",66135,95.6,"†",1126,"Census (pub.), vol. response (prv.)"
"7955","Exemption","Non-Medical Exemption","States","Massachusetts","2024-25","1.3",65581,100,"†",870,"Census"
"7956","Exemption","Non-Medical Exemption","States","Michigan","2024-25","6.5",107636,100,"",7029,"Census"
"7957","Exemption","Non-Medical Exemption","States","Minnesota","2024-25","5.8",64898,99.7,">=. §. ||",3735,"Census"
"7958","Exemption","Non-Medical Exemption","States","Mississippi","2024-25","1.1",35293,100,"†",394,"Census"
"7959","Exemption","Non-Medical Exemption","States","Missouri","2024-25","5.0",68163,100,">=. †. §",3397,"Census"
"7960","Exemption","Non-Medical Exemption","States","Nebraska","2024-25","3.5",24102,100,"†",844,"Census"
"7961","Exemption","Non-Medical Exemption","States","Nevada","2024-25","6.7",33272,92.6,"†",2222,"Census (pub.), vol. response (prv.)"
"7962","Exemption","Non-Medical Exemption","States","New Hampshire","2024-25","3.9",11713,100,"†",457,"Census"
"7963","Exemption","Non-Medical Exemption","States","New Jersey","2024-25","4.6",104339,100,"†",4790,"Census"
"7964","Exemption","Non-Medical Exemption","States","New Mexico","2024-25","1.9",20180,100,"†",382,"Census"
"7965","Exemption","Non-Medical Exemption","States","New York","2024-25",NA,234054,85.1,"†. ‡",NA,"Vol. response"
"7966","Exemption","Non-Medical Exemption","States","NY-City of New York","2024-25",NA,85986,96.9,"†. ‡",NA,"Census (pub.), vol. response (prv.)"
"7967","Exemption","Non-Medical Exemption","States","North Carolina","2024-25","3.1",124028,91,"†",3803,"Census (pub.), vol. response (prv.)"
"7968","Exemption","Non-Medical Exemption","States","North Dakota","2024-25","6.7",9659,98.8,"",649,"Census"
"7969","Exemption","Non-Medical Exemption","States","Ohio","2024-25","4.5",131589,93.2,"||",5905,"Census (pub.), vol. response (prv.)"
"7970","Exemption","Non-Medical Exemption","States","Oklahoma","2024-25","5.4",47544,86.7,"",2589,"Vol. response"
"7971","Exemption","Non-Medical Exemption","States","Oregon","2024-25","9.7",38247,100,"||",3715,"Census"
"7972","Exemption","Non-Medical Exemption","States","Pennsylvania","2024-25","5.6",140160,95.3,"",7878,"Census (pub.), vol. response (prv.)"
"7973","Exemption","Non-Medical Exemption","States","Rhode Island","2024-25","1.7",10088,96.7,"†",172,"Census"
"7974","Exemption","Non-Medical Exemption","States","South Carolina","2024-25","4.5",57718,100,"†",2601,"Census"
"7975","Exemption","Non-Medical Exemption","States","South Dakota","2024-25","6.7",11367,99.3,"†",761,"Census"
"7976","Exemption","Non-Medical Exemption","States","Tennessee","2024-25","3.7",78299,96.7,"†",2884,"Census"
"7977","Exemption","Non-Medical Exemption","States","Texas","2024-25","4.0",378860,97.3,"||",15207,"Census (pub.), vol. response (prv.)"
"7978","Exemption","Non-Medical Exemption","States","TX-City of Houston","2024-25","2.2",36981,98.8,"||",830,"Census (pub.), vol. response (prv.)"
"7979","Exemption","Non-Medical Exemption","States","Utah","2024-25","10.0",45818,100,"",4591,"Census"
"7980","Exemption","Non-Medical Exemption","States","Vermont","2024-25","3.7",5432,100,"†",201,"Census"
"7981","Exemption","Non-Medical Exemption","States","Virginia","2024-25","2.4",91453,98,"†",2131,"Census"
"7982","Exemption","Non-Medical Exemption","States","Washington","2024-25","3.9",76756,97.9,">=. ||||. ¶¶",3006,"Census"
"7983","Exemption","Non-Medical Exemption","States","Wisconsin","2024-25","6.3",61120,95.7,">=. ||||. ¶¶",3881,"Census (pub.), vol. response (prv.)"
"7984","Exemption","Non-Medical Exemption","States","Wyoming","2024-25","5.7",6564,100,"†",371,"Census"
"7985","Exemption","Any Exemption","States","Alabama","2024-25","2.3",53589,99.9,"†",1214,"Census"
"7986","Exemption","Any Exemption","States","Alaska","2024-25","9.4",7338,99.8,"†. ‡‡",686,"Census (pub.), not conducted (prv.)"
"7987","Exemption","Any Exemption","States","Arizona","2024-25","9.1",75024,97.4,"‡",6852,"Census"
"7988","Exemption","Any Exemption","States","Arkansas","2024-25","3.6",37570,96.4,"",1337,"Census (pub.), vol. response (prv.)"
"7989","Exemption","Any Exemption","States","California","2024-25","0.1",590849,100,"†. ‡",492,"Census"
"7990","Exemption","Any Exemption","States","Colorado","2024-25","4.2",60055,100,">=. §. ||",2545,"Census"
"7991","Exemption","Any Exemption","States","Connecticut","2024-25","0.4",30112,100,"†",126,"Census"
"7992","Exemption","Any Exemption","States","Delaware","2024-25","2.6",10393,14.2,"†",275,"2-stage cluster sample (pub.), nonrandom 2-stage cluster sample (prv.)"
"7993","Exemption","Any Exemption","States","District of Columbia","2024-25","2.7",7997,100,"†",217,"Census"
"7994","Exemption","Any Exemption","States","Florida","2024-25","5.1",221053,100,"†",11287,"Census"
"7995","Exemption","Any Exemption","States","Georgia","2024-25","4.8",114568,100,"†",5535,"Census"
"7996","Exemption","Any Exemption","States","Hawaii","2024-25","5.6",13804,10.5,"",765,"Stratified 2-stage cluster sample"
"7997","Exemption","Any Exemption","States","Idaho","2024-25","15.4",22242,99.5,"||",3427,"Census"
"7998","Exemption","Any Exemption","States","Illinois","2024-25","2.8",132769,99.5,">=. †. §",3776,"Census"
"7999","Exemption","Any Exemption","States","Indiana","2024-25","2.6",73744,92.7,"†. ||||",1937,"Census (pub.), vol. response (prv.)"
"8000","Exemption","Any Exemption","States","Iowa","2024-25","3.9",38268,100,"†",1499,"Census"
"8001","Exemption","Any Exemption","States","Kansas","2024-25","3.6",33892,81.6,"†",1219,"Census"
"8002","Exemption","Any Exemption","States","Kentucky","2024-25","2.2",51319,100,"†",1114,"Census"
"8003","Exemption","Any Exemption","States","Louisiana","2024-25","3.1",49229,100,"",1519,"Census"
"8004","Exemption","Any Exemption","States","Maine","2024-25","0.8",11761,95.4,"†. ‡",97,"Census"
"8005","Exemption","Any Exemption","States","Maryland","2024-25","2.2",66135,95.6,"†",1472,"Census (pub.), vol. response (prv.)"
"8006","Exemption","Any Exemption","States","Massachusetts","2024-25","1.5",65581,100,"†",968,"Census"
"8007","Exemption","Any Exemption","States","Michigan","2024-25","6.8",107636,100,"",7306,"Census"
"8008","Exemption","Any Exemption","States","Minnesota","2024-25","5.9",64898,99.7,">=. §. ||",3852,"Census"
"8009","Exemption","Any Exemption","States","Mississippi","2024-25","1.2",35293,100,"†",441,"Census"
"8010","Exemption","Any Exemption","States","Missouri","2024-25","5.2",68163,100,">=. †. §",3551,"Census"
"8011","Exemption","Any Exemption","States","Nebraska","2024-25","4.0",24102,100,"†",966,"Census"
"8012","Exemption","Any Exemption","States","Nevada","2024-25","7.1",33272,92.6,"†",2376,"Census (pub.), vol. response (prv.)"
"8013","Exemption","Any Exemption","States","New Hampshire","2024-25","4.1",11713,100,"†",481,"Census"
"8014","Exemption","Any Exemption","States","New Jersey","2024-25","4.7",104339,100,"†",4930,"Census"
"8015","Exemption","Any Exemption","States","New Mexico","2024-25","2.0",20180,100,"†",401,"Census"
"8016","Exemption","Any Exemption","States","New York","2024-25","0.1",234054,85.1,"",632,"Vol. response"
"8017","Exemption","Any Exemption","States","NY-City of New York","2024-25","0.1",85986,96.9,"†. ‡",62,"Census (pub.), vol. response (prv.)"
"8018","Exemption","Any Exemption","States","North Carolina","2024-25","3.2",124028,91,"†",3948,"Census (pub.), vol. response (prv.)"
"8019","Exemption","Any Exemption","States","North Dakota","2024-25","7.0",9659,98.8,"",672,"Census"
"8020","Exemption","Any Exemption","States","Ohio","2024-25","4.7",131589,93.2,"||",6129,"Census (pub.), vol. response (prv.)"
"8021","Exemption","Any Exemption","States","Oklahoma","2024-25","5.7",47544,86.7,"",2709,"Vol. response"
"8022","Exemption","Any Exemption","States","Oregon","2024-25","9.8",38247,100,"||",3746,"Census"
"8023","Exemption","Any Exemption","States","Pennsylvania","2024-25","6.0",140160,95.3,"",8343,"Census (pub.), vol. response (prv.)"
"8024","MMR","","National","United States","2024-25","92.5",3785644,92.7,"",NA,""
"8025","MMR","","National","U.S. Median","2024-25","91.3",51319,99.5,"",NA,""
"8026","DTP, DTaP, or DT","","National","United States","2024-25","92.1",3785644,92.7,"",NA,""
"8027","DTP, DTaP, or DT","","National","U.S. Median","2024-25","91.2",51319,99.5,"",NA,""
"8028","Varicella","1 Dose (or disease history)","National","United States","2024-25","94.0",3785644,92.7,"",NA,""
"8029","Varicella","1 Dose (or disease history)","National","U.S. Median","2024-25","93.4",51319,99.5,"",NA,""
"8030","Varicella","2 Doses (or disease history)","National","United States","2024-25","92.1",3785644,92.7,"",NA,""
"8031","Varicella","2 Doses (or disease history)","National","U.S. Median","2024-25","90.6",51319,99.5,"",NA,""
"8032","Hepatitis B","","National","United States","2024-25","94.0",3785644,92.7,"",NA,""
"8033","Hepatitis B","","National","U.S. Median","2024-25","92.9",51319,99.5,"",NA,""
"8034","Polio","","National","United States","2024-25","92.5",3785644,92.7,"",NA,""
"8035","Polio","","National","U.S. Median","2024-25","92.2",51319,99.5,"",NA,""
"8036","Exemption","Medical Exemption","National","United States","2024-25","0.2",3785644,96.5,"",7978,""
"8037","Exemption","Medical Exemption","National","U.S. Median","2024-25","0.2",49229,99.7,"",97,""
"8038","Exemption","Non-Medical Exemption","National","United States","2024-25","3.4",3785644,96.5,"",128905,""
"8039","Exemption","Non-Medical Exemption","National","U.S. Median","2024-25","4.0",49229,99.7,"",2018,""
"8040","Exemption","Any Exemption","National","United States","2024-25","3.6",3785644,96.5,"",137634,""
"8041","Exemption","Any Exemption","National","U.S. Median","2024-25","4.1",49229,99.7,"",1519,""
"8042","Varicella","UTD (or disease history)","National","United States","2024-25","92.3",3785644,92.7,"",NA,""
"8043","Varicella","UTD (or disease history)","National","U.S. Median","2024-25","92.1",51319,99.5,"",NA,""
"8044","MMR (PAC)","MMR (PAC)","National","United States","2024-25","96.4",3785644,92.7,"",NA,""
"8045","MMR (PAC)","MMR (PAC)","National","U.S. Median","2024-25","96.0",51319,99.5,"",NA,""
"8046","Exemption","Any Exemption","States","Rhode Island","2024-25","1.9",10088,96.7,"†",192,"Census"
"8047","Exemption","Any Exemption","States","South Carolina","2024-25","4.6",57718,100,"†",2681,"Census"
"8048","Exemption","Any Exemption","States","South Dakota","2024-25","6.8",11367,99.3,"†",768,"Census"
"8049","Exemption","Any Exemption","States","Tennessee","2024-25","3.8",78299,96.7,"†",2985,"Census"
"8050","Exemption","Any Exemption","States","Texas","2024-25","4.3",378860,97.3,"||",16417,"Census (pub.), vol. response (prv.)"
"8051","Exemption","Any Exemption","States","TX-City of Houston","2024-25","2.5",36981,98.8,"||",909,"Census (pub.), vol. response (prv.)"
"8052","Exemption","Any Exemption","States","Utah","2024-25","10.3",45818,100,"",4729,"Census"
"8053","Exemption","Any Exemption","States","Vermont","2024-25","3.9",5432,100,"†",212,"Census"
"8054","Exemption","Any Exemption","States","Virginia","2024-25","2.7",91453,98,"†",2433,"Census"
"8055","Exemption","Any Exemption","States","Washington","2024-25","4.8",76756,97.9,"||||. ¶¶",3654,"Census"
"8056","Exemption","Any Exemption","States","Wisconsin","2024-25","7.6",61120,95.7,"||||. ¶¶",4641,"Census (pub.), vol. response (prv.)"
"8057","Exemption","Any Exemption","States","Wyoming","2024-25","5.9",6564,100,"†",386,"Census"
"8058","MMR (PAC)","MMR (PAC)","States","Alabama","2024-25","97.7",53589,99.9,"",NA,"Census"
"8059","MMR (PAC)","MMR (PAC)","States","Alaska","2024-25","91.0",7338,99.8,"",NA,"Census (pub.), not conducted (prv.)"
"8060","MMR (PAC)","MMR (PAC)","States","Arizona","2024-25","91.7",75024,97.4,"",NA,"Census"
"8061","MMR (PAC)","MMR (PAC)","States","Arkansas","2024-25","96.5",37570,96.4,"",NA,"Census (pub.), vol. response (prv.)"
"8062","MMR (PAC)","MMR (PAC)","States","California","2024-25","99.9",590849,100,"",NA,"Census"
"8063","MMR (PAC)","MMR (PAC)","States","Colorado","2024-25","95.8",60055,100,"",NA,"Census"
"8064","MMR (PAC)","MMR (PAC)","States","Connecticut","2024-25","99.6",30112,100,"",NA,"Census"
"8065","MMR (PAC)","MMR (PAC)","States","Delaware","2024-25","97.4",10393,14.2,"",NA,"2-stage cluster sample (pub.), nonrandom 2-stage cluster sample (prv.)"
"8066","MMR (PAC)","MMR (PAC)","States","District of Columbia","2024-25","97.6",7997,100,"",NA,"Census"
"8067","MMR (PAC)","MMR (PAC)","States","Florida","2024-25","94.9",221053,100,"",NA,"Census"
"8068","Varicella","UTD (or disease history)","States","Alabama","2024-25","98.0",53589,99.9,"",NA,"Census"
"8069","Varicella","UTD (or disease history)","States","Alaska","2024-25","79.6",7338,99.8,"¶",NA,"Census (pub.), not conducted (prv.)"
"8070","Varicella","UTD (or disease history)","States","Arizona","2024-25","93.4",75024,97.4,"",NA,"Census"
"8071","Varicella","UTD (or disease history)","States","Arkansas","2024-25","89.2",37570,96.4,"",NA,"Census (pub.), vol. response (prv.)"
"8072","Varicella","UTD (or disease history)","States","California","2024-25","95.7",590849,100,"*. ‡",NA,"Census"
"8073","Varicella","UTD (or disease history)","States","Colorado","2024-25","86.8",60055,100,"*. §",NA,"Census"
"8074","Varicella","UTD (or disease history)","States","Connecticut","2024-25","98.1",30112,100,"*",NA,"Census"
"8075","Varicella","UTD (or disease history)","States","Delaware","2024-25","93.6",10393,14.2,"‡",NA,"2-stage cluster sample (pub.), nonrandom 2-stage cluster sample (prv.)"
"8076","Varicella","UTD (or disease history)","States","District of Columbia","2024-25","92.1",7997,100,"*",NA,"Census"
"8077","Varicella","UTD (or disease history)","States","Florida","2024-25","88.8",221053,100,">=. *",NA,"Census"
"8078","Varicella","UTD (or disease history)","States","Georgia","2024-25","86.8",114568,100,">=. *",NA,"Census"
"8079","Varicella","UTD (or disease history)","States","Hawaii","2024-25","89.7",13804,10.5,"",NA,"Stratified 2-stage cluster sample"
"8080","Varicella","UTD (or disease history)","States","Idaho","2024-25","78.1",22242,99.5,"",NA,"Census"
"8081","Varicella","UTD (or disease history)","States","Illinois","2024-25","91.3",132769,99.5,"",NA,"Census"
"8082","Varicella","UTD (or disease history)","States","Indiana","2024-25","90.3",73744,92.7,"§",NA,"Census (pub.), vol. response (prv.)"
"8083","Varicella","UTD (or disease history)","States","Iowa","2024-25","88.8",38268,100,">=. *",NA,"Census"
"8084","Varicella","UTD (or disease history)","States","Kansas","2024-25","89.4",33892,29.2,"†. ‡. §",NA,"Stratified 2-stage cluster sample"
"8085","Varicella","UTD (or disease history)","States","Kentucky","2024-25","86.2",51319,100,"*. §",NA,"Census"
"8086","Varicella","UTD (or disease history)","States","Louisiana","2024-25","92.2",49229,100,"*",NA,"Census"
"8087","Varicella","UTD (or disease history)","States","Maine","2024-25","97.4",11761,95.4,"",NA,"Census"
"8088","Varicella","UTD (or disease history)","States","Maryland","2024-25","96.0",66135,95.6,"‡",NA,"Census (pub.), vol. response (prv.)"
"8089","Varicella","UTD (or disease history)","States","Massachusetts","2024-25","96.0",65581,100,"*. ‡",NA,"Census"
"8090","Varicella","UTD (or disease history)","States","Michigan","2024-25","91.3",107636,100,"*. ‡",NA,"Census"
"8091","Varicella","UTD (or disease history)","States","Minnesota","2024-25","86.7",64898,99.7,"",NA,"Census"
"8092","Varicella","UTD (or disease history)","States","Mississippi","2024-25","97.6",35293,100,">=. *",NA,"Census"
"8093","Varicella","UTD (or disease history)","States","Missouri","2024-25","89.5",68163,100,"*",NA,"Census"
"8094","Varicella","UTD (or disease history)","States","Nebraska","2024-25","93.8",24102,100,"*. ‡",NA,"Census"
"8095","Varicella","UTD (or disease history)","States","Nevada","2024-25","90.5",33272,92.6,"",NA,"Census (pub.), vol. response (prv.)"
"8096","Varicella","UTD (or disease history)","States","New Hampshire","2024-25","89.2",11713,100,">=. *. §",NA,"Census"
"8097","Varicella","UTD (or disease history)","States","New Jersey","2024-25","92.8",104339,100,">=. *",NA,"Census"
"8098","Varicella","UTD (or disease history)","States","New Mexico","2024-25","94.2",20180,100,"*",NA,"Census"
"8099","Varicella","UTD (or disease history)","States","New York","2024-25","97.5",234054,85.1,"",NA,"Vol. response"
"8100","Varicella","UTD (or disease history)","States","NY-City of New York","2024-25","96.3",85986,96.9,"",NA,"Census (pub.), vol. response (prv.)"
"8101","Varicella","UTD (or disease history)","States","North Carolina","2024-25","93.8",124028,91,"§",NA,"Census (pub.), vol. response (prv.)"
"8102","Varicella","UTD (or disease history)","States","North Dakota","2024-25","89.7",9659,98.8,"",NA,"Census"
"8103","Varicella","UTD (or disease history)","States","Ohio","2024-25","87.8",131589,93.2,"",NA,"Census (pub.), vol. response (prv.)"
"8104","Varicella","UTD (or disease history)","States","Oklahoma","2024-25","94.0",47544,86.7,"‡",NA,"Vol. response"
"8105","Varicella","UTD (or disease history)","States","Oregon","2024-25","93.3",38247,100,"*. ‡",NA,"Census"
"8106","Varicella","UTD (or disease history)","States","Pennsylvania","2024-25","92.1",140160,95.3,"",NA,"Census (pub.), vol. response (prv.)"
"8107","Varicella","UTD (or disease history)","States","Rhode Island","2024-25","96.1",10088,96.7,"‡. §",NA,"Census"
"8108","Varicella","UTD (or disease history)","States","South Carolina","2024-25","90.6",57718,34.3,"†",NA,"Stratified 1-stage cluster sample"
"8109","Varicella","UTD (or disease history)","States","South Dakota","2024-25","89.3",11367,99.3,"§",NA,"Census"
"8110","Varicella","UTD (or disease history)","States","Tennessee","2024-25","94.1",78299,96.7,"§",NA,"Census"
"8111","Varicella","UTD (or disease history)","States","Texas","2024-25","92.6",378860,97.3,"‡. §",NA,"Census (pub.), vol. response (prv.)"
"8112","Varicella","UTD (or disease history)","States","TX-City of Houston","2024-25","87.8",36981,98.8,"‡. §",NA,"Census (pub.), vol. response (prv.)"
"8113","Varicella","UTD (or disease history)","States","Utah","2024-25","88.1",45818,100,"*",NA,"Census"
"8114","Varicella","UTD (or disease history)","States","Vermont","2024-25","92.9",5432,100,"*",NA,"Census"
"8115","Varicella","UTD (or disease history)","States","Virginia","2024-25","95.3",91453,1.7,"†",NA,"Stratified 2-stage cluster sample"
"8116","Varicella","UTD (or disease history)","States","Washington","2024-25","89.5",76756,97.9,"",NA,"Census"
"8117","Varicella","UTD (or disease history)","States","Wisconsin","2024-25","84.0",61120,95.7,"‡. §",NA,"Census (pub.), vol. response (prv.)"
"8118","Varicella","UTD (or disease history)","States","Wyoming","2024-25","93.4",6564,100,"*",NA,"Census"
"8119","MMR (PAC)","MMR (PAC)","States","Georgia","2024-25","95.2",114568,100,"",NA,"Census"
"8120","MMR (PAC)","MMR (PAC)","States","Hawaii","2024-25","94.5",13804,10.5,"",NA,"Stratified 2-stage cluster sample"
"8121","MMR (PAC)","MMR (PAC)","States","Idaho","2024-25","85.5",22242,99.5,"",NA,"Census"
"8122","MMR (PAC)","MMR (PAC)","States","Illinois","2024-25","97.3",132769,99.5,"",NA,"Census"
"8123","MMR (PAC)","MMR (PAC)","States","Indiana","2024-25","97.4",73744,92.7,"",NA,"Census (pub.), vol. response (prv.)"
"8124","MMR (PAC)","MMR (PAC)","States","Iowa","2024-25","96.1",38268,100,"",NA,"Census"
"8125","MMR (PAC)","MMR (PAC)","States","Kansas","2024-25","96.4",33892,29.2,"",NA,"Stratified 2-stage cluster sample"
"8126","MMR (PAC)","MMR (PAC)","States","Kentucky","2024-25","98.0",51319,100,"",NA,"Census"
"8127","MMR (PAC)","MMR (PAC)","States","Louisiana","2024-25","96.9",49229,100,"",NA,"Census"
"8128","MMR (PAC)","MMR (PAC)","States","Maine","2024-25","99.4",11761,95.4,"",NA,"Census"
"8129","MMR (PAC)","MMR (PAC)","States","Maryland","2024-25","97.8",66135,95.6,"",NA,"Census (pub.), vol. response (prv.)"
"8130","MMR (PAC)","MMR (PAC)","States","Massachusetts","2024-25","98.7",65581,100,"",NA,"Census"
"8131","MMR (PAC)","MMR (PAC)","States","Michigan","2024-25","93.2",107636,100,"",NA,"Census"
"8132","MMR (PAC)","MMR (PAC)","States","Minnesota","2024-25","94.1",64898,99.7,"",NA,"Census"
"8133","MMR (PAC)","MMR (PAC)","States","Mississippi","2024-25","98.8",35293,100,"",NA,"Census"
"8134","MMR (PAC)","MMR (PAC)","States","Missouri","2024-25","94.8",68163,100,"",NA,"Census"
"8135","MMR (PAC)","MMR (PAC)","States","Nebraska","2024-25","96.8",24102,100,"",NA,"Census"
"8136","MMR (PAC)","MMR (PAC)","States","Nevada","2024-25","93.5",33272,92.6,"",NA,"Census (pub.), vol. response (prv.)"
"8137","MMR (PAC)","MMR (PAC)","States","New Hampshire","2024-25","95.9",11713,100,"",NA,"Census"
"8138","MMR (PAC)","MMR (PAC)","States","New Jersey","2024-25","95.3",104339,100,"",NA,"Census"
"8139","MMR (PAC)","MMR (PAC)","States","New Mexico","2024-25","98.0",20180,100,"",NA,"Census"
"8140","MMR (PAC)","MMR (PAC)","States","New York","2024-25","99.9",234054,85.1,"",NA,"Vol. response"
"8141","MMR (PAC)","MMR (PAC)","States","NY-City of New York","2024-25","99.9",85986,96.9,"",NA,"Census (pub.), vol. response (prv.)"
"8142","MMR (PAC)","MMR (PAC)","States","North Carolina","2024-25","96.9",124028,91,"",NA,"Census (pub.), vol. response (prv.)"
"8143","MMR (PAC)","MMR (PAC)","States","North Dakota","2024-25","93.0",9659,98.8,"",NA,"Census"
"8144","MMR (PAC)","MMR (PAC)","States","Ohio","2024-25","95.8",131589,93.2,"",NA,"Census (pub.), vol. response (prv.)"
"8145","MMR (PAC)","MMR (PAC)","States","Oklahoma","2024-25","94.6",47544,86.7,"",NA,"Vol. response"
"8146","MMR (PAC)","MMR (PAC)","States","Oregon","2024-25","91.6",38247,100,"",NA,"Census"
"8147","MMR (PAC)","MMR (PAC)","States","Pennsylvania","2024-25","94.0",140160,95.3,"",NA,"Census (pub.), vol. response (prv.)"
"8148","MMR (PAC)","MMR (PAC)","States","Rhode Island","2024-25","98.2",10088,96.7,"",NA,"Census"
"8149","MMR (PAC)","MMR (PAC)","States","South Carolina","2024-25","95.4",57718,34.3,"",NA,"Stratified 1-stage cluster sample"
"8150","MMR (PAC)","MMR (PAC)","States","South Dakota","2024-25","93.2",11367,99.3,"",NA,"Census"
"8151","MMR (PAC)","MMR (PAC)","States","Tennessee","2024-25","96.2",78299,96.7,"",NA,"Census"
"8152","MMR (PAC)","MMR (PAC)","States","Texas","2024-25","96.0",378860,97.3,"",NA,"Census (pub.), vol. response (prv.)"
"8153","MMR (PAC)","MMR (PAC)","States","TX-City of Houston","2024-25","97.9",36981,98.8,"",NA,"Census (pub.), vol. response (prv.)"
"8154","MMR (PAC)","MMR (PAC)","States","Utah","2024-25","90.4",45818,100,"",NA,"Census"
"8155","MMR (PAC)","MMR (PAC)","States","Vermont","2024-25","96.6",5432,100,"",NA,"Census"
"8156","MMR (PAC)","MMR (PAC)","States","Virginia","2024-25","97.3",91453,1.7,"",NA,"Stratified 2-stage cluster sample"
"8157","MMR (PAC)","MMR (PAC)","States","Washington","2024-25","96.0",76756,97.9,"",NA,"Census"
"8158","MMR (PAC)","MMR (PAC)","States","Wisconsin","2024-25","93.0",61120,95.7,"",NA,"Census (pub.), vol. response (prv.)"
"8159","MMR (PAC)","MMR (PAC)","States","Wyoming","2024-25","94.5",6564,100,"",NA,"Census"
"8160","MMR","","States","Hawaii","2025-26","89.3",13791,11.7,"",NA,"Stratified 2-stage cluster sample"
"8161","MMR","","States","Idaho","2025-26","75.2",21728,100,"*",NA,"Census"
"8162","MMR","","States","Illinois","2025-26","92.8",128598,99.8,"",NA,"Census"
"8163","MMR","","States","Ohio","2025-26","88.1",129087,95.9,"",NA,"Census (pub.), vol. response (prv.)"
"8164","MMR","","States","Oklahoma","2025-26","87.8",47844,90.7,"",NA,"Census (pub.), vol. response (prv.)"
"8165","MMR","","States","Oregon","2025-26","89.6",37309,100,"*. �",NA,"Census"
"8166","MMR","","States","Pennsylvania","2025-26","92.7",134313,95.7,"",NA,"Census (pub.), vol. response (prv.)"
"8167","MMR","","States","Utah","2025-26","87.2",44001,100,"*",NA,"Census"
"8168","MMR","","States","Vermont","2025-26","93.8",5298,100,"*",NA,"Census"
"8169","MMR","","States","Virginia","2025-26","93.6",88950,95.7,"",NA,"Census"
"8170","MMR","","States","Washington","2025-26","90.6",75631,99.1,"�",NA,"Census"
"8171","MMR","","States","West Virginia","2025-26","98.9",15445,93.3,"�. �",NA,"Census"
"8172","MMR","","States","Wisconsin","2025-26","85.1",59360,96.6,"�. �",NA,"Census (pub.), vol. response (prv.)"
"8173","MMR","","States","Wyoming","2025-26","92.6",6146,100,"*",NA,"Census"
"8174","DTP, DTaP, or DT","","States","Alabama","2025-26","94.0",53378,100,"*",NA,"Census"
"8175","DTP, DTaP, or DT","","States","Alaska","2025-26","89.7",8253,60.9,"�",NA,"Vol. response (public), not conducted (private)"
"8176","DTP, DTaP, or DT","","States","Arizona","2025-26","87.4",73907,92.5,"",NA,"Census (pub.), vol. response (prv.)"
"8177","DTP, DTaP, or DT","","States","Arkansas","2025-26","90.0",35543,96.7,"",NA,"Census (pub.), vol. response (prv.)"
"8178","DTP, DTaP, or DT","","States","California","2025-26","94.7",614405,100,"*. �",NA,"Census"
"8179","DTP, DTaP, or DT","","States","Colorado","2025-26","86.9",60049,100,"*. �",NA,"Census"
"8180","DTP, DTaP, or DT","","States","Connecticut","2025-26","98.4",33118,100,"*",NA,"Census"
"8181","DTP, DTaP, or DT","","States","Delaware","2025-26","95.2",10729,12.9,"",NA,"2-stage cluster sample (pub.), nonrandom 2-stage cluster sample (prv.)"
"8182","DTP, DTaP, or DT","","States","District of Columbia","2025-26","93.6",7871,100,"*",NA,"Census"
"8183","DTP, DTaP, or DT","","States","Florida","2025-26","88.9",213535,100,">=. *",NA,"Census"
"8184","DTP, DTaP, or DT","","States","Georgia","2025-26","89.1",118864,100,">=. *",NA,"Census"
"8185","Varicella","1 Dose (or disease history)","States","Hawaii","2025-26","NReq",13791,11.7,"",NA,"Stratified 2-stage cluster sample"
"8186","Varicella","1 Dose (or disease history)","States","Idaho","2025-26","NReq",21728,100,"",NA,"Census"
"8187","Varicella","1 Dose (or disease history)","States","Illinois","2025-26","NReq",128598,99.8,"",NA,"Census"
"8188","Varicella","1 Dose (or disease history)","States","Indiana","2025-26","NReq",70886,87.1,"",NA,"Vol. response"
"8189","Varicella","1 Dose (or disease history)","States","Iowa","2025-26","NReq",37490,100,"",NA,"Census"
"8190","Varicella","1 Dose (or disease history)","States","Kansas","2025-26","NReq",NA,NA,"",NA,"Stratified 2-stage cluster sample"
"8191","Varicella","1 Dose (or disease history)","States","Kentucky","2025-26","NReq",49937,100,"",NA,"Census"
"8192","Varicella","1 Dose (or disease history)","States","Louisiana","2025-26","NReq",50223,100,"",NA,"Census"
"8193","Varicella","1 Dose (or disease history)","States","Maine","2025-26","NReq",11634,94.4,"",NA,"Census"
"8194","Varicella","1 Dose (or disease history)","States","Maryland","2025-26","NReq",66945,97.8,"",NA,"Census (pub.), vol. response (prv.)"
"8195","Varicella","1 Dose (or disease history)","States","Massachusetts","2025-26","NReq",65331,100,"",NA,"Census"
"8196","Varicella","1 Dose (or disease history)","States","Michigan","2025-26","NReq",104614,100,"",NA,"Census"
"8197","Varicella","1 Dose (or disease history)","States","Minnesota","2025-26","NReq",63451,99.9,"",NA,"Census"
"8198","Varicella","1 Dose (or disease history)","States","Mississippi","2025-26","NReq",34969,100,"",NA,"Census"
"8199","Varicella","1 Dose (or disease history)","States","Missouri","2025-26","NReq",66610,100,"",NA,"Census"
"8200","Varicella","1 Dose (or disease history)","States","Nebraska","2025-26","NReq",23807,100,"",NA,"Census"
"8201","Varicella","1 Dose (or disease history)","States","Nevada","2025-26","NReq",32815,93.6,"",NA,"Census (pub.), vol. response (prv.)"
"8202","Varicella","1 Dose (or disease history)","States","New Hampshire","2025-26","NReq",11544,100,"",NA,"Census"
"8203","Varicella","1 Dose (or disease history)","States","New Jersey","2025-26","92.5",101602,92.3,"",NA,"Census"
"8204","Varicella","1 Dose (or disease history)","States","New Mexico","2025-26","NReq",19843,100,"",NA,"Census"
"8205","Varicella","1 Dose (or disease history)","States","New York","2025-26","NReq",203514,95.8,"",NA,"Census (pub.), vol. response (prv.)"
"8206","Varicella","1 Dose (or disease history)","States","NY-City of New York","2025-26","NReq",82534,98.1,"",NA,"Census"
"8207","Varicella","1 Dose (or disease history)","States","North Carolina","2025-26","NReq",120045,90.1,"",NA,"Census (pub.), vol. response (prv.)"
"8208","Varicella","1 Dose (or disease history)","States","North Dakota","2025-26","NReq",9344,98.6,"",NA,"Census"
"8209","Varicella","1 Dose (or disease history)","States","Ohio","2025-26","NReq",129087,95.9,"",NA,"Census (pub.), vol. response (prv.)"
"8210","Varicella","1 Dose (or disease history)","States","Oklahoma","2025-26","92.9",47844,90.7,"",NA,"Census (pub.), vol. response (prv.)"
"8211","Varicella","1 Dose (or disease history)","States","Oregon","2025-26","92.9",37309,100,"",NA,"Census"
"8212","Varicella","1 Dose (or disease history)","States","Pennsylvania","2025-26","NReq",134313,95.7,"",NA,"Census (pub.), vol. response (prv.)"
"8213","Varicella","1 Dose (or disease history)","States","Rhode Island","2025-26","NReq",10123,97.1,"",NA,"Census"
"8214","Varicella","1 Dose (or disease history)","States","South Carolina","2025-26","NReq",57542,26.2,"",NA,"Stratified 1-stage cluster sample"
"8215","Varicella","1 Dose (or disease history)","National","United States","2025-26","93.4",3692432,96,"",NA,""
"8216","DTP, DTaP, or DT","","States","Hawaii","2025-26","88.8",13791,11.7,"",NA,"Stratified 2-stage cluster sample"
"8217","DTP, DTaP, or DT","","States","Idaho","2025-26","74.8",21728,100,"*",NA,"Census"
"8218","DTP, DTaP, or DT","","States","Illinois","2025-26","92.0",128598,99.8,"",NA,"Census"
"8219","DTP, DTaP, or DT","","States","Indiana","2025-26","88.4",70886,87.1,"�",NA,"Vol. response"
"8220","MMR","","States","Indiana","2025-26","90.1",70886,87.1,"�",NA,"Vol. response"
"8221","MMR","","States","Iowa","2025-26","88.9",37490,100,">=. *",NA,"Census"
"8222","MMR","","States","Kansas","2025-26",NA,NA,NA,"",NA,"Stratified 2-stage cluster sample"
"8223","MMR","","States","Kentucky","2025-26","91.1",49937,100,"*. �",NA,"Census"
"8224","MMR","","States","Louisiana","2025-26","90.3",50223,100,"*",NA,"Census"
"8225","MMR","","States","Maine","2025-26","98.0",11634,94.4,"",NA,"Census"
"8226","MMR","","States","Maryland","2025-26","96.6",66945,97.8,"�",NA,"Census (pub.), vol. response (prv.)"
"8227","MMR","","States","Massachusetts","2025-26","96.5",65331,100,"�",NA,"Census"
"8228","MMR","","States","Michigan","2025-26","90.9",104614,100,"*. �",NA,"Census"
"8229","MMR","","States","Minnesota","2025-26","85.7",63451,99.9,"",NA,"Census"
"8230","MMR","","States","Mississippi","2025-26","97.0",34969,100,">=. *",NA,"Census"
"8231","MMR","","States","Missouri","2025-26","89.5",66610,100,"*",NA,"Census"
"8232","MMR","","States","Nebraska","2025-26","92.8",23807,100,"*. �",NA,"Census"
"8233","MMR","","States","Nevada","2025-26","90.8",32815,93.6,"",NA,"Census (pub.), vol. response (prv.)"
"8234","MMR","","States","New Hampshire","2025-26","88.2",11544,100,">=. *. �",NA,"Census"
"8235","MMR","","States","New Jersey","2025-26","92.5",101602,92.3,">=. �",NA,"Census"
"8236","MMR","","States","New Mexico","2025-26","95.1",19843,100,"*. �",NA,"Census"
"8237","MMR","","States","New York","2025-26","97.7",203514,95.8,"",NA,"Census (pub.), vol. response (prv.)"
"8238","MMR","","States","NY-City of New York","2025-26","97.1",82534,98.1,"",NA,"Census"
"8239","MMR","","States","North Carolina","2025-26","93.7",120045,90.1,"�",NA,"Census (pub.), vol. response (prv.)"
"8240","MMR","","States","North Dakota","2025-26","88.5",9344,98.6,"",NA,"Census"
"8241","MMR","","States","Rhode Island","2025-26","96.7",10123,97.1,"�",NA,"Census"
"8242","MMR","","States","South Carolina","2025-26","93.4",57542,26.2,"�",NA,"Stratified 1-stage cluster sample"
"8243","MMR","","National","United States","2025-26","92.4",3692432,96,"",NA,""
"8244","MMR","","National","U.S. Median","2025-26","91.5",3692432,96,"",NA,""
"8245","DTP, DTaP, or DT","","National","United States","2025-26","92.0",3692432,96,"",NA,""
"8246","MMR","","States","South Dakota","2025-26","89.3",11009,100,"*. �",NA,"Census"
"8247","MMR","","States","Tennessee","2025-26","94.4",73415,97.4,"�",NA,"Census"
"8248","MMR","","States","Texas","2025-26","93.2",358586,98.3,"�. �",NA,"Census (pub.), vol. response (prv.)"
"8249","MMR","","States","TX-City of Houston","2025-26","92.1",36071,94.6,"�. �",NA,"Census (pub.), vol. response (prv.)"
"8250","DTP, DTaP, or DT","","States","Iowa","2025-26","88.9",37490,100,">=. *",NA,"Census"
"8251","DTP, DTaP, or DT","","States","Kansas","2025-26",NA,NA,NA,"",NA,"Stratified 2-stage cluster sample"
"8252","DTP, DTaP, or DT","","States","Kentucky","2025-26","90.3",49937,100,"*. �",NA,"Census"
"8253","DTP, DTaP, or DT","","States","Louisiana","2025-26","89.4",50223,100,"*",NA,"Census"
"8254","DTP, DTaP, or DT","","States","Maine","2025-26","97.4",11634,94.4,"",NA,"Census"
"8255","DTP, DTaP, or DT","","States","Maryland","2025-26","96.7",66945,97.8,"�",NA,"Census (pub.), vol. response (prv.)"
"8256","DTP, DTaP, or DT","","States","Massachusetts","2025-26","96.4",65331,100,"�",NA,"Census"
"8257","DTP, DTaP, or DT","","States","Michigan","2025-26","90.8",104614,100,"*. �",NA,"Census"
"8258","DTP, DTaP, or DT","","States","Minnesota","2025-26","86.1",63451,99.9,"",NA,"Census"
"8259","DTP, DTaP, or DT","","States","Mississippi","2025-26","97.0",34969,100,">=. *",NA,"Census"
"8260","DTP, DTaP, or DT","","States","Missouri","2025-26","88.8",66610,100,"*",NA,"Census"
"8261","DTP, DTaP, or DT","","States","Nebraska","2025-26","94.4",23807,100,"*. �",NA,"Census"
"8262","DTP, DTaP, or DT","","States","Nevada","2025-26","90.0",32815,93.6,"",NA,"Census (pub.), vol. response (prv.)"
"8263","DTP, DTaP, or DT","","States","New Hampshire","2025-26","88.2",11544,100,">=. *. �",NA,"Census"
"8264","DTP, DTaP, or DT","","States","New Jersey","2025-26","92.5",101602,92.3,">=. �",NA,"Census"
"8265","DTP, DTaP, or DT","","States","New Mexico","2025-26","94.7",19843,100,"*. �",NA,"Census"
"8266","DTP, DTaP, or DT","","States","New York","2025-26","97.4",203514,95.8,"",NA,"Census (pub.), vol. response (prv.)"
"8267","DTP, DTaP, or DT","","States","NY-City of New York","2025-26","95.8",82534,98.1,"",NA,"Census"
"8268","DTP, DTaP, or DT","","States","North Carolina","2025-26","93.4",120045,90.1,"�",NA,"Census (pub.), vol. response (prv.)"
"8269","DTP, DTaP, or DT","","States","North Dakota","2025-26","88.2",9344,98.6,"",NA,"Census"
"8270","DTP, DTaP, or DT","","States","Ohio","2025-26","88.5",129087,95.9,"",NA,"Census (pub.), vol. response (prv.)"
"8271","DTP, DTaP, or DT","","States","Oklahoma","2025-26","87.8",47844,90.7,"",NA,"Census (pub.), vol. response (prv.)"
"8272","DTP, DTaP, or DT","","States","Oregon","2025-26","88.6",37309,100,"*. �",NA,"Census"
"8273","DTP, DTaP, or DT","","States","Pennsylvania","2025-26","92.9",134313,95.7,"",NA,"Census (pub.), vol. response (prv.)"
"8274","DTP, DTaP, or DT","","States","Rhode Island","2025-26","96.4",10123,97.1,"�",NA,"Census"
"8275","DTP, DTaP, or DT","","States","South Carolina","2025-26","93.5",57542,26.2,"�",NA,"Stratified 1-stage cluster sample"
"8276","DTP, DTaP, or DT","","States","South Dakota","2025-26","88.6",11009,100,"*. �",NA,"Census"
"8277","DTP, DTaP, or DT","","States","Tennessee","2025-26","94.1",73415,97.4,"�",NA,"Census"
"8278","DTP, DTaP, or DT","","States","Texas","2025-26","92.8",358586,98.3,"�. �",NA,"Census (pub.), vol. response (prv.)"
"8279","DTP, DTaP, or DT","","States","TX-City of Houston","2025-26","91.6",36071,94.6,"�. �",NA,"Census (pub.), vol. response (prv.)"
"8280","DTP, DTaP, or DT","","States","Utah","2025-26","86.6",44001,100,"*",NA,"Census"
"8281","DTP, DTaP, or DT","","States","Vermont","2025-26","93.3",5298,100,"*",NA,"Census"
"8282","DTP, DTaP, or DT","","States","Virginia","2025-26","93.6",88950,95.7,"",NA,"Census"
"8283","DTP, DTaP, or DT","","States","Washington","2025-26","89.1",75631,99.1,"�",NA,"Census"
"8284","DTP, DTaP, or DT","","States","West Virginia","2025-26","99.1",15445,93.3,"�. �",NA,"Census"
"8285","DTP, DTaP, or DT","","States","Wisconsin","2025-26","86.4",59360,96.6,"�. �",NA,"Census (pub.), vol. response (prv.)"
"8286","DTP, DTaP, or DT","","States","Wyoming","2025-26","91.5",6146,100,"*",NA,"Census"
"8287","Hepatitis B","","States","Alabama","2025-26","NReq",53378,100,"*",NA,"Census"
"8288","Hepatitis B","","States","Alaska","2025-26","91.3",8253,60.9,"�",NA,"Vol. response (public), not conducted (private)"
"8289","Hepatitis B","","States","Arizona","2025-26","91.5",73907,92.5,"",NA,"Census (pub.), vol. response (prv.)"
"8290","Hepatitis B","","States","Arkansas","2025-26","94.0",35543,96.7,"",NA,"Census (pub.), vol. response (prv.)"
"8291","Hepatitis B","","States","California","2025-26","97.0",614405,100,"*. �",NA,"Census"
"8292","Hepatitis B","","States","Colorado","2025-26","91.1",60049,100,"*. �",NA,"Census"
"8293","Hepatitis B","","States","Connecticut","2025-26","98.9",33118,100,"*",NA,"Census"
"8294","Hepatitis B","","States","Delaware","2025-26","96.8",10729,12.9,"",NA,"2-stage cluster sample (pub.), nonrandom 2-stage cluster sample (prv.)"
"8295","Hepatitis B","","States","District of Columbia","2025-26","95.7",7871,100,"*",NA,"Census"
"8296","Hepatitis B","","States","Florida","2025-26","88.9",213535,100,">=. *",NA,"Census"
"8297","Hepatitis B","","States","Georgia","2025-26","89.1",118864,100,">=. *",NA,"Census"
"8298","Polio","","States","Hawaii","2025-26","89.5",13791,11.7,"",NA,"Stratified 2-stage cluster sample"
"8299","Polio","","States","Idaho","2025-26","75.5",21728,100,"*",NA,"Census"
"8300","Polio","","States","Illinois","2025-26","92.1",128598,99.8,"",NA,"Census"
"8301","Polio","","States","Indiana","2025-26","90.4",70886,87.1,"�",NA,"Vol. response"
"8302","Polio","","States","Iowa","2025-26","88.9",37490,100,">=. *",NA,"Census"
"8303","Polio","","States","Kansas","2025-26",NA,NA,NA,"",NA,"Stratified 2-stage cluster sample"
"8304","Polio","","States","Kentucky","2025-26","91.1",49937,100,"*. �",NA,"Census"
"8305","Polio","","States","Louisiana","2025-26","91.1",50223,100,"*",NA,"Census"
"8306","Polio","","States","Maine","2025-26","97.9",11634,94.4,"",NA,"Census"
"8307","Polio","","States","Maryland","2025-26","96.9",66945,97.8,"�",NA,"Census (pub.), vol. response (prv.)"
"8308","Polio","","States","Massachusetts","2025-26","96.5",65331,100,"�",NA,"Census"
"8309","Polio","","States","Michigan","2025-26","91.5",104614,100,"*. �",NA,"Census"
"8310","Polio","","States","Minnesota","2025-26","86.7",63451,99.9,"",NA,"Census"
"8311","Polio","","States","Mississippi","2025-26","97.0",34969,100,">=. *",NA,"Census"
"8312","Polio","","States","Missouri","2025-26","89.6",66610,100,"*",NA,"Census"
"8313","Polio","","States","Nebraska","2025-26","95.6",23807,100,"*. �",NA,"Census"
"8314","Polio","","States","Nevada","2025-26","90.4",32815,93.6,"",NA,"Census (pub.), vol. response (prv.)"
"8315","Polio","","States","New Hampshire","2025-26","88.2",11544,100,">=. *. �",NA,"Census"
"8316","Polio","","States","New Jersey","2025-26","92.5",101602,92.3,">=. �",NA,"Census"
"8317","Polio","","States","New Mexico","2025-26","94.9",19843,100,"*. �",NA,"Census"
"8318","Polio","","States","New York","2025-26","97.6",203514,95.8,"",NA,"Census (pub.), vol. response (prv.)"
"8319","Polio","","States","NY-City of New York","2025-26","96.4",82534,98.1,"",NA,"Census"
"8320","Polio","","States","North Carolina","2025-26","93.6",120045,90.1,"�",NA,"Census (pub.), vol. response (prv.)"
"8321","Polio","","States","North Dakota","2025-26","88.7",9344,98.6,"",NA,"Census"
"8322","Polio","","States","Ohio","2025-26","88.4",129087,95.9,"",NA,"Census (pub.), vol. response (prv.)"
"8323","Polio","","States","Oklahoma","2025-26","88.9",47844,90.7,"",NA,"Census (pub.), vol. response (prv.)"
"8324","Polio","","States","Oregon","2025-26","89.6",37309,100,"*. �",NA,"Census"
"8325","Polio","","States","Pennsylvania","2025-26","92.6",134313,95.7,"",NA,"Census (pub.), vol. response (prv.)"
"8326","Polio","","States","Rhode Island","2025-26","96.5",10123,97.1,"�",NA,"Census"
"8327","Polio","","States","South Carolina","2025-26","93.6",57542,26.2,"�",NA,"Stratified 1-stage cluster sample"
"8328","Polio","","States","South Dakota","2025-26","88.6",11009,100,"*. �",NA,"Census"
"8329","Polio","","States","Tennessee","2025-26","94.2",73415,97.4,"�",NA,"Census"
"8330","Polio","","States","Texas","2025-26","93.1",358586,98.3,"�. �",NA,"Census (pub.), vol. response (prv.)"
"8331","Polio","","States","TX-City of Houston","2025-26","92.1",36071,94.6,"�. �",NA,"Census (pub.), vol. response (prv.)"
"8332","Polio","","States","Utah","2025-26","87.0",44001,100,"*",NA,"Census"
"8333","Polio","","States","Vermont","2025-26","93.0",5298,100,"*",NA,"Census"
"8334","Polio","","States","Virginia","2025-26","93.7",88950,95.7,"",NA,"Census"
"8335","Polio","","States","Washington","2025-26","89.0",75631,99.1,"�",NA,"Census"
"8336","Polio","","States","West Virginia","2025-26","99.1",15445,93.3,"�. �",NA,"Census"
"8337","Polio","","States","Wisconsin","2025-26","86.3",59360,96.6,"�. �",NA,"Census (pub.), vol. response (prv.)"
"8338","Polio","","States","Wyoming","2025-26","91.8",6146,100,"*",NA,"Census"
"8339","Exemption","Medical Exemption","States","Alabama","2025-26","0.1",53378,100,"�",63,"Census"
"8340","Exemption","Medical Exemption","States","Alaska","2025-26","0.4",8253,60.9,"�. ��",37,"Vol. response (public), not conducted (private)"
"8341","Exemption","Medical Exemption","States","Arizona","2025-26","0.1",73907,92.5,"�",80,"Census (pub.), vol. response (prv.)"
"8342","Exemption","Medical Exemption","States","Arkansas","2025-26","0.1",35543,96.7,"<",14,"Census (pub.), vol. response (prv.)"
"8343","Exemption","Medical Exemption","States","California","2025-26","0.1",614405,100,"�. �",558,"Census"
"8344","Exemption","Medical Exemption","States","Colorado","2025-26","0.2",60049,100,">=. �. ||",98,"Census"
"8345","Exemption","Medical Exemption","States","Connecticut","2025-26","0.5",33118,100,"�",169,"Census"
"8346","Exemption","Medical Exemption","States","Delaware","2025-26","0.1",10729,12.9,"<. �",4,"2-stage cluster sample (pub.), nonrandom 2-stage cluster sample (prv.)"
"8347","Exemption","Medical Exemption","States","District of Columbia","2025-26","0.2",7871,100,"�",17,"Census"
"8348","Exemption","Medical Exemption","States","Florida","2025-26","0.3",213535,100,"�",737,"Census"
"8349","Exemption","Medical Exemption","States","Georgia","2025-26","0.1",118864,100,"�",85,"Census"
"8350","Exemption","Medical Exemption","States","Hawaii","2025-26","0.1",13791,11.7,"<. �",3,"Stratified 2-stage cluster sample"
"8351","Exemption","Medical Exemption","States","Idaho","2025-26","0.4",21728,100,"||",92,"Census"
"8352","Exemption","Medical Exemption","States","Illinois","2025-26","0.4",128598,99.8,">=. �. �",571,"Census"
"8353","Exemption","Medical Exemption","States","Indiana","2025-26","0.4",70886,87.1,"�. ||||",314,"Vol. response"
"8354","Exemption","Medical Exemption","States","Iowa","2025-26","0.1",37490,100,"�",46,"Census"
"8355","Exemption","Medical Exemption","States","Kansas","2025-26","0.4",33420,84.1,"�",118,"Census"
"8356","Exemption","Medical Exemption","States","Kentucky","2025-26","0.2",49937,100,"�",103,"Census"
"8357","Exemption","Medical Exemption","States","Louisiana","2025-26","0.2",50223,100,"",81,"Census"
"8358","Exemption","Medical Exemption","States","Maine","2025-26","0.8",11634,94.4,"�. �",92,"Census"
"8359","Exemption","Medical Exemption","States","Maryland","2025-26","0.4",66945,97.8,"�",254,"Census (pub.), vol. response (prv.)"
"8360","Exemption","Medical Exemption","States","Massachusetts","2025-26","0.2",65331,100,"�",102,"Census"
"8361","Exemption","Medical Exemption","States","Michigan","2025-26","0.2",104614,100,"",232,"Census"
"8362","Exemption","Medical Exemption","States","Minnesota","2025-26","0.2",63451,99.9,">=. �. ||",111,"Census"
"8363","Exemption","Medical Exemption","States","Mississippi","2025-26","0.1",34969,100,"�",34,"Census"
"8364","Exemption","Medical Exemption","States","Missouri","2025-26","0.2",66610,100,">=. �. �",143,"Census"
"8365","Exemption","Medical Exemption","States","Nebraska","2025-26","0.8",23807,100,"�",187,"Census"
"8366","Exemption","Medical Exemption","States","Nevada","2025-26","0.4",32815,93.6,"�",127,"Census (pub.), vol. response (prv.)"
"8367","Exemption","Medical Exemption","States","New Hampshire","2025-26","0.2",11544,100,"�",20,"Census"
"8368","Exemption","Medical Exemption","States","New Jersey","2025-26","0.1",101602,92.3,"�",146,"Census"
"8369","Exemption","Medical Exemption","States","New Mexico","2025-26","0.1",19843,100,"�",29,"Census"
"8370","Hepatitis B","","States","Hawaii","2025-26","90.3",13791,11.7,"",NA,"Stratified 2-stage cluster sample"
"8371","Hepatitis B","","States","Idaho","2025-26","82.1",21728,100,"*",NA,"Census"
"8372","Hepatitis B","","States","Illinois","2025-26","NReq",128598,99.8,"",NA,"Census"
"8373","Hepatitis B","","States","Indiana","2025-26","92.6",70886,87.1,"�",NA,"Vol. response"
"8374","Hepatitis B","","States","Iowa","2025-26","88.9",37490,100,">=. *",NA,"Census"
"8375","Hepatitis B","","States","Kansas","2025-26",NA,NA,NA,"",NA,"Stratified 2-stage cluster sample"
"8376","Hepatitis B","","States","Kentucky","2025-26","92.6",49937,100,"*. �",NA,"Census"
"8377","Hepatitis B","","States","Louisiana","2025-26","96.5",50223,100,"*",NA,"Census"
"8378","Hepatitis B","","States","Maine","2025-26","NReq",11634,94.4,"",NA,"Census"
"8379","Hepatitis B","","States","Maryland","2025-26","97.4",66945,97.8,"�",NA,"Census (pub.), vol. response (prv.)"
"8380","Hepatitis B","","States","Massachusetts","2025-26","97.7",65331,100,"�",NA,"Census"
"8381","Hepatitis B","","States","Michigan","2025-26","91.5",104614,100,"*. �",NA,"Census"
"8382","Hepatitis B","","States","Minnesota","2025-26","91.8",63451,99.9,"",NA,"Census"
"8383","Hepatitis B","","States","Mississippi","2025-26","97.0",34969,100,">=. *",NA,"Census"
"8384","Hepatitis B","","States","Missouri","2025-26","92.1",66610,100,"*",NA,"Census"
"8385","Hepatitis B","","States","Nebraska","2025-26","95.0",23807,100,"*. �",NA,"Census"
"8386","Hepatitis B","","States","Nevada","2025-26","92.4",32815,93.6,"",NA,"Census (pub.), vol. response (prv.)"
"8387","Hepatitis B","","States","New Hampshire","2025-26","88.2",11544,100,">=. *. �",NA,"Census"
"8388","Hepatitis B","","States","New Jersey","2025-26","92.5",101602,92.3,">=. �",NA,"Census"
"8389","Hepatitis B","","States","New Mexico","2025-26","96.1",19843,100,"*. �",NA,"Census"
"8390","Hepatitis B","","States","New York","2025-26","98.6",203514,95.8,"",NA,"Census (pub.), vol. response (prv.)"
"8391","Hepatitis B","","States","NY-City of New York","2025-26","98.1",82534,98.1,"",NA,"Census"
"8392","Hepatitis B","","States","North Carolina","2025-26","94.8",120045,90.1,"�",NA,"Census (pub.), vol. response (prv.)"
"8393","Hepatitis B","","States","North Dakota","2025-26","91.6",9344,98.6,"",NA,"Census"
"8394","Hepatitis B","","States","Ohio","2025-26","91.9",129087,95.9,"",NA,"Census (pub.), vol. response (prv.)"
"8395","Hepatitis B","","States","Oklahoma","2025-26","92.3",47844,90.7,"",NA,"Census (pub.), vol. response (prv.)"
"8396","Hepatitis B","","States","Oregon","2025-26","92.0",37309,100,"*. �",NA,"Census"
"8397","Hepatitis B","","States","Pennsylvania","2025-26","94.4",134313,95.7,"",NA,"Census (pub.), vol. response (prv.)"
"8398","Hepatitis B","","States","Rhode Island","2025-26","97.8",10123,97.1,"�",NA,"Census"
"8399","Hepatitis B","","States","South Carolina","2025-26","93.7",57542,26.2,"�",NA,"Stratified 1-stage cluster sample"
"8400","Hepatitis B","","States","South Dakota","2025-26","NReq",11009,100,"*. �",NA,"Census"
"8401","Hepatitis B","","States","Tennessee","2025-26","95.6",73415,97.4,"�",NA,"Census"
"8402","Hepatitis B","","States","Texas","2025-26","94.6",358586,98.3,"�. �",NA,"Census (pub.), vol. response (prv.)"
"8403","Hepatitis B","","States","TX-City of Houston","2025-26","94.4",36071,94.6,"�. �",NA,"Census (pub.), vol. response (prv.)"
"8404","Hepatitis B","","States","Utah","2025-26","89.2",44001,100,"*",NA,"Census"
"8405","Hepatitis B","","States","Vermont","2025-26","94.9",5298,100,"*",NA,"Census"
"8406","Hepatitis B","","States","Virginia","2025-26","94.7",88950,95.7,"",NA,"Census"
"8407","Hepatitis B","","States","Washington","2025-26","92.5",75631,99.1,"�",NA,"Census"
"8408","Hepatitis B","","States","West Virginia","2025-26","99.6",15445,93.3,"�. �",NA,"Census"
"8409","Hepatitis B","","States","Wisconsin","2025-26","92.2",59360,96.6,"�. �",NA,"Census (pub.), vol. response (prv.)"
"8410","Hepatitis B","","States","Wyoming","2025-26","93.0",6146,100,"*",NA,"Census"
"8411","Polio","","States","Alabama","2025-26","95.2",53378,100,"*",NA,"Census"
"8412","Polio","","States","Alaska","2025-26","90.0",8253,60.9,"�",NA,"Vol. response (public), not conducted (private)"
"8413","Polio","","States","Arizona","2025-26","88.3",73907,92.5,"",NA,"Census (pub.), vol. response (prv.)"
"8414","Polio","","States","Arkansas","2025-26","90.3",35543,96.7,"",NA,"Census (pub.), vol. response (prv.)"
"8415","Polio","","States","California","2025-26","95.5",614405,100,"*. �",NA,"Census"
"8416","Polio","","States","Colorado","2025-26","87.3",60049,100,"*. �",NA,"Census"
"8417","Polio","","States","Connecticut","2025-26","98.5",33118,100,"*",NA,"Census"
"8418","Polio","","States","Delaware","2025-26","96.5",10729,12.9,"",NA,"2-stage cluster sample (pub.), nonrandom 2-stage cluster sample (prv.)"
"8419","Polio","","States","District of Columbia","2025-26","94.5",7871,100,"*",NA,"Census"
"8420","Polio","","States","Florida","2025-26","88.9",213535,100,">=. *",NA,"Census"
"8421","Polio","","States","Georgia","2025-26","89.1",118864,100,">=. *",NA,"Census"
"8422","MMR","","States","Alabama","2025-26","94.3",53378,100,"*",NA,"Census"
"8423","MMR","","States","Alaska","2025-26","89.9",8253,60.9,"�",NA,"Vol. response (public), not conducted (private)"
"8424","MMR","","States","Arizona","2025-26","87.4",73907,92.5,"",NA,"Census (pub.), vol. response (prv.)"
"8425","MMR","","States","Arkansas","2025-26","91.5",35543,96.7,"",NA,"Census (pub.), vol. response (prv.)"
"8426","MMR","","States","California","2025-26","95.7",614405,100,"*. �",NA,"Census"
"8427","MMR","","States","Colorado","2025-26","87.7",60049,100,"*. �",NA,"Census"
"8428","MMR","","States","Connecticut","2025-26","98.6",33118,100,"*",NA,"Census"
"8429","MMR","","States","Delaware","2025-26","93.5",10729,12.9,"",NA,"2-stage cluster sample (pub.), nonrandom 2-stage cluster sample (prv.)"
"8430","MMR","","States","District of Columbia","2025-26","94.4",7871,100,"*",NA,"Census"
"8431","MMR","","States","Florida","2025-26","88.9",213535,100,">=. *",NA,"Census"
"8432","MMR","","States","Georgia","2025-26","89.1",118864,100,">=. *",NA,"Census"
"8433","Exemption","Medical Exemption","States","New York","2025-26","0.1",203514,95.8,"�. �",272,"Census (pub.), vol. response (prv.)"
"8434","Exemption","Medical Exemption","States","NY-City of New York","2025-26","0.1",82534,98.1,"�. �",85,"Census"
"8435","Exemption","Medical Exemption","States","North Carolina","2025-26","0.1",120045,90.1,"�",123,"Census (pub.), vol. response (prv.)"
"8436","Exemption","Medical Exemption","States","North Dakota","2025-26","0.2",9344,98.6,"",16,"Census"
"8437","Exemption","Medical Exemption","States","Ohio","2025-26","0.2",129087,95.9,"||",249,"Census (pub.), vol. response (prv.)"
"8438","Exemption","Medical Exemption","States","Oklahoma","2025-26","0.2",47844,90.7,"",108,"Census (pub.), vol. response (prv.)"
"8439","Exemption","Medical Exemption","States","Oregon","2025-26","0.1",37309,100,"||",35,"Census"
"8440","Exemption","Medical Exemption","States","Pennsylvania","2025-26","0.3",134313,95.7,"",377,"Census (pub.), vol. response (prv.)"
"8441","Exemption","Medical Exemption","States","Utah","2025-26","0.4",44001,100,"",186,"Census"
"8442","Exemption","Medical Exemption","States","Vermont","2025-26","0.2",5298,100,"�",8,"Census"
"8443","Exemption","Medical Exemption","States","Virginia","2025-26","0.3",88950,95.7,"�",250,"Census"
"8444","Exemption","Medical Exemption","States","Washington","2025-26","0.3",75631,99.1,"||||. ��",235,"Census"
"8445","Exemption","Medical Exemption","States","West Virginia","2025-26","0.1",15445,93.3,"<. �. �. ��",6,"Census"
"8446","Exemption","Medical Exemption","States","Wisconsin","2025-26","0.4",59360,96.6,"||||. ��",209,"Census (pub.), vol. response (prv.)"
"8447","Exemption","Medical Exemption","States","Wyoming","2025-26","0.1",6146,100,"�",4,"Census"
"8448","Exemption","Non-Medical Exemption","States","Alabama","2025-26","2.9",53378,100,"�",1563,"Census"
"8449","Exemption","Non-Medical Exemption","States","Alaska","2025-26","8.2",8253,60.9,"�. ��",675,"Vol. response (public), not conducted (private)"
"8450","Exemption","Non-Medical Exemption","States","Arizona","2025-26","10.4",73907,92.5,"�",7720,"Census (pub.), vol. response (prv.)"
"8451","Exemption","Non-Medical Exemption","States","Arkansas","2025-26","4.5",35543,96.7,"",1615,"Census (pub.), vol. response (prv.)"
"8452","Exemption","Non-Medical Exemption","States","California","2025-26",NA,614405,100,"�. �",NA,"Census"
"8453","Exemption","Non-Medical Exemption","States","Colorado","2025-26","4.5",60049,100,">=. �. ||",2716,"Census"
"8454","Exemption","Non-Medical Exemption","States","Connecticut","2025-26","0.1",33118,100,"<. �",4,"Census"
"8455","Exemption","Non-Medical Exemption","States","Delaware","2025-26","2.1",10729,12.9,"�",229,"2-stage cluster sample (pub.), nonrandom 2-stage cluster sample (prv.)"
"8456","Exemption","Non-Medical Exemption","States","District of Columbia","2025-26","3.1",7871,100,"�",247,"Census"
"8457","Exemption","Non-Medical Exemption","States","Florida","2025-26","5.5",213535,100,"�",11803,"Census"
"8458","Exemption","Non-Medical Exemption","States","Georgia","2025-26","5.0",118864,100,"�",6002,"Census"
"8459","Exemption","Non-Medical Exemption","States","Hawaii","2025-26","6.0",13791,11.7,"�",833,"Stratified 2-stage cluster sample"
"8460","Exemption","Non-Medical Exemption","States","Idaho","2025-26","17.0",21728,100,"||",3704,"Census"
"8461","Exemption","Non-Medical Exemption","States","Illinois","2025-26","3.1",128598,99.8,">=. �. �",3989,"Census"
"8462","Exemption","Non-Medical Exemption","States","Indiana","2025-26","3.4",70886,87.1,"�. ||||",2442,"Vol. response"
"8463","Exemption","Non-Medical Exemption","States","Iowa","2025-26","4.8",37490,100,"�",1792,"Census"
"8464","Exemption","Non-Medical Exemption","States","Kansas","2025-26","4.1",33420,84.1,"�",1379,"Census"
"8465","Exemption","Non-Medical Exemption","States","Kentucky","2025-26","2.4",49937,100,"�",1219,"Census"
"8466","Exemption","Non-Medical Exemption","States","Louisiana","2025-26","3.8",50223,100,"",1933,"Census"
"8467","Exemption","Non-Medical Exemption","States","Maine","2025-26",NA,11634,94.4,"�. �",NA,"Census"
"8468","Exemption","Non-Medical Exemption","States","Maryland","2025-26","2.1",66945,97.8,"�",1406,"Census (pub.), vol. response (prv.)"
"8469","Exemption","Non-Medical Exemption","States","Massachusetts","2025-26","1.6",65331,100,"�",1069,"Census"
"8470","Exemption","Non-Medical Exemption","States","Michigan","2025-26","7.5",104614,100,"",7818,"Census"
"8471","Exemption","Non-Medical Exemption","States","Minnesota","2025-26","6.8",63451,99.9,">=. �. ||",4293,"Census"
"8472","Exemption","Non-Medical Exemption","States","Mississippi","2025-26","1.9",34969,100,"�",666,"Census"
"8473","Exemption","Non-Medical Exemption","States","Missouri","2025-26","6.1",66610,100,">=. �. �",4076,"Census"
"8474","Exemption","Non-Medical Exemption","States","Nebraska","2025-26","3.9",23807,100,"�",936,"Census"
"8475","Exemption","Non-Medical Exemption","States","Nevada","2025-26","8.3",32815,93.6,"�",2729,"Census (pub.), vol. response (prv.)"
"8476","Exemption","Non-Medical Exemption","States","New Hampshire","2025-26","5.2",11544,100,"�",600,"Census"
"8477","Exemption","Non-Medical Exemption","States","New Jersey","2025-26","5.6",101602,92.3,"�",5687,"Census"
"8478","Exemption","Non-Medical Exemption","States","New Mexico","2025-26","2.0",19843,100,"�",399,"Census"
"8479","Exemption","Non-Medical Exemption","States","New York","2025-26",NA,203514,95.8,"�. �",NA,"Census (pub.), vol. response (prv.)"
"8480","Exemption","Non-Medical Exemption","States","NY-City of New York","2025-26",NA,82534,98.1,"�. �",NA,"Census"
"8481","Exemption","Non-Medical Exemption","States","North Carolina","2025-26","3.8",120045,90.1,"�",4543,"Census (pub.), vol. response (prv.)"
"8482","Exemption","Non-Medical Exemption","States","North Dakota","2025-26","8.0",9344,98.6,"",745,"Census"
"8483","Exemption","Non-Medical Exemption","States","Ohio","2025-26","5.5",129087,95.9,"||",7089,"Census (pub.), vol. response (prv.)"
"8484","Exemption","Non-Medical Exemption","States","Oklahoma","2025-26","7.2",47844,90.7,"",3440,"Census (pub.), vol. response (prv.)"
"8485","Exemption","Non-Medical Exemption","States","Oregon","2025-26","10.9",37309,100,"||",4060,"Census"
"8486","Exemption","Non-Medical Exemption","States","Pennsylvania","2025-26","5.7",134313,95.7,"",7720,"Census (pub.), vol. response (prv.)"
"8487","Exemption","Medical Exemption","States","Rhode Island","2025-26","0.2",10123,97.1,"�",20,"Census"
"8488","Exemption","Medical Exemption","States","South Carolina","2025-26","0.2",57542,100,"�",99,"Census"
"8489","Exemption","Medical Exemption","States","South Dakota","2025-26","0.1",11009,100,"�",11,"Census"
"8490","Exemption","Medical Exemption","States","Tennessee","2025-26","0.2",73415,97.4,"�",114,"Census"
"8491","Exemption","Medical Exemption","States","Texas","2025-26","0.2",358586,98.3,"||",762,"Census (pub.), vol. response (prv.)"
"8492","Exemption","Medical Exemption","States","TX-City of Houston","2025-26","0.2",36071,94.6,"||",85,"Census (pub.), vol. response (prv.)"
"8493","Exemption","Non-Medical Exemption","States","Rhode Island","2025-26","2.0",10123,97.1,"�",202,"Census"
"8494","Exemption","Non-Medical Exemption","States","South Carolina","2025-26","5.6",57542,100,"�",3197,"Census"
"8495","Exemption","Non-Medical Exemption","States","South Dakota","2025-26","6.8",11009,100,"�",747,"Census"
"8496","Exemption","Non-Medical Exemption","States","Tennessee","2025-26","4.6",73415,97.4,"�",3397,"Census"
"8497","Exemption","Non-Medical Exemption","States","Texas","2025-26","5.0",358586,98.3,"||",17824,"Census (pub.), vol. response (prv.)"
"8498","Exemption","Non-Medical Exemption","States","TX-City of Houston","2025-26","2.7",36071,94.6,"||",976,"Census (pub.), vol. response (prv.)"
"8499","Exemption","Non-Medical Exemption","States","Utah","2025-26","12.2",44001,100,"",5388,"Census"
"8500","Exemption","Non-Medical Exemption","States","Vermont","2025-26","3.6",5298,100,"�",192,"Census"
"8501","Exemption","Non-Medical Exemption","States","Virginia","2025-26","2.7",88950,95.7,"�",2417,"Census"
"8502","Exemption","Non-Medical Exemption","States","Washington","2025-26","4.4",75631,99.1,">=. ||||. ��",3364,"Census"
"8503","Exemption","Non-Medical Exemption","States","West Virginia","2025-26",NA,15445,93.3,"�. �. ��",NA,"Census"
"8504","Exemption","Non-Medical Exemption","States","Wisconsin","2025-26","7.3",59360,96.6,">=. ||||. ��",4314,"Census (pub.), vol. response (prv.)"
"8505","Exemption","Non-Medical Exemption","States","Wyoming","2025-26","7.1",6146,100,"�",439,"Census"
"8506","Exemption","Any Exemption","States","Alabama","2025-26","3.0",53378,100,"�",1626,"Census"
"8507","Exemption","Any Exemption","States","Alaska","2025-26","8.6",8253,60.9,"�. ��",711,"Vol. response (public), not conducted (private)"
"8508","Exemption","Any Exemption","States","Arizona","2025-26","10.6",73907,92.5,"�",7800,"Census (pub.), vol. response (prv.)"
"8509","Exemption","Any Exemption","States","Arkansas","2025-26","4.6",35543,96.7,"",1629,"Census (pub.), vol. response (prv.)"
"8510","Exemption","Any Exemption","States","California","2025-26","0.1",614405,100,"�. �",558,"Census"
"8511","Exemption","Any Exemption","States","Colorado","2025-26","4.7",60049,100,">=. �. ||",2814,"Census"
"8512","Exemption","Any Exemption","States","Connecticut","2025-26","0.5",33118,100,"�",173,"Census"
"8513","Exemption","Any Exemption","States","Delaware","2025-26","2.2",10729,12.9,"�",233,"2-stage cluster sample (pub.), nonrandom 2-stage cluster sample (prv.)"
"8514","Exemption","Any Exemption","States","District of Columbia","2025-26","3.4",7871,100,"�",264,"Census"
"8515","Exemption","Any Exemption","States","Florida","2025-26","5.9",213535,100,"�",12540,"Census"
"8516","Exemption","Any Exemption","States","Georgia","2025-26","5.1",118864,100,"�",6087,"Census"
"8517","Exemption","Any Exemption","States","Hawaii","2025-26","6.0",13791,11.7,"�",835,"Stratified 2-stage cluster sample"
"8518","Exemption","Any Exemption","States","Idaho","2025-26","17.5",21728,100,"||",3796,"Census"
"8519","Exemption","Any Exemption","States","Illinois","2025-26","3.5",128598,99.8,">=. �. �",4559,"Census"
"8520","Exemption","Any Exemption","States","Indiana","2025-26","3.8",70886,87.1,"�. ||||",2680,"Vol. response"
"8521","Exemption","Any Exemption","States","Iowa","2025-26","4.9",37490,100,"�",1838,"Census"
"8522","Exemption","Any Exemption","States","Kansas","2025-26","4.5",33420,84.1,"�",1496,"Census"
"8523","Exemption","Any Exemption","States","Kentucky","2025-26","2.6",49937,100,"�",1322,"Census"
"8524","Exemption","Any Exemption","States","Louisiana","2025-26","4.0",50223,100,"",2014,"Census"
"8525","Exemption","Any Exemption","States","Maine","2025-26","0.8",11634,94.4,"�. �",92,"Census"
"8526","Exemption","Any Exemption","States","Maryland","2025-26","2.5",66945,97.8,"�",1660,"Census (pub.), vol. response (prv.)"
"8527","Exemption","Any Exemption","States","Massachusetts","2025-26","1.8",65331,100,"�",1170,"Census"
"8528","Exemption","Any Exemption","States","Michigan","2025-26","7.7",104614,100,"",8050,"Census"
"8529","Exemption","Any Exemption","States","Minnesota","2025-26","6.9",63451,99.9,">=. �. ||",4404,"Census"
"8530","Exemption","Any Exemption","States","Mississippi","2025-26","2.0",34969,100,"�",700,"Census"
"8531","Exemption","Any Exemption","States","Missouri","2025-26","6.3",66610,100,">=. �. �",4219,"Census"
"8532","Exemption","Any Exemption","States","Nebraska","2025-26","4.7",23807,100,"�",1123,"Census"
"8533","Exemption","Any Exemption","States","Nevada","2025-26","8.7",32815,93.6,"�",2856,"Census (pub.), vol. response (prv.)"
"8534","Exemption","Any Exemption","States","New Hampshire","2025-26","5.4",11544,100,"�",620,"Census"
"8535","Exemption","Any Exemption","States","New Jersey","2025-26","5.7",101602,92.3,"�",5832,"Census"
"8536","Exemption","Any Exemption","States","New Mexico","2025-26","2.2",19843,100,"�",428,"Census"
"8537","Exemption","Any Exemption","States","Utah","2025-26","12.7",44001,100,"",5574,"Census"
"8538","Exemption","Any Exemption","States","Vermont","2025-26","3.8",5298,100,"�",200,"Census"
"8539","Exemption","Any Exemption","States","Virginia","2025-26","3.0",88950,95.7,"�",2667,"Census"
"8540","Exemption","Any Exemption","States","Washington","2025-26","5.3",75631,99.1,"||||. ��",3988,"Census"
"8541","Exemption","Any Exemption","States","West Virginia","2025-26","0.1",15445,93.3,"<. �. �. ��",6,"Census"
"8542","Exemption","Any Exemption","States","Wisconsin","2025-26","8.2",59360,96.6,"||||. ��",4893,"Census (pub.), vol. response (prv.)"
"8543","Exemption","Any Exemption","States","Wyoming","2025-26","7.2",6146,100,"�",443,"Census"
"8544","MMR (PAC)","MMR (PAC)","States","Alabama","2025-26","97.0",53378,100,"",NA,"Census"
"8545","MMR (PAC)","MMR (PAC)","States","Alaska","2025-26","91.8",8253,60.9,"",NA,"Vol. response (public), not conducted (private)"
"8546","MMR (PAC)","MMR (PAC)","States","Arizona","2025-26","90.4",73907,92.5,"",NA,"Census (pub.), vol. response (prv.)"
"8547","MMR (PAC)","MMR (PAC)","States","Arkansas","2025-26","95.6",35543,96.7,"",NA,"Census (pub.), vol. response (prv.)"
"8548","MMR (PAC)","MMR (PAC)","States","California","2025-26","99.9",614405,100,"",NA,"Census"
"8549","MMR (PAC)","MMR (PAC)","States","Colorado","2025-26","95.5",60049,100,"",NA,"Census"
"8550","MMR (PAC)","MMR (PAC)","States","Connecticut","2025-26","99.5",33118,100,"",NA,"Census"
"8551","MMR (PAC)","MMR (PAC)","States","Delaware","2025-26","97.8",10729,12.9,"",NA,"2-stage cluster sample (pub.), nonrandom 2-stage cluster sample (prv.)"
"8552","MMR (PAC)","MMR (PAC)","States","District of Columbia","2025-26","97.0",7871,100,"",NA,"Census"
"8553","MMR (PAC)","MMR (PAC)","States","Florida","2025-26","94.1",213535,100,"",NA,"Census"
"8554","MMR (PAC)","MMR (PAC)","States","Georgia","2025-26","94.9",118864,100,"",NA,"Census"
"8555","MMR (PAC)","MMR (PAC)","States","Hawaii","2025-26","94.0",13791,11.7,"",NA,"Stratified 2-stage cluster sample"
"8556","MMR (PAC)","MMR (PAC)","States","Idaho","2025-26","83.4",21728,100,"",NA,"Census"
"8557","MMR (PAC)","MMR (PAC)","States","Illinois","2025-26","96.7",128598,99.8,"",NA,"Census"
"8558","MMR (PAC)","MMR (PAC)","States","Indiana","2025-26","96.2",70886,87.1,"",NA,"Vol. response"
"8559","MMR (PAC)","MMR (PAC)","States","Iowa","2025-26","95.1",37490,100,"",NA,"Census"
"8560","MMR (PAC)","MMR (PAC)","States","Kansas","2025-26",NA,NA,NA,"",NA,"Stratified 2-stage cluster sample"
"8561","MMR (PAC)","MMR (PAC)","States","Kentucky","2025-26","97.5",49937,100,"",NA,"Census"
"8562","MMR (PAC)","MMR (PAC)","States","Louisiana","2025-26","96.0",50223,100,"",NA,"Census"
"8563","MMR (PAC)","MMR (PAC)","States","Maine","2025-26","99.5",11634,94.4,"",NA,"Census"
"8564","MMR (PAC)","MMR (PAC)","States","Maryland","2025-26","97.5",66945,97.8,"",NA,"Census (pub.), vol. response (prv.)"
"8565","MMR (PAC)","MMR (PAC)","States","Massachusetts","2025-26","98.4",65331,100,"",NA,"Census"
"8566","MMR (PAC)","MMR (PAC)","States","Michigan","2025-26","93.1",104614,100,"",NA,"Census"
"8567","MMR (PAC)","MMR (PAC)","States","Minnesota","2025-26","93.1",63451,99.9,"",NA,"Census"
"8568","MMR (PAC)","MMR (PAC)","States","Mississippi","2025-26","98.0",34969,100,"",NA,"Census"
"8569","MMR (PAC)","MMR (PAC)","States","Missouri","2025-26","93.7",66610,100,"",NA,"Census"
"8570","MMR (PAC)","MMR (PAC)","States","Nebraska","2025-26","95.9",23807,100,"",NA,"Census"
"8571","MMR (PAC)","MMR (PAC)","States","Nevada","2025-26","92.1",32815,93.6,"",NA,"Census (pub.), vol. response (prv.)"
"8572","MMR (PAC)","MMR (PAC)","States","New Hampshire","2025-26","94.6",11544,100,"",NA,"Census"
"8573","MMR (PAC)","MMR (PAC)","States","New Jersey","2025-26","94.3",101602,92.3,"",NA,"Census"
"8574","MMR (PAC)","MMR (PAC)","States","New Mexico","2025-26","97.8",19843,100,"",NA,"Census"
"8575","MMR (PAC)","MMR (PAC)","States","New York","2025-26","99.9",203514,95.8,"",NA,"Census (pub.), vol. response (prv.)"
"8576","MMR (PAC)","MMR (PAC)","States","NY-City of New York","2025-26","100.0",82534,98.1,"",NA,"Census"
"8577","MMR (PAC)","MMR (PAC)","States","North Carolina","2025-26","96.2",120045,90.1,"",NA,"Census (pub.), vol. response (prv.)"
"8578","MMR (PAC)","MMR (PAC)","States","North Dakota","2025-26","92.5",9344,98.6,"",NA,"Census"
"8579","MMR (PAC)","MMR (PAC)","States","Ohio","2025-26","94.9",129087,95.9,"",NA,"Census (pub.), vol. response (prv.)"
"8580","MMR (PAC)","MMR (PAC)","States","Oklahoma","2025-26","93.0",47844,90.7,"",NA,"Census (pub.), vol. response (prv.)"
"8581","MMR (PAC)","MMR (PAC)","States","Oregon","2025-26","90.6",37309,100,"",NA,"Census"
"8582","MMR (PAC)","MMR (PAC)","States","Pennsylvania","2025-26","94.0",134313,95.7,"",NA,"Census (pub.), vol. response (prv.)"
"8583","MMR (PAC)","MMR (PAC)","States","Rhode Island","2025-26","98.1",10123,97.1,"",NA,"Census"
"8584","MMR (PAC)","MMR (PAC)","States","South Carolina","2025-26","94.3",57542,26.2,"",NA,"Stratified 1-stage cluster sample"
"8585","MMR (PAC)","MMR (PAC)","States","South Dakota","2025-26","93.1",11009,100,"",NA,"Census"
"8586","MMR (PAC)","MMR (PAC)","States","Tennessee","2025-26","95.2",73415,97.4,"",NA,"Census"
"8587","MMR (PAC)","MMR (PAC)","States","Texas","2025-26","95.2",358586,98.3,"",NA,"Census (pub.), vol. response (prv.)"
"8588","MMR (PAC)","MMR (PAC)","States","TX-City of Houston","2025-26","97.3",36071,94.6,"",NA,"Census (pub.), vol. response (prv.)"
"8589","MMR (PAC)","MMR (PAC)","States","Utah","2025-26","88.1",44001,100,"",NA,"Census"
"8590","MMR (PAC)","MMR (PAC)","States","Vermont","2025-26","96.8",5298,100,"",NA,"Census"
"8591","MMR (PAC)","MMR (PAC)","States","Virginia","2025-26","97.0",88950,95.7,"",NA,"Census"
"8592","MMR (PAC)","MMR (PAC)","States","Washington","2025-26","95.5",75631,99.1,"",NA,"Census"
"8593","MMR (PAC)","MMR (PAC)","States","West Virginia","2025-26","99.9",15445,93.3,"",NA,"Census"
"8594","MMR (PAC)","MMR (PAC)","States","Wisconsin","2025-26","92.3",59360,96.6,"",NA,"Census (pub.), vol. response (prv.)"
"8595","MMR (PAC)","MMR (PAC)","States","Wyoming","2025-26","93.1",6146,100,"",NA,"Census"
"8596","Exemption","Any Exemption","States","New York","2025-26","0.1",203514,95.8,"�. �",272,"Census (pub.), vol. response (prv.)"
"8597","Exemption","Any Exemption","States","NY-City of New York","2025-26","0.1",82534,98.1,"�. �",85,"Census"
"8598","Exemption","Any Exemption","States","North Carolina","2025-26","3.9",120045,90.1,"�",4666,"Census (pub.), vol. response (prv.)"
"8599","Exemption","Any Exemption","States","North Dakota","2025-26","8.1",9344,98.6,"",760,"Census"
"8600","Exemption","Any Exemption","States","Ohio","2025-26","5.7",129087,95.9,"||",7337,"Census (pub.), vol. response (prv.)"
"8601","Exemption","Any Exemption","States","Oklahoma","2025-26","7.4",47844,90.7,"",3547,"Census (pub.), vol. response (prv.)"
"8602","Exemption","Any Exemption","States","Oregon","2025-26","11.0",37309,100,"||",4095,"Census"
"8603","Exemption","Any Exemption","States","Pennsylvania","2025-26","6.0",134313,95.7,"",8097,"Census (pub.), vol. response (prv.)"
"8604","Exemption","Any Exemption","States","Rhode Island","2025-26","2.2",10123,97.1,"�",221,"Census"
"8605","Exemption","Any Exemption","States","South Carolina","2025-26","5.7",57542,100,"�",3295,"Census"
"8606","Exemption","Any Exemption","States","South Dakota","2025-26","6.9",11009,100,"�",758,"Census"
"8607","Exemption","Any Exemption","States","Tennessee","2025-26","4.8",73415,97.4,"�",3510,"Census"
"8608","Exemption","Any Exemption","States","Texas","2025-26","5.2",358586,98.3,"||",18585,"Census (pub.), vol. response (prv.)"
"8609","Exemption","Any Exemption","States","TX-City of Houston","2025-26","2.9",36071,94.6,"||",1060,"Census (pub.), vol. response (prv.)"
"8610","Varicella","1 Dose (or disease history)","States","South Dakota","2025-26","NReq",11009,100,"",NA,"Census"
"8611","Varicella","1 Dose (or disease history)","States","Tennessee","2025-26","NReq",73415,97.4,"",NA,"Census"
"8612","Varicella","1 Dose (or disease history)","States","Texas","2025-26","NReq",358586,98.3,"",NA,"Census (pub.), vol. response (prv.)"
"8613","Varicella","1 Dose (or disease history)","States","TX-City of Houston","2025-26","NReq",36071,94.6,"",NA,"Census (pub.), vol. response (prv.)"
"8614","Varicella","1 Dose (or disease history)","States","Utah","2025-26","NReq",44001,100,"",NA,"Census"
"8615","Varicella","1 Dose (or disease history)","States","Vermont","2025-26","NReq",5298,100,"",NA,"Census"
"8616","Varicella","1 Dose (or disease history)","States","Virginia","2025-26","NReq",88950,95.7,"",NA,"Census"
"8617","Varicella","1 Dose (or disease history)","States","Washington","2025-26","NReq",75631,99.1,"",NA,"Census"
"8618","Varicella","1 Dose (or disease history)","States","West Virginia","2025-26","NReq",15445,93.3,"",NA,"Census"
"8619","Varicella","1 Dose (or disease history)","States","Wisconsin","2025-26","NReq",59360,96.6,"",NA,"Census (pub.), vol. response (prv.)"
"8620","DTP, DTaP, or DT","","National","U.S. Median","2025-26","90.8",3692432,96,"",NA,""
"8621","Polio","","National","United States","2025-26","92.4",3692432,96,"",NA,""
"8622","Polio","","National","U.S. Median","2025-26","91.5",3692432,96,"",NA,""
"8623","Hepatitis B","","National","United States","2025-26","94.0",3692432,96,"",NA,""
"8624","Hepatitis B","","National","U.S. Median","2025-26","92.6",3692432,96,"",NA,""
"8625","Exemption","Medical Exemption","National","U.S. Median","2025-26","0.2",3725852,97,"",103,""
"8626","Exemption","Medical Exemption","National","United States","2025-26","0.2",3725852,97,"",7737,""
"8627","Exemption","Non-Medical Exemption","National","United States","2025-26","4.0",3725852,97,"",148608,""
"8628","Exemption","Non-Medical Exemption","National","U.S. Median","2025-26","4.9",3725852,97,"",2429,""
"8629","Exemption","Any Exemption","National","U.S. Median","2025-26","4.8",3725852,97,"",1926,""
"8630","MMR (PAC)","MMR (PAC)","National","United States","2025-26","95.9",3692432,96,"",NA,""
"8631","MMR (PAC)","MMR (PAC)","National","U.S. Median","2025-26","95.2",3692432,96,"",NA,""
"8632","Exemption","Any Exemption","National","United States","2025-26","4.2",3725852,97,"",157029,""
"8633","Varicella","1 Dose (or disease history)","National","U.S. Median","2025-26","92.7",3692432,96,"",NA,""
"8634","Varicella","2 Doses (or disease history)","National","United States","2025-26","92.2",3692432,96,"",NA,""
"8635","Varicella","2 Doses (or disease history)","National","U.S. Median","2025-26","91.1",3692432,96,"",NA,""
"8636","Varicella","UTD (or disease history)","National","United States","2025-26","92.3",3692432,96,"",NA,""
"8637","Varicella","UTD (or disease history)","National","U.S. Median","2025-26","92.5",3692432,96,"",NA,""
"8638","Varicella","1 Dose (or disease history)","States","Wyoming","2025-26","92.6",6146,100,"",NA,"Census"
"8639","Varicella","2 Doses (or disease history)","States","Alabama","2025-26","NReq",53378,100,"",NA,"Census"
"8640","Varicella","2 Doses (or disease history)","States","Alaska","2025-26","87.9",8253,60.9,"",NA,"Vol. response (public), not conducted (private)"
"8641","Varicella","2 Doses (or disease history)","States","Arizona","2025-26","NReq",73907,92.5,"",NA,"Census (pub.), vol. response (prv.)"
"8642","Varicella","2 Doses (or disease history)","States","Arkansas","2025-26","91.1",35543,96.7,"",NA,"Census (pub.), vol. response (prv.)"
"8643","Varicella","2 Doses (or disease history)","States","California","2025-26","95.4",614405,100,"",NA,"Census"
"8644","Varicella","2 Doses (or disease history)","States","Colorado","2025-26","86.7",60049,100,"",NA,"Census"
"8645","Varicella","2 Doses (or disease history)","States","Connecticut","2025-26","98.4",33118,100,"",NA,"Census"
"8646","Varicella","2 Doses (or disease history)","States","Delaware","2025-26","92.9",10729,12.9,"",NA,"2-stage cluster sample (pub.), nonrandom 2-stage cluster sample (prv.)"
"8647","Varicella","2 Doses (or disease history)","States","District of Columbia","2025-26","93.9",7871,100,"",NA,"Census"
"8648","Varicella","2 Doses (or disease history)","States","Florida","2025-26","88.9",213535,100,"",NA,"Census"
"8649","Varicella","2 Doses (or disease history)","States","Georgia","2025-26","89.1",118864,100,"",NA,"Census"
"8650","Varicella","2 Doses (or disease history)","States","Hawaii","2025-26","88.5",13791,11.7,"",NA,"Stratified 2-stage cluster sample"
"8651","Varicella","2 Doses (or disease history)","States","Idaho","2025-26","74.6",21728,100,"",NA,"Census"
"8652","Varicella","2 Doses (or disease history)","States","Illinois","2025-26","92.4",128598,99.8,"",NA,"Census"
"8653","Varicella","2 Doses (or disease history)","States","Indiana","2025-26","89.5",70886,87.1,"",NA,"Vol. response"
"8654","Varicella","2 Doses (or disease history)","States","Iowa","2025-26","88.9",37490,100,"",NA,"Census"
"8655","Varicella","2 Doses (or disease history)","States","Kansas","2025-26",NA,NA,NA,"",NA,"Stratified 2-stage cluster sample"
"8656","Varicella","2 Doses (or disease history)","States","Kentucky","2025-26","90.7",49937,100,"",NA,"Census"
"8657","Varicella","2 Doses (or disease history)","States","Louisiana","2025-26","90.0",50223,100,"",NA,"Census"
"8658","Varicella","2 Doses (or disease history)","States","Maine","2025-26","97.8",11634,94.4,"",NA,"Census"
"8659","Varicella","2 Doses (or disease history)","States","Maryland","2025-26","96.3",66945,97.8,"",NA,"Census (pub.), vol. response (prv.)"
"8660","Varicella","2 Doses (or disease history)","States","Massachusetts","2025-26","96.2",65331,100,"",NA,"Census"
"8661","Varicella","2 Doses (or disease history)","States","Michigan","2025-26","90.6",104614,100,"",NA,"Census"
"8662","Varicella","2 Doses (or disease history)","States","Minnesota","2025-26","86.2",63451,99.9,"",NA,"Census"
"8663","Varicella","2 Doses (or disease history)","States","Mississippi","2025-26","97.0",34969,100,"",NA,"Census"
"8664","Varicella","2 Doses (or disease history)","States","Missouri","2025-26","89.0",66610,100,"",NA,"Census"
"8665","Varicella","2 Doses (or disease history)","States","Nebraska","2025-26","92.8",23807,100,"",NA,"Census"
"8666","Varicella","2 Doses (or disease history)","States","Nevada","2025-26","90.3",32815,93.6,"",NA,"Census (pub.), vol. response (prv.)"
"8667","Varicella","2 Doses (or disease history)","States","New Hampshire","2025-26","88.2",11544,100,"",NA,"Census"
"8668","Varicella","2 Doses (or disease history)","States","New Jersey","2025-26","NReq",101602,92.3,"",NA,"Census"
"8669","Varicella","2 Doses (or disease history)","States","New Mexico","2025-26","94.8",19843,100,"",NA,"Census"
"8670","Varicella","2 Doses (or disease history)","States","New York","2025-26","97.4",203514,95.8,"",NA,"Census (pub.), vol. response (prv.)"
"8671","Varicella","2 Doses (or disease history)","States","NY-City of New York","2025-26","96.5",82534,98.1,"",NA,"Census"
"8672","Varicella","2 Doses (or disease history)","States","North Carolina","2025-26","93.3",120045,90.1,"",NA,"Census (pub.), vol. response (prv.)"
"8673","Varicella","2 Doses (or disease history)","States","North Dakota","2025-26","88.0",9344,98.6,"",NA,"Census"
"8674","Varicella","2 Doses (or disease history)","States","Ohio","2025-26","87.8",129087,95.9,"",NA,"Census (pub.), vol. response (prv.)"
"8675","Varicella","2 Doses (or disease history)","States","Oklahoma","2025-26","NReq",47844,90.7,"",NA,"Census (pub.), vol. response (prv.)"
"8676","Varicella","2 Doses (or disease history)","States","Oregon","2025-26","NReq",37309,100,"",NA,"Census"
"8677","Varicella","2 Doses (or disease history)","States","Pennsylvania","2025-26","92.5",134313,95.7,"",NA,"Census (pub.), vol. response (prv.)"
"8678","Varicella","2 Doses (or disease history)","States","Rhode Island","2025-26","96.5",10123,97.1,"",NA,"Census"
"8679","Varicella","2 Doses (or disease history)","States","South Carolina","2025-26","93.2",57542,26.2,"",NA,"Stratified 1-stage cluster sample"
"8680","Varicella","2 Doses (or disease history)","States","South Dakota","2025-26","88.8",11009,100,"",NA,"Census"
"8681","Varicella","2 Doses (or disease history)","States","Tennessee","2025-26","94.2",73415,97.4,"",NA,"Census"
"8682","Varicella","2 Doses (or disease history)","States","Texas","2025-26","92.9",358586,98.3,"",NA,"Census (pub.), vol. response (prv.)"
"8683","Varicella","2 Doses (or disease history)","States","TX-City of Houston","2025-26","91.8",36071,94.6,"",NA,"Census (pub.), vol. response (prv.)"
"8684","Varicella","2 Doses (or disease history)","States","Utah","2025-26","86.8",44001,100,"",NA,"Census"
"8685","Varicella","2 Doses (or disease history)","States","Vermont","2025-26","93.1",5298,100,"",NA,"Census"
"8686","Varicella","2 Doses (or disease history)","States","Virginia","2025-26","93.2",88950,95.7,"",NA,"Census"
"8687","Varicella","2 Doses (or disease history)","States","Washington","2025-26","89.6",75631,99.1,"",NA,"Census"
"8688","Varicella","2 Doses (or disease history)","States","West Virginia","2025-26","98.8",15445,93.3,"",NA,"Census"
"8689","Varicella","2 Doses (or disease history)","States","Wisconsin","2025-26","84.3",59360,96.6,"",NA,"Census (pub.), vol. response (prv.)"
"8690","Varicella","2 Doses (or disease history)","States","Wyoming","2025-26","NReq",6146,100,"",NA,"Census"
"8691","Varicella","1 Dose (or disease history)","States","Alabama","2025-26","97.6",53378,100,"",NA,"Census"
"8692","Varicella","1 Dose (or disease history)","States","Alaska","2025-26","NReq",8253,60.9,"",NA,"Vol. response (public), not conducted (private)"
"8693","Varicella","1 Dose (or disease history)","States","Arizona","2025-26","92.3",73907,92.5,"",NA,"Census (pub.), vol. response (prv.)"
"8694","Varicella","1 Dose (or disease history)","States","Arkansas","2025-26","NReq",35543,96.7,"",NA,"Census (pub.), vol. response (prv.)"
"8695","Varicella","1 Dose (or disease history)","States","California","2025-26","NReq",614405,100,"",NA,"Census"
"8696","Varicella","1 Dose (or disease history)","States","Colorado","2025-26","NReq",60049,100,"",NA,"Census"
"8697","Varicella","1 Dose (or disease history)","States","Connecticut","2025-26","NReq",33118,100,"",NA,"Census"
"8698","Varicella","1 Dose (or disease history)","States","Delaware","2025-26","NReq",10729,12.9,"",NA,"2-stage cluster sample (pub.), nonrandom 2-stage cluster sample (prv.)"
"8699","Varicella","1 Dose (or disease history)","States","District of Columbia","2025-26","NReq",7871,100,"",NA,"Census"
"8700","Varicella","1 Dose (or disease history)","States","Florida","2025-26","NReq",213535,100,"",NA,"Census"
"8701","Varicella","1 Dose (or disease history)","States","Georgia","2025-26","NReq",118864,100,"",NA,"Census"
"8702","Varicella","UTD (or disease history)","States","Hawaii","2025-26","88.5",13791,11.7,"",NA,"Stratified 2-stage cluster sample"
"8703","Varicella","UTD (or disease history)","States","Idaho","2025-26","74.6",21728,100,"",NA,"Census"
"8704","Varicella","UTD (or disease history)","States","Illinois","2025-26","92.4",128598,99.8,"",NA,"Census"
"8705","Varicella","UTD (or disease history)","States","Indiana","2025-26","89.5",70886,87.1,"",NA,"Vol. response"
"8706","Varicella","UTD (or disease history)","States","Iowa","2025-26","88.9",37490,100,"",NA,"Census"
"8707","Varicella","UTD (or disease history)","States","Kansas","2025-26",NA,NA,NA,"",NA,"Stratified 2-stage cluster sample"
"8708","Varicella","UTD (or disease history)","States","Kentucky","2025-26","90.7",49937,100,"",NA,"Census"
"8709","Varicella","UTD (or disease history)","States","Louisiana","2025-26","90.0",50223,100,"",NA,"Census"
"8710","Varicella","UTD (or disease history)","States","Maine","2025-26","97.8",11634,94.4,"",NA,"Census"
"8711","Varicella","UTD (or disease history)","States","Maryland","2025-26","96.3",66945,97.8,"",NA,"Census (pub.), vol. response (prv.)"
"8712","Varicella","UTD (or disease history)","States","Massachusetts","2025-26","96.2",65331,100,"",NA,"Census"
"8713","Varicella","UTD (or disease history)","States","Michigan","2025-26","90.6",104614,100,"",NA,"Census"
"8714","Varicella","UTD (or disease history)","States","Minnesota","2025-26","86.2",63451,99.9,"",NA,"Census"
"8715","Varicella","UTD (or disease history)","States","Mississippi","2025-26","97.0",34969,100,"",NA,"Census"
"8716","Varicella","UTD (or disease history)","States","Missouri","2025-26","89.0",66610,100,"",NA,"Census"
"8717","Varicella","UTD (or disease history)","States","Nebraska","2025-26","92.8",23807,100,"",NA,"Census"
"8718","Varicella","UTD (or disease history)","States","Nevada","2025-26","90.3",32815,93.6,"",NA,"Census (pub.), vol. response (prv.)"
"8719","Varicella","UTD (or disease history)","States","New Hampshire","2025-26","88.2",11544,100,"",NA,"Census"
"8720","Varicella","UTD (or disease history)","States","New Jersey","2025-26","92.5",101602,92.3,"",NA,"Census"
"8721","Varicella","UTD (or disease history)","States","New Mexico","2025-26","94.8",19843,100,"",NA,"Census"
"8722","Varicella","UTD (or disease history)","States","New York","2025-26","97.4",203514,95.8,"",NA,"Census (pub.), vol. response (prv.)"
"8723","Varicella","UTD (or disease history)","States","NY-City of New York","2025-26","96.5",82534,98.1,"",NA,"Census"
"8724","Varicella","UTD (or disease history)","States","North Carolina","2025-26","93.3",120045,90.1,"",NA,"Census (pub.), vol. response (prv.)"
"8725","Varicella","UTD (or disease history)","States","North Dakota","2025-26","88.0",9344,98.6,"",NA,"Census"
"8726","Varicella","UTD (or disease history)","States","Ohio","2025-26","87.8",129087,95.9,"",NA,"Census (pub.), vol. response (prv.)"
"8727","Varicella","UTD (or disease history)","States","Oklahoma","2025-26","92.9",47844,90.7,"",NA,"Census (pub.), vol. response (prv.)"
"8728","Varicella","UTD (or disease history)","States","Oregon","2025-26","92.9",37309,100,"",NA,"Census"
"8729","Varicella","UTD (or disease history)","States","Pennsylvania","2025-26","92.5",134313,95.7,"",NA,"Census (pub.), vol. response (prv.)"
"8730","Varicella","UTD (or disease history)","States","Rhode Island","2025-26","96.5",10123,97.1,"",NA,"Census"
"8731","Varicella","UTD (or disease history)","States","South Carolina","2025-26","93.2",57542,26.2,"",NA,"Stratified 1-stage cluster sample"
"8732","Varicella","UTD (or disease history)","States","South Dakota","2025-26","88.8",11009,100,"",NA,"Census"
"8733","Varicella","UTD (or disease history)","States","Tennessee","2025-26","94.2",73415,97.4,"",NA,"Census"
"8734","Varicella","UTD (or disease history)","States","Texas","2025-26","92.9",358586,98.3,"",NA,"Census (pub.), vol. response (prv.)"
"8735","Varicella","UTD (or disease history)","States","TX-City of Houston","2025-26","91.8",36071,94.6,"",NA,"Census (pub.), vol. response (prv.)"
"8736","Varicella","UTD (or disease history)","States","Utah","2025-26","86.8",44001,100,"",NA,"Census"
"8737","Varicella","UTD (or disease history)","States","Vermont","2025-26","93.1",5298,100,"",NA,"Census"
"8738","Varicella","UTD (or disease history)","States","Virginia","2025-26","93.2",88950,95.7,"",NA,"Census"
"8739","Varicella","UTD (or disease history)","States","Washington","2025-26","89.6",75631,99.1,"",NA,"Census"
"8740","Varicella","UTD (or disease history)","States","West Virginia","2025-26","98.8",15445,93.3,"",NA,"Census"
"8741","Varicella","UTD (or disease history)","States","Wisconsin","2025-26","84.3",59360,96.6,"",NA,"Census (pub.), vol. response (prv.)"
"8742","Varicella","UTD (or disease history)","States","Wyoming","2025-26","92.6",6146,100,"",NA,"Census"
"8743","Varicella","UTD (or disease history)","States","Alabama","2025-26","97.6",53378,100,"",NA,"Census"
"8744","Varicella","UTD (or disease history)","States","Alaska","2025-26","87.9",8253,60.9,"",NA,"Vol. response (public), not conducted (private)"
"8745","Varicella","UTD (or disease history)","States","Arizona","2025-26","92.3",73907,92.5,"",NA,"Census (pub.), vol. response (prv.)"
"8746","Varicella","UTD (or disease history)","States","Arkansas","2025-26","91.1",35543,96.7,"",NA,"Census (pub.), vol. response (prv.)"
"8747","Varicella","UTD (or disease history)","States","California","2025-26","95.4",614405,100,"",NA,"Census"
"8748","Varicella","UTD (or disease history)","States","Colorado","2025-26","86.7",60049,100,"",NA,"Census"
"8749","Varicella","UTD (or disease history)","States","Connecticut","2025-26","98.4",33118,100,"",NA,"Census"
"8750","Varicella","UTD (or disease history)","States","Delaware","2025-26","92.9",10729,12.9,"",NA,"2-stage cluster sample (pub.), nonrandom 2-stage cluster sample (prv.)"
"8751","Varicella","UTD (or disease history)","States","District of Columbia","2025-26","93.9",7871,100,"",NA,"Census"
"8752","Varicella","UTD (or disease history)","States","Florida","2025-26","88.9",213535,100,"",NA,"Census"
"8753","Varicella","UTD (or disease history)","States","Georgia","2025-26","89.1",118864,100,"",NA,"Census"
